{"type":"FeatureCollection","features":[{"type":"Feature","id":"01","properties":{"regionId":"01","name":"Northland Region","labelPoint":{"longitude":173.74087,"latitude":-35.34146},"sourceField":"REGC_code","sourceNameField":"REGC_name"},"geometry":{"type":"Polygon","coordinates":[[[173.12963,-34.21388],[173.14448,-34.22031],[173.15748,-34.22715],[173.17167,-34.23595],[173.18518,-34.24181],[173.197,-34.24865],[173.2112,-34.25787],[173.22422,-34.26765],[173.23843,-34.27995],[173.25029,-34.29211],[173.26164,-34.30539],[173.26843,-34.31574],[173.27795,-34.3314],[173.2851,-34.34693],[173.2904,-34.36219],[173.29469,-34.37787],[173.29712,-34.39356],[173.29786,-34.40925],[173.29791,-34.42102],[173.29645,-34.43531],[173.29363,-34.44961],[173.28645,-34.4736],[173.27957,-34.48833],[173.27117,-34.50405],[173.26005,-34.51977],[173.24956,-34.53234],[173.2464,-34.54832],[173.24208,-34.56256],[173.24255,-34.56452],[173.24587,-34.56669],[173.36075,-34.56776],[173.38923,-34.5706],[173.40466,-34.57335],[173.43365,-34.57533],[173.44908,-34.57765],[173.47556,-34.58398],[173.48982,-34.58826],[173.51124,-34.59657],[173.53149,-34.6067],[173.55943,-34.62478],[173.57086,-34.63397],[173.59052,-34.65306],[173.60269,-34.66813],[173.62079,-34.68107],[173.64114,-34.69861],[173.66273,-34.72048],[173.69504,-34.74243],[173.71101,-34.7433],[173.72598,-34.74516],[173.7527,-34.75044],[173.76612,-34.75035],[173.79876,-34.75263],[173.8386,-34.76003],[173.87562,-34.77206],[173.89291,-34.76897],[173.92991,-34.76585],[173.9537,-34.7662],[173.97991,-34.7689],[173.9995,-34.77264],[174.0169,-34.77724],[174.0336,-34.78058],[174.05921,-34.78818],[174.07237,-34.79296],[174.0864,-34.7994],[174.11709,-34.81577],[174.14531,-34.83664],[174.15861,-34.84968],[174.16901,-34.86092],[174.18552,-34.88177],[174.19532,-34.89835],[174.20519,-34.91787],[174.21146,-34.93646],[174.21331,-34.94485],[174.22604,-34.952],[174.23207,-34.95628],[174.35334,-34.96306],[174.38543,-34.96699],[174.41617,-34.97256],[174.44451,-34.98177],[174.4719,-34.99419],[174.49683,-35.00916],[174.5177,-35.02519],[174.53546,-35.04238],[174.54526,-35.05386],[174.5544,-35.06612],[174.56283,-35.07992],[174.57234,-35.09942],[174.57823,-35.11583],[174.58379,-35.14145],[174.58521,-35.15619],[174.58516,-35.17247],[174.58657,-35.19238],[174.58574,-35.21041],[174.59503,-35.22341],[174.60288,-35.2371],[174.61459,-35.25441],[174.6217,-35.26729],[174.64707,-35.25769],[174.67339,-35.25054],[174.70011,-35.24602],[174.7262,-35.24386],[174.75413,-35.24418],[174.78006,-35.24672],[174.80854,-35.25236],[174.8373,-35.26113],[174.86243,-35.27186],[174.88599,-35.28497],[174.90455,-35.29783],[174.92629,-35.31687],[174.94159,-35.33253],[174.95692,-35.3519],[174.96819,-35.37017],[174.97658,-35.38826],[174.98104,-35.40082],[174.98679,-35.42502],[174.98873,-35.44521],[174.99128,-35.45774],[174.99333,-35.47691],[174.99348,-35.49207],[174.99222,-35.50558],[174.98929,-35.52247],[174.98626,-35.53379],[174.9805,-35.54968],[174.97257,-35.56639],[174.9681,-35.59042],[174.96242,-35.6082],[174.9574,-35.62001],[174.94746,-35.63842],[174.9421,-35.64678],[174.9304,-35.66212],[174.91702,-35.67653],[174.89786,-35.69335],[174.88573,-35.70217],[174.91138,-35.71328],[174.91362,-35.73316],[174.91295,-35.77555],[174.91114,-35.79661],[174.90732,-35.81895],[174.90274,-35.8366],[174.89563,-35.85899],[174.88878,-35.87618],[174.88068,-35.89299],[174.87128,-35.90952],[174.86191,-35.92378],[174.82979,-35.96605],[174.80816,-35.98672],[174.78256,-36.00708],[174.61678,-36.1175],[174.60591,-36.12162],[174.60687,-36.12281],[174.60447,-36.12709],[174.60686,-36.13025],[174.6068,-36.13278],[174.60085,-36.13323],[174.6017,-36.13671],[174.59905,-36.13848],[174.59856,-36.14028],[174.59372,-36.14181],[174.58838,-36.14053],[174.58568,-36.14212],[174.58409,-36.14418],[174.58258,-36.14811],[174.58396,-36.1559],[174.58672,-36.15768],[174.58513,-36.16081],[174.58267,-36.1622],[174.58285,-36.16437],[174.58019,-36.16703],[174.57115,-36.16615],[174.57029,-36.1719],[174.56564,-36.17131],[174.56576,-36.17411],[174.5641,-36.17384],[174.56283,-36.17909],[174.55795,-36.17852],[174.55618,-36.17755],[174.55185,-36.17743],[174.54802,-36.18021],[174.54585,-36.17948],[174.5397,-36.18282],[174.53457,-36.18351],[174.53124,-36.18692],[174.53031,-36.18961],[174.52665,-36.19183],[174.52629,-36.19346],[174.5223,-36.19722],[174.52316,-36.20151],[174.52452,-36.20278],[174.5232,-36.20471],[174.5254,-36.20783],[174.523,-36.21008],[174.52113,-36.21092],[174.51851,-36.21048],[174.50636,-36.21965],[174.50243,-36.2206],[174.49845,-36.22432],[174.4895,-36.22414],[174.48853,-36.22295],[174.48579,-36.22578],[174.48592,-36.22895],[174.48508,-36.2296],[174.48354,-36.2302],[174.48317,-36.22803],[174.481,-36.2281],[174.4783,-36.22952],[174.47257,-36.23717],[174.47233,-36.23966],[174.47361,-36.24398],[174.4732,-36.24917],[174.4697,-36.25778],[174.46772,-36.26009],[174.46428,-36.26109],[174.46079,-36.26031],[174.45788,-36.25798],[174.45648,-36.25335],[174.45383,-36.25328],[174.44875,-36.25836],[174.43962,-36.26494],[174.43659,-36.26626],[174.42942,-36.26758],[174.42656,-36.27278],[174.41198,-36.27767],[174.40841,-36.28145],[174.40357,-36.28882],[174.39899,-36.29256],[174.39232,-36.29534],[174.37766,-36.29704],[174.37181,-36.29902],[174.36437,-36.30452],[174.36065,-36.31181],[174.35766,-36.31511],[174.3511,-36.31783],[174.34242,-36.31982],[174.33405,-36.31936],[174.32395,-36.31513],[174.32188,-36.31526],[174.31499,-36.31805],[174.31184,-36.31764],[174.30711,-36.31438],[174.30085,-36.30538],[174.29368,-36.30181],[174.2706,-36.29806],[174.24839,-36.2956],[174.2427,-36.29526],[174.23912,-36.29626],[174.23707,-36.29798],[174.23505,-36.30139],[174.21486,-36.34554],[174.20187,-36.38541],[174.19535,-36.39881],[174.19307,-36.40157],[174.18442,-36.40671],[174.15842,-36.41792],[174.12296,-36.43514],[173.89663,-36.55851],[173.87097,-36.53965],[173.85272,-36.52388],[173.84052,-36.51155],[173.83014,-36.49948],[173.82469,-36.49261],[173.81547,-36.47828],[173.79841,-36.44732],[173.78867,-36.42321],[173.78563,-36.41266],[173.78276,-36.39846],[173.78098,-36.38245],[173.78065,-36.37121],[173.7748,-36.35118],[173.76251,-36.33322],[173.75407,-36.3172],[173.72556,-36.28119],[173.71935,-36.27162],[173.70568,-36.25817],[173.6924,-36.24178],[173.67993,-36.22904],[173.67108,-36.21848],[173.66222,-36.206],[173.6466,-36.18861],[173.63895,-36.17826],[173.62335,-36.16284],[173.61011,-36.14639],[173.59019,-36.12638],[173.57443,-36.10556],[173.55842,-36.08626],[173.54502,-36.07334],[173.52283,-36.04873],[173.50479,-36.03268],[173.49845,-36.02603],[173.47041,-35.99227],[173.46141,-35.98034],[173.4434,-35.96345],[173.42836,-35.94547],[173.42009,-35.93741],[173.40889,-35.92431],[173.39336,-35.91335],[173.37032,-35.89417],[173.34681,-35.87183],[173.33952,-35.86359],[173.32771,-35.8479],[173.31582,-35.82692],[173.30136,-35.81275],[173.28951,-35.79863],[173.26724,-35.78335],[173.24767,-35.76632],[173.23944,-35.75769],[173.22568,-35.74104],[173.21799,-35.72954],[173.20809,-35.7117],[173.18448,-35.69101],[173.16688,-35.67139],[173.15486,-35.6545],[173.14907,-35.64468],[173.1394,-35.62717],[173.13311,-35.61347],[173.11796,-35.59715],[173.10734,-35.58318],[173.08346,-35.5604],[173.06977,-35.54626],[173.06427,-35.53941],[173.04935,-35.52824],[173.03224,-35.51269],[173.0183,-35.49698],[173.0025,-35.47721],[172.99145,-35.46525],[172.97629,-35.44498],[172.96484,-35.43285],[172.95278,-35.41786],[172.93894,-35.39567],[172.93408,-35.38528],[172.91778,-35.36995],[172.90246,-35.35146],[172.88158,-35.33612],[172.86914,-35.32493],[172.85697,-35.31217],[172.84133,-35.29194],[172.83226,-35.27716],[172.82423,-35.26031],[172.81981,-35.24874],[172.81486,-35.23105],[172.81023,-35.20368],[172.80974,-35.19442],[172.81033,-35.16692],[172.8138,-35.14631],[172.81742,-35.1327],[172.82224,-35.1184],[172.82825,-35.10466],[172.84265,-35.07719],[172.85052,-35.06542],[172.86642,-35.04594],[172.87531,-35.03669],[172.89102,-35.0224],[172.88439,-35.01258],[172.87724,-35.00527],[172.83372,-34.95304],[172.78041,-34.89474],[172.7738,-34.88645],[172.77024,-34.88055],[172.74076,-34.84571],[172.72074,-34.83205],[172.70414,-34.81715],[172.68688,-34.79901],[172.67859,-34.78819],[172.67286,-34.77891],[172.65557,-34.76947],[172.64659,-34.76355],[172.63711,-34.75706],[172.61935,-34.74284],[172.60752,-34.73158],[172.59774,-34.72033],[172.58526,-34.70458],[172.58123,-34.69727],[172.56398,-34.68781],[172.54268,-34.67342],[172.5226,-34.65665],[172.51317,-34.64679],[172.49137,-34.63491],[172.47483,-34.62418],[172.44838,-34.6019],[172.43947,-34.59204],[172.42136,-34.56839],[172.41434,-34.55658],[172.40386,-34.53297],[172.39614,-34.5042],[172.39344,-34.48358],[172.39239,-34.46788],[172.39355,-34.45121],[172.39502,-34.43693],[172.39801,-34.42321],[172.40166,-34.41146],[172.40839,-34.39413],[172.4168,-34.37848],[172.42468,-34.36577],[172.44259,-34.34331],[172.45978,-34.32673],[172.47235,-34.31699],[172.48002,-34.30624],[172.50365,-34.28282],[172.51672,-34.2721],[172.53858,-34.25707],[172.56413,-34.24387],[172.59017,-34.23375],[172.61381,-34.22739],[172.64639,-34.22177],[172.6641,-34.22029],[172.69664,-34.22038],[172.73321,-34.22497],[172.75849,-34.23091],[172.78448,-34.22312],[172.82024,-34.21675],[172.83846,-34.21524],[172.8597,-34.21485],[172.88398,-34.21628],[172.89629,-34.21587],[172.90995,-34.21042],[172.92412,-34.20609],[172.95244,-34.19924],[172.98447,-34.19533],[173.01751,-34.19351],[173.05409,-34.1949],[173.06993,-34.19727],[173.10366,-34.20467],[173.12963,-34.21388]]]}},{"type":"Feature","id":"02","properties":{"regionId":"02","name":"Auckland Region","labelPoint":{"longitude":174.86739,"latitude":-36.52308},"sourceField":"REGC_code","sourceNameField":"REGC_name"},"geometry":{"type":"Polygon","coordinates":[[[175.08383,-35.69983],[175.09081,-35.70065],[175.12239,-35.69946],[175.15387,-35.70158],[175.18683,-35.70742],[175.21666,-35.71625],[175.23299,-35.72265],[175.24677,-35.72921],[175.2724,-35.74398],[175.28906,-35.75128],[175.30627,-35.76006],[175.32311,-35.77065],[175.33697,-35.78101],[175.35618,-35.79821],[175.366,-35.80895],[175.37886,-35.82524],[175.40423,-35.82386],[175.43816,-35.82529],[175.46176,-35.82863],[175.48487,-35.83377],[175.51374,-35.84307],[175.53348,-35.85153],[175.55585,-35.86357],[175.57081,-35.87347],[175.58901,-35.88799],[175.60593,-35.90428],[175.62606,-35.92819],[175.63884,-35.94759],[175.65562,-35.95587],[175.67351,-35.96679],[175.68752,-35.97699],[175.70404,-35.99101],[175.71726,-36.00465],[175.72783,-36.0176],[175.74218,-36.03979],[175.7493,-36.05382],[175.75773,-36.07755],[175.76091,-36.09127],[175.76335,-36.10971],[175.76435,-36.13323],[175.76327,-36.1495],[175.75897,-36.17299],[175.75496,-36.18568],[175.76744,-36.20461],[175.77896,-36.22798],[175.79834,-36.2291],[175.81467,-36.23105],[175.84303,-36.23662],[175.87704,-36.24685],[175.9033,-36.25828],[175.62812,-36.38503],[175.41692,-36.37989],[175.25102,-36.39972],[175.18066,-36.49998],[175.16308,-36.52393],[175.26664,-36.70384],[175.28957,-36.76811],[175.31101,-36.83838],[175.37932,-36.96263],[175.38865,-37.0219],[175.29107,-37.02404],[175.26785,-37.02744],[175.20771,-37.03006],[175.20271,-37.036],[175.20668,-37.03735],[175.20209,-37.03874],[175.19957,-37.03631],[175.19714,-37.03588],[175.19287,-37.03951],[175.18976,-37.03866],[175.18476,-37.04076],[175.18278,-37.03934],[175.18163,-37.0365],[175.17895,-37.0344],[175.17767,-37.03188],[175.1785,-37.03025],[175.17685,-37.02985],[175.17607,-37.02766],[175.17305,-37.02703],[175.16868,-37.02334],[175.1677,-37.02106],[175.16605,-37.0214],[175.16482,-37.01943],[175.165,-37.01718],[175.16388,-37.01608],[175.16078,-37.01591],[175.15994,-37.01713],[175.15626,-37.01809],[175.15434,-37.02059],[175.15209,-37.02156],[175.15157,-37.02458],[175.15359,-37.02801],[175.15563,-37.02982],[175.15495,-37.03206],[175.15543,-37.03247],[175.1531,-37.03733],[175.15476,-37.03789],[175.1536,-37.0388],[175.1535,-37.0432],[175.15561,-37.04704],[175.154,-37.04971],[175.15119,-37.05025],[175.15131,-37.05253],[175.148,-37.05356],[175.14819,-37.0548],[175.14759,-37.05488],[175.1483,-37.05687],[175.14671,-37.05828],[175.14627,-37.06024],[175.14714,-37.06235],[175.14658,-37.06323],[175.147,-37.06501],[175.14813,-37.06567],[175.1473,-37.06606],[175.14904,-37.06729],[175.14707,-37.06851],[175.14547,-37.06844],[175.14638,-37.06922],[175.14574,-37.06948],[175.14768,-37.07021],[175.14659,-37.07123],[175.15046,-37.0703],[175.14834,-37.07592],[175.14597,-37.07593],[175.14475,-37.07905],[175.14408,-37.08255],[175.14452,-37.08716],[175.1464,-37.0898],[175.14368,-37.09248],[175.14383,-37.0935],[175.14266,-37.09519],[175.14285,-37.0973],[175.14082,-37.09873],[175.1446,-37.10134],[175.1434,-37.10861],[175.14726,-37.10992],[175.14821,-37.1163],[175.14952,-37.11744],[175.14998,-37.11966],[175.1542,-37.12102],[175.154,-37.12502],[175.15235,-37.12745],[175.15329,-37.12898],[175.153,-37.1309],[175.15409,-37.13206],[175.15318,-37.13426],[175.1539,-37.13611],[175.15268,-37.13822],[175.15315,-37.13926],[175.15224,-37.14297],[175.14821,-37.14284],[175.14525,-37.14459],[175.14628,-37.15233],[175.14416,-37.16769],[175.1339,-37.16819],[175.13745,-37.16992],[175.13864,-37.17171],[175.1402,-37.17185],[175.13978,-37.17357],[175.14191,-37.17576],[175.14042,-37.17597],[175.13167,-37.18168],[175.13264,-37.18538],[175.13074,-37.18637],[175.12601,-37.18615],[175.12503,-37.18494],[175.1233,-37.18481],[175.12312,-37.18627],[175.12086,-37.18961],[175.11348,-37.18642],[175.11029,-37.18789],[175.10522,-37.18141],[175.09634,-37.18223],[175.09617,-37.17988],[175.09551,-37.17959],[175.09279,-37.18083],[175.08956,-37.17951],[175.08722,-37.18223],[175.08127,-37.18164],[175.08163,-37.18253],[175.08325,-37.18235],[175.08229,-37.18331],[175.08341,-37.18464],[175.08155,-37.18562],[175.08109,-37.18676],[175.08569,-37.18971],[175.08442,-37.19155],[175.08622,-37.19252],[175.08461,-37.19214],[175.07381,-37.19475],[175.07221,-37.19229],[175.0667,-37.1909],[175.06609,-37.18188],[175.05982,-37.1813],[175.05838,-37.18027],[175.05447,-37.18079],[175.04529,-37.18282],[175.04502,-37.18812],[175.03787,-37.18844],[175.03732,-37.19206],[175.03562,-37.19095],[175.03267,-37.19079],[175.0326,-37.18869],[175.02916,-37.18885],[175.02963,-37.19616],[175.0273,-37.19635],[175.02757,-37.1968],[175.02044,-37.19961],[175.01835,-37.1955],[175.01419,-37.19692],[175.01112,-37.20115],[175.00752,-37.20298],[175.00707,-37.20546],[175.0037,-37.20671],[175.0041,-37.20737],[174.99026,-37.21659],[174.98121,-37.20812],[174.97964,-37.20917],[174.97502,-37.20107],[174.97322,-37.19476],[174.96645,-37.19644],[174.96444,-37.19776],[174.95687,-37.19858],[174.95261,-37.19616],[174.94799,-37.19574],[174.94859,-37.19804],[174.93784,-37.19971],[174.9385,-37.20236],[174.92994,-37.20623],[174.93645,-37.21465],[174.93203,-37.21903],[174.93085,-37.22458],[174.93254,-37.225],[174.93141,-37.22677],[174.93142,-37.22893],[174.93277,-37.23163],[174.93066,-37.2323],[174.93076,-37.23311],[174.9278,-37.23294],[174.92785,-37.23115],[174.92747,-37.23228],[174.92586,-37.23198],[174.92568,-37.23038],[174.92375,-37.23124],[174.92305,-37.23427],[174.91932,-37.23658],[174.91702,-37.23388],[174.91645,-37.23083],[174.91357,-37.23204],[174.8941,-37.23189],[174.88927,-37.2333],[174.88679,-37.23063],[174.87909,-37.23462],[174.88145,-37.23698],[174.87566,-37.24065],[174.87255,-37.23833],[174.86895,-37.24499],[174.86755,-37.24526],[174.86366,-37.24385],[174.85887,-37.24543],[174.85534,-37.24423],[174.85175,-37.25083],[174.85036,-37.25117],[174.84829,-37.24964],[174.84781,-37.24706],[174.851,-37.23965],[174.84645,-37.23853],[174.84812,-37.2342],[174.84357,-37.23306],[174.84295,-37.23545],[174.82955,-37.23257],[174.82992,-37.23189],[174.82744,-37.23117],[174.8265,-37.23219],[174.82569,-37.23178],[174.8237,-37.23261],[174.81377,-37.22836],[174.81166,-37.23093],[174.80781,-37.22903],[174.80842,-37.22745],[174.80632,-37.22684],[174.80478,-37.22942],[174.80119,-37.23116],[174.80086,-37.23249],[174.79256,-37.23452],[174.79156,-37.23977],[174.78806,-37.24004],[174.78455,-37.24189],[174.77749,-37.24126],[174.77315,-37.24304],[174.76925,-37.2477],[174.75684,-37.25156],[174.75604,-37.25407],[174.74427,-37.26256],[174.74407,-37.26425],[174.73888,-37.26794],[174.73284,-37.26857],[174.73123,-37.26502],[174.73149,-37.26291],[174.72713,-37.2629],[174.72713,-37.2648],[174.72598,-37.2648],[174.72589,-37.26293],[174.72491,-37.2629],[174.72503,-37.26106],[174.72359,-37.26106],[174.72253,-37.25813],[174.71285,-37.25938],[174.70879,-37.26182],[174.6997,-37.26153],[174.68929,-37.26615],[174.68343,-37.26953],[174.68153,-37.2718],[174.67454,-37.2754],[174.66508,-37.27883],[174.663,-37.2808],[174.65819,-37.28204],[174.65774,-37.28391],[174.65915,-37.28403],[174.65999,-37.28504],[174.65975,-37.28703],[174.66172,-37.28837],[174.66102,-37.29177],[174.65923,-37.29262],[174.4256,-37.36345],[174.4158,-37.34777],[174.40733,-37.32998],[174.39427,-37.30814],[174.38889,-37.29661],[174.38524,-37.28641],[174.37845,-37.27457],[174.36145,-37.25193],[174.35658,-37.24411],[174.34831,-37.22767],[174.33925,-37.21422],[174.31454,-37.19915],[174.30134,-37.1889],[174.28775,-37.17685],[174.26955,-37.157],[174.25823,-37.14121],[174.25252,-37.13185],[174.24218,-37.11064],[174.23752,-37.09747],[174.23436,-37.08574],[174.23186,-37.07193],[174.23074,-37.06389],[174.23013,-37.04931],[174.21555,-36.99799],[174.21073,-36.98685],[174.2045,-36.96779],[174.19524,-36.94696],[174.18474,-36.91106],[174.17858,-36.89699],[174.17446,-36.8852],[174.17024,-36.86718],[174.15542,-36.84765],[174.14074,-36.82215],[174.12778,-36.80805],[174.12006,-36.79812],[174.11225,-36.78655],[174.10333,-36.77073],[174.09532,-36.75961],[174.08779,-36.74709],[174.07377,-36.73131],[174.05934,-36.71019],[174.04156,-36.694],[174.02586,-36.67587],[174.00984,-36.65971],[173.9994,-36.64698],[173.99391,-36.63899],[173.98132,-36.6269],[173.96756,-36.61055],[173.89663,-36.55851],[174.12296,-36.43514],[174.15842,-36.41792],[174.18442,-36.40671],[174.19307,-36.40157],[174.19535,-36.39881],[174.20187,-36.38541],[174.21486,-36.34554],[174.23505,-36.30139],[174.23707,-36.29798],[174.23912,-36.29626],[174.2427,-36.29526],[174.24839,-36.2956],[174.2706,-36.29806],[174.29368,-36.30181],[174.30085,-36.30538],[174.30711,-36.31438],[174.31184,-36.31764],[174.31499,-36.31805],[174.32188,-36.31526],[174.32395,-36.31513],[174.33405,-36.31936],[174.34242,-36.31982],[174.3511,-36.31783],[174.35766,-36.31511],[174.36065,-36.31181],[174.36437,-36.30452],[174.37181,-36.29902],[174.37766,-36.29704],[174.39232,-36.29534],[174.39899,-36.29256],[174.40357,-36.28882],[174.40841,-36.28145],[174.41198,-36.27767],[174.42656,-36.27278],[174.42942,-36.26758],[174.43659,-36.26626],[174.43962,-36.26494],[174.44875,-36.25836],[174.45383,-36.25328],[174.45648,-36.25335],[174.45788,-36.25798],[174.46079,-36.26031],[174.46471,-36.26107],[174.46817,-36.25977],[174.4697,-36.25778],[174.4732,-36.24917],[174.47361,-36.24398],[174.47233,-36.23966],[174.47257,-36.23717],[174.4783,-36.22952],[174.481,-36.2281],[174.48317,-36.22803],[174.48354,-36.2302],[174.48508,-36.2296],[174.48592,-36.22895],[174.48579,-36.22578],[174.48853,-36.22295],[174.4895,-36.22414],[174.49845,-36.22432],[174.50243,-36.2206],[174.50636,-36.21965],[174.51851,-36.21048],[174.52113,-36.21092],[174.523,-36.21008],[174.5254,-36.20783],[174.5232,-36.20471],[174.52452,-36.20278],[174.52316,-36.20151],[174.5223,-36.19722],[174.52629,-36.19346],[174.52665,-36.19183],[174.53031,-36.18961],[174.53124,-36.18692],[174.53457,-36.18351],[174.5397,-36.18282],[174.54585,-36.17948],[174.54802,-36.18021],[174.55185,-36.17743],[174.55618,-36.17755],[174.55795,-36.17852],[174.56283,-36.17909],[174.5641,-36.17384],[174.56576,-36.17411],[174.56564,-36.17131],[174.57029,-36.1719],[174.57115,-36.16615],[174.58019,-36.16703],[174.58285,-36.16437],[174.58267,-36.1622],[174.58513,-36.16081],[174.58672,-36.15768],[174.58396,-36.1559],[174.58258,-36.14811],[174.58409,-36.14418],[174.58568,-36.14212],[174.58838,-36.14053],[174.59372,-36.14181],[174.59856,-36.14028],[174.59905,-36.13848],[174.6017,-36.13671],[174.60085,-36.13323],[174.6068,-36.13278],[174.60686,-36.13025],[174.60447,-36.12709],[174.60687,-36.12281],[174.60591,-36.12162],[174.61678,-36.1175],[174.78256,-36.00708],[174.80816,-35.98672],[174.82979,-35.96605],[174.85745,-35.93001],[174.87274,-35.9071],[174.88726,-35.87957],[174.8983,-35.85115],[174.90732,-35.81895],[174.91209,-35.78813],[174.91315,-35.77015],[174.91366,-35.73586],[174.91319,-35.72605],[174.91138,-35.71328],[174.93202,-35.72472],[174.95293,-35.71608],[174.97157,-35.71001],[174.99462,-35.70429],[175.00737,-35.70203],[175.0391,-35.69873],[175.06692,-35.69859],[175.08383,-35.69983]]]}},{"type":"Feature","id":"03","properties":{"regionId":"03","name":"Waikato Region","labelPoint":{"longitude":175.4378,"latitude":-37.81289},"sourceField":"REGC_code","sourceNameField":"REGC_name"},"geometry":{"type":"Polygon","coordinates":[[[176.02181,-36.37127],[176.02853,-36.38773],[176.03286,-36.40276],[176.05553,-36.41155],[176.08442,-36.42651],[176.09615,-36.43395],[176.10947,-36.44375],[176.12907,-36.46102],[176.14022,-36.47288],[176.15392,-36.4909],[176.16247,-36.50443],[176.17305,-36.52677],[176.18008,-36.54882],[176.18785,-36.56838],[176.19177,-36.58285],[176.19606,-36.60698],[176.19745,-36.62794],[176.19519,-36.65461],[176.18958,-36.67784],[176.18105,-36.69949],[176.16815,-36.7223],[176.16628,-36.73116],[176.18477,-36.73743],[176.20027,-36.74378],[176.22674,-36.75738],[176.24989,-36.77304],[176.2956,-36.81054],[176.31388,-36.82991],[176.32307,-36.84201],[176.33169,-36.85515],[176.34009,-36.87121],[176.34868,-36.89363],[176.12931,-37.16058],[175.94039,-37.37337],[175.93717,-37.37467],[175.93364,-37.37422],[175.93078,-37.37479],[175.93047,-37.37595],[175.92895,-37.3761],[175.92283,-37.37419],[175.92286,-37.37602],[175.92169,-37.37524],[175.9166,-37.37931],[175.91839,-37.37995],[175.91691,-37.38147],[175.91843,-37.38273],[175.92144,-37.3813],[175.92605,-37.38335],[175.92585,-37.38649],[175.921,-37.38692],[175.92203,-37.39203],[175.91976,-37.39205],[175.9168,-37.3986],[175.91669,-37.40036],[175.91779,-37.40075],[175.91719,-37.40281],[175.91878,-37.40389],[175.92379,-37.40365],[175.92454,-37.40442],[175.91959,-37.40489],[175.90517,-37.40409],[175.90393,-37.40568],[175.90419,-37.41006],[175.90637,-37.40998],[175.90673,-37.41624],[175.90567,-37.41637],[175.90888,-37.41974],[175.90799,-37.4202],[175.90834,-37.42258],[175.90999,-37.42331],[175.91116,-37.42292],[175.91349,-37.42559],[175.91008,-37.43032],[175.89084,-37.44369],[175.88244,-37.44004],[175.87755,-37.44319],[175.87884,-37.44608],[175.87729,-37.44943],[175.8775,-37.45107],[175.87537,-37.44955],[175.86086,-37.4611],[175.87204,-37.47348],[175.88056,-37.4695],[175.89265,-37.48253],[175.89337,-37.48467],[175.89608,-37.48667],[175.89737,-37.48863],[175.89929,-37.49568],[175.87071,-37.49555],[175.87067,-37.50053],[175.86562,-37.50036],[175.85762,-37.49727],[175.85546,-37.49494],[175.84365,-37.48699],[175.83278,-37.4716],[175.81353,-37.48491],[175.81674,-37.48873],[175.81795,-37.49267],[175.81688,-37.49554],[175.80852,-37.50106],[175.80684,-37.5042],[175.80602,-37.5107],[175.80666,-37.5123],[175.80913,-37.5137],[175.82024,-37.51448],[175.82325,-37.51585],[175.82434,-37.51767],[175.8246,-37.52059],[175.82373,-37.52681],[175.829,-37.53179],[175.83104,-37.53684],[175.82917,-37.54199],[175.82655,-37.54572],[175.81495,-37.55307],[175.81289,-37.55524],[175.81135,-37.56035],[175.81172,-37.56427],[175.82167,-37.57157],[175.82304,-37.58264],[175.83281,-37.59764],[175.83464,-37.59823],[175.83444,-37.60008],[175.83563,-37.60173],[175.8356,-37.6035],[175.83688,-37.60463],[175.83716,-37.60657],[175.83886,-37.60752],[175.83917,-37.60968],[175.84004,-37.61003],[175.84041,-37.61146],[175.84009,-37.61236],[175.84148,-37.61331],[175.83983,-37.61827],[175.84082,-37.62058],[175.83671,-37.62276],[175.83539,-37.62494],[175.83582,-37.62668],[175.83359,-37.62749],[175.83706,-37.63222],[175.83746,-37.63537],[175.84006,-37.63654],[175.84148,-37.63876],[175.8408,-37.64193],[175.84317,-37.64319],[175.84514,-37.64694],[175.84451,-37.64859],[175.84812,-37.65188],[175.85206,-37.66205],[175.85631,-37.66277],[175.86524,-37.66811],[175.86481,-37.67217],[175.87086,-37.67755],[175.87214,-37.68631],[175.87456,-37.69242],[175.87642,-37.69316],[175.8795,-37.69931],[175.88974,-37.70115],[175.89052,-37.70261],[175.88965,-37.704],[175.88991,-37.70919],[175.89214,-37.71121],[175.89683,-37.71181],[175.898,-37.71423],[175.89573,-37.7167],[175.9002,-37.71837],[175.89812,-37.71937],[175.89784,-37.72127],[175.89956,-37.72216],[175.89521,-37.72422],[175.92758,-37.77616],[175.90587,-37.82855],[175.93501,-37.84264],[175.92813,-37.84718],[175.92785,-37.85208],[175.93064,-37.85645],[175.93186,-37.8616],[175.93991,-37.86801],[175.9365,-37.87007],[175.93786,-37.87371],[175.93625,-37.88136],[175.93811,-37.88262],[175.93958,-37.88264],[175.9427,-37.88059],[175.94298,-37.87908],[175.9478,-37.87881],[175.94875,-37.8801],[175.95109,-37.88025],[175.95346,-37.88318],[175.96093,-37.8894],[175.96765,-37.8833],[175.97183,-37.88285],[175.95424,-37.90191],[175.95804,-37.90575],[175.97719,-37.91367],[175.94923,-37.92181],[175.94665,-37.92291],[175.9414,-37.92782],[175.94094,-37.93028],[175.94225,-37.93555],[175.94943,-37.95674],[175.95328,-37.96276],[175.95928,-37.96751],[175.96098,-37.96778],[175.96377,-37.96569],[175.96526,-37.96555],[175.96802,-37.967],[175.9711,-37.97015],[175.97263,-37.97448],[175.97088,-37.97892],[175.97013,-37.98352],[175.97028,-37.98504],[175.97148,-37.98641],[175.98336,-37.98897],[176.00583,-37.99131],[176.01318,-37.99347],[176.02296,-37.99891],[176.03279,-38.00831],[176.0545,-38.01939],[176.05758,-38.0216],[176.06225,-38.02682],[176.05503,-38.03991],[176.06786,-38.04492],[176.0756,-38.04956],[176.0765,-38.0892],[176.06854,-38.08612],[176.06999,-38.08807],[176.06625,-38.08956],[176.06839,-38.09216],[176.06693,-38.09283],[176.06549,-38.09201],[176.06484,-38.09239],[176.06632,-38.09398],[176.06347,-38.0953],[176.06927,-38.10322],[176.07525,-38.10046],[176.07622,-38.10158],[176.07579,-38.12149],[176.07984,-38.12151],[176.078,-38.12879],[176.07943,-38.13407],[176.07892,-38.13642],[176.07943,-38.13952],[176.08122,-38.14207],[176.08161,-38.14586],[176.08294,-38.14899],[176.08239,-38.15214],[176.08651,-38.15957],[176.08872,-38.16159],[176.08836,-38.16297],[176.09004,-38.16696],[176.11011,-38.16686],[176.15033,-38.21819],[176.16682,-38.20403],[176.19048,-38.19587],[176.19454,-38.20837],[176.20103,-38.20791],[176.20432,-38.20535],[176.20927,-38.21943],[176.21194,-38.21836],[176.21613,-38.21929],[176.21831,-38.22659],[176.21726,-38.22779],[176.22411,-38.22733],[176.2241,-38.22895],[176.22074,-38.23052],[176.21924,-38.23349],[176.21943,-38.23527],[176.2217,-38.23795],[176.22415,-38.23752],[176.2322,-38.23913],[176.23556,-38.23767],[176.24648,-38.23021],[176.24996,-38.22959],[176.25494,-38.226],[176.25215,-38.21906],[176.25524,-38.21947],[176.25518,-38.21862],[176.257,-38.21852],[176.25842,-38.21922],[176.26049,-38.21713],[176.26481,-38.21476],[176.27143,-38.21468],[176.28107,-38.21891],[176.28407,-38.22177],[176.28874,-38.2238],[176.29243,-38.22702],[176.29694,-38.22869],[176.29861,-38.23378],[176.3021,-38.23934],[176.31669,-38.24859],[176.31794,-38.25059],[176.32037,-38.26037],[176.32319,-38.26129],[176.33065,-38.26026],[176.33215,-38.26222],[176.331,-38.2661],[176.33138,-38.26764],[176.3364,-38.27371],[176.34061,-38.28095],[176.344,-38.28104],[176.34624,-38.28209],[176.34816,-38.28658],[176.35095,-38.28784],[176.352,-38.2898],[176.35588,-38.29154],[176.35684,-38.29274],[176.35706,-38.29525],[176.37188,-38.30653],[176.37498,-38.30807],[176.38058,-38.31529],[176.38644,-38.3174],[176.39062,-38.32305],[176.39408,-38.32432],[176.40084,-38.32446],[176.40389,-38.32621],[176.40779,-38.32613],[176.41062,-38.3251],[176.41674,-38.32088],[176.42427,-38.31783],[176.42914,-38.31342],[176.43503,-38.31452],[176.44034,-38.31338],[176.44057,-38.31557],[176.44461,-38.31725],[176.4403,-38.32031],[176.44807,-38.32717],[176.44992,-38.33052],[176.45184,-38.34422],[176.44611,-38.35086],[176.44698,-38.35652],[176.45546,-38.35687],[176.46876,-38.35896],[176.474,-38.36897],[176.50532,-38.40221],[176.49994,-38.43247],[176.47479,-38.51594],[176.47751,-38.52808],[176.4762,-38.53395],[176.4772,-38.53792],[176.47521,-38.54438],[176.47365,-38.54592],[176.4637,-38.55022],[176.45746,-38.55492],[176.45098,-38.56166],[176.25511,-38.80818],[176.25838,-38.88999],[176.25295,-38.89179],[176.25059,-38.89173],[176.24961,-38.89453],[176.24572,-38.89663],[176.24535,-38.89732],[176.24711,-38.89935],[176.24818,-38.90789],[176.24592,-38.91257],[176.24618,-38.91376],[176.24265,-38.91724],[176.24286,-38.92025],[176.2523,-38.91951],[176.25138,-38.92407],[176.25756,-38.94788],[176.24766,-38.95507],[176.24366,-38.96071],[176.23998,-38.96318],[176.23931,-38.96486],[176.23147,-38.97361],[176.22835,-38.97575],[176.22308,-38.97725],[176.21946,-38.97985],[176.21721,-38.98434],[176.21143,-38.99075],[176.20864,-38.99174],[176.20348,-38.99203],[176.19691,-38.995],[176.18362,-39.00461],[176.1747,-39.01274],[176.17101,-39.01744],[176.17156,-39.02238],[176.17071,-39.02464],[176.16557,-39.02633],[176.15848,-39.03002],[176.14755,-39.03767],[176.14565,-39.03998],[176.14354,-39.04631],[176.14367,-39.0497],[176.14462,-39.05102],[176.15257,-39.05574],[176.16051,-39.05541],[176.17125,-39.05761],[176.17845,-39.06632],[176.17914,-39.06808],[176.17275,-39.07849],[176.11391,-39.09413],[176.11366,-39.09114],[176.10976,-39.09388],[176.10993,-39.09793],[176.10652,-39.10107],[176.10361,-39.10204],[176.10069,-39.10198],[176.10123,-39.10354],[176.09941,-39.10604],[176.09561,-39.10693],[176.09561,-39.10893],[176.09317,-39.11127],[176.0925,-39.11366],[176.09641,-39.11957],[176.09434,-39.12133],[176.09379,-39.1247],[176.09079,-39.12855],[176.08798,-39.12967],[176.08388,-39.12934],[176.08055,-39.12649],[176.07212,-39.12433],[176.06876,-39.12257],[176.06326,-39.11791],[176.06208,-39.11398],[176.0629,-39.11087],[176.0581,-39.1091],[176.05436,-39.10576],[176.04912,-39.10346],[176.04369,-39.10286],[176.04343,-39.1006],[176.04012,-39.09886],[176.03566,-39.09825],[176.03246,-39.09951],[176.03197,-39.09234],[176.03556,-39.08996],[176.03666,-39.08637],[176.03595,-39.08464],[176.03238,-39.08222],[176.03137,-39.07821],[176.02598,-39.08255],[176.02307,-39.08288],[176.02029,-39.08621],[176.01745,-39.08745],[176.01595,-39.09027],[176.01282,-39.09175],[176.01266,-39.09501],[176.01154,-39.09727],[176.00755,-39.0991],[176.00466,-39.10222],[176.00478,-39.10361],[176.00729,-39.10656],[176.00757,-39.10841],[176.00494,-39.11072],[176.00398,-39.11294],[176.00114,-39.11426],[175.9983,-39.11359],[175.99226,-39.11443],[175.9888,-39.11593],[175.98863,-39.11941],[175.98237,-39.12666],[175.98412,-39.13413],[175.98129,-39.1355],[175.97929,-39.14141],[175.97531,-39.14812],[175.97599,-39.14996],[175.97446,-39.15157],[175.97343,-39.1548],[175.97162,-39.1577],[175.96403,-39.15953],[175.96385,-39.16242],[175.96765,-39.17043],[175.96637,-39.17228],[175.96639,-39.17429],[175.96437,-39.1798],[175.96161,-39.18158],[175.95969,-39.18416],[175.95401,-39.18707],[175.95005,-39.18795],[175.94641,-39.18695],[175.93347,-39.18768],[175.92908,-39.18899],[175.92126,-39.18973],[175.9189,-39.191],[175.91854,-39.19463],[175.91949,-39.19643],[175.91946,-39.19872],[175.91651,-39.1981],[175.91057,-39.1985],[175.90347,-39.19993],[175.90211,-39.20039],[175.90062,-39.2028],[175.89838,-39.2041],[175.88597,-39.2059],[175.8882,-39.21142],[175.89194,-39.21276],[175.89288,-39.21383],[175.89363,-39.22135],[175.89267,-39.22364],[175.88637,-39.22713],[175.88559,-39.22933],[175.88021,-39.23245],[175.87831,-39.23526],[175.87259,-39.2391],[175.85847,-39.24442],[175.85511,-39.24386],[175.85467,-39.2444],[175.8566,-39.25199],[175.86602,-39.25667],[175.86899,-39.2591],[175.86809,-39.26303],[175.86272,-39.26648],[175.84256,-39.27072],[175.83854,-39.27361],[175.83595,-39.27676],[175.83346,-39.28332],[175.8292,-39.28751],[175.82862,-39.28901],[175.82445,-39.2912],[175.81637,-39.29857],[175.81257,-39.30033],[175.79089,-39.29976],[175.78358,-39.29428],[175.7801,-39.29338],[175.76963,-39.295],[175.76533,-39.29144],[175.75185,-39.28788],[175.741,-39.29264],[175.74087,-39.29742],[175.70481,-39.28832],[175.66921,-39.29693],[175.55785,-39.276],[175.63466,-39.15836],[175.6372,-39.12914],[175.64279,-39.10431],[175.64625,-39.10266],[175.64675,-39.10078],[175.64782,-39.10008],[175.64558,-39.10013],[175.64211,-39.09666],[175.63991,-39.09738],[175.63783,-39.09305],[175.63744,-39.09012],[175.63538,-39.08866],[175.63239,-39.08886],[175.63121,-39.08727],[175.62931,-39.08757],[175.62596,-39.08582],[175.62413,-39.08726],[175.62201,-39.08698],[175.61875,-39.0826],[175.61715,-39.07492],[175.62067,-39.06828],[175.62143,-39.06417],[175.62354,-39.06379],[175.62321,-39.06308],[175.62471,-39.06155],[175.62465,-39.05991],[175.61838,-39.05791],[175.61495,-39.05509],[175.61356,-39.05064],[175.61821,-39.04845],[175.63176,-39.04557],[175.63123,-39.04888],[175.63577,-39.04532],[175.64079,-39.03983],[175.6423,-39.03589],[175.64804,-39.02792],[175.64765,-39.01873],[175.64862,-39.0164],[175.64805,-39.01441],[175.67249,-38.99085],[175.68201,-38.97971],[175.64123,-38.98029],[175.62689,-38.97401],[175.60628,-38.98182],[175.56263,-38.98683],[175.56555,-38.97732],[175.56504,-38.97251],[175.56728,-38.97192],[175.56856,-38.96998],[175.56942,-38.97014],[175.56753,-38.96869],[175.56077,-38.97269],[175.5593,-38.97068],[175.55388,-38.95572],[175.55563,-38.95367],[175.5576,-38.94896],[175.56029,-38.94598],[175.56492,-38.93849],[175.56595,-38.93577],[175.56533,-38.93208],[175.56605,-38.92992],[175.57019,-38.92381],[175.57612,-38.91847],[175.58006,-38.91235],[175.57997,-38.91068],[175.5771,-38.90648],[175.56128,-38.89242],[175.56068,-38.8842],[175.55524,-38.87717],[175.54914,-38.87272],[175.54471,-38.86454],[175.54644,-38.85987],[175.56039,-38.84341],[175.56151,-38.83861],[175.56613,-38.83627],[175.56979,-38.83296],[175.57702,-38.8309],[175.5776,-38.82724],[175.57719,-38.82317],[175.57462,-38.8163],[175.56365,-38.80373],[175.55547,-38.79024],[175.55343,-38.78935],[175.54867,-38.79232],[175.54165,-38.79511],[175.54022,-38.79069],[175.53959,-38.78421],[175.53747,-38.77906],[175.53518,-38.77639],[175.53059,-38.77494],[175.52776,-38.77006],[175.52693,-38.7634],[175.52476,-38.76134],[175.51987,-38.75885],[175.51835,-38.75329],[175.51845,-38.75111],[175.51952,-38.75006],[175.5237,-38.7498],[175.52359,-38.74595],[175.52936,-38.7436],[175.5323,-38.73958],[175.53447,-38.73473],[175.53782,-38.73072],[175.54851,-38.71866],[175.55242,-38.7162],[175.55438,-38.71392],[175.5555,-38.7112],[175.55808,-38.70904],[175.55791,-38.70718],[175.56311,-38.70117],[175.56355,-38.69768],[175.56496,-38.69542],[175.56811,-38.69448],[175.57312,-38.69039],[175.57465,-38.68716],[175.57958,-38.68181],[175.58074,-38.67758],[175.57862,-38.67669],[175.57844,-38.67536],[175.57722,-38.67431],[175.57582,-38.6745],[175.57536,-38.67243],[175.57742,-38.67002],[175.57871,-38.66547],[175.57672,-38.663],[175.57856,-38.65991],[175.57775,-38.65592],[175.57929,-38.65265],[175.57593,-38.64985],[175.57829,-38.64706],[175.58226,-38.646],[175.58592,-38.64167],[175.59001,-38.64025],[175.59233,-38.63742],[175.60034,-38.63412],[175.61466,-38.61814],[175.61909,-38.61195],[175.62169,-38.60673],[175.62853,-38.60071],[175.62886,-38.59541],[175.63252,-38.59162],[175.63268,-38.57947],[175.63443,-38.57543],[175.63386,-38.57294],[175.63488,-38.56986],[175.63375,-38.56609],[175.6368,-38.56449],[175.63555,-38.55778],[175.63699,-38.55526],[175.63694,-38.55246],[175.62878,-38.55117],[175.62537,-38.54515],[175.62615,-38.54091],[175.61219,-38.48761],[175.56549,-38.49453],[175.53824,-38.47033],[175.54208,-38.48058],[175.51859,-38.47932],[175.51019,-38.4813],[175.49466,-38.48105],[175.48452,-38.48403],[175.48286,-38.48284],[175.48334,-38.47989],[175.4814,-38.47884],[175.47592,-38.48053],[175.46907,-38.48503],[175.45964,-38.48435],[175.45725,-38.48632],[175.45277,-38.48648],[175.44834,-38.48773],[175.44545,-38.49032],[175.43886,-38.49283],[175.43915,-38.4942],[175.44377,-38.49508],[175.44433,-38.49693],[175.44308,-38.49886],[175.44029,-38.50055],[175.43322,-38.50169],[175.42645,-38.50598],[175.42278,-38.51146],[175.4161,-38.51319],[175.41523,-38.5156],[175.41788,-38.52187],[175.41625,-38.52665],[175.40811,-38.53381],[175.40105,-38.53704],[175.39516,-38.54322],[175.39339,-38.54334],[175.38578,-38.54092],[175.38347,-38.54177],[175.38156,-38.56082],[175.3803,-38.56236],[175.37779,-38.57266],[175.33553,-38.58152],[175.33175,-38.57027],[175.33541,-38.56952],[175.33612,-38.56717],[175.33222,-38.56339],[175.33468,-38.55932],[175.32987,-38.55637],[175.32916,-38.55427],[175.32639,-38.5543],[175.3247,-38.55139],[175.31776,-38.55604],[175.30299,-38.57146],[175.30087,-38.58874],[175.30638,-38.59536],[175.3019,-38.59919],[175.30017,-38.60057],[175.28513,-38.58799],[175.26532,-38.61372],[175.26511,-38.61303],[175.26224,-38.61223],[175.26022,-38.61333],[175.2589,-38.61256],[175.25626,-38.61325],[175.2559,-38.61522],[175.2544,-38.61656],[175.25353,-38.61487],[175.25185,-38.61418],[175.24849,-38.61537],[175.24351,-38.61973],[175.24044,-38.62404],[175.23643,-38.62535],[175.23433,-38.63219],[175.23094,-38.63203],[175.22721,-38.6346],[175.22331,-38.63523],[175.22242,-38.6365],[175.21503,-38.63785],[175.21323,-38.6394],[175.21095,-38.63864],[175.2077,-38.63902],[175.20613,-38.63767],[175.20225,-38.63737],[175.19952,-38.63474],[175.19662,-38.63355],[175.19654,-38.63161],[175.19524,-38.62945],[175.18385,-38.63092],[175.18012,-38.63033],[175.17328,-38.62737],[175.16981,-38.62788],[175.16704,-38.62708],[175.16504,-38.62805],[175.16055,-38.6281],[175.15898,-38.62963],[175.1546,-38.62882],[175.1496,-38.63072],[175.14369,-38.63013],[175.14102,-38.63181],[175.1389,-38.6316],[175.13601,-38.62928],[175.13658,-38.6269],[175.1357,-38.62625],[175.11954,-38.62639],[175.11645,-38.62191],[175.10923,-38.62452],[175.10899,-38.62645],[175.10794,-38.62765],[175.10502,-38.62843],[175.10179,-38.6313],[175.0997,-38.63137],[175.09837,-38.63382],[175.09246,-38.63504],[175.0931,-38.63801],[175.08855,-38.63776],[175.08752,-38.63582],[175.08296,-38.63479],[175.07861,-38.63128],[175.07444,-38.6297],[175.06945,-38.63007],[175.06916,-38.63112],[175.07049,-38.6343],[175.06997,-38.63767],[175.05737,-38.64048],[175.05693,-38.6417],[175.058,-38.64429],[175.05386,-38.64563],[175.05108,-38.64936],[175.04758,-38.65065],[175.04304,-38.65049],[175.03923,-38.65164],[175.03977,-38.65498],[175.03724,-38.65574],[175.03462,-38.65544],[175.0325,-38.65687],[175.02925,-38.656],[175.02762,-38.65879],[175.02647,-38.65924],[175.02473,-38.65781],[175.02218,-38.65952],[175.01805,-38.65903],[175.01704,-38.66038],[175.01508,-38.66074],[175.01375,-38.66009],[175.00265,-38.66339],[175.00047,-38.66626],[174.99749,-38.66497],[174.9943,-38.66476],[174.98929,-38.66463],[174.98646,-38.66548],[174.98113,-38.66188],[174.98106,-38.66398],[174.97902,-38.66628],[174.97555,-38.66534],[174.97438,-38.66651],[174.97163,-38.66732],[174.96744,-38.66758],[174.96446,-38.66477],[174.96087,-38.66358],[174.95673,-38.66471],[174.95439,-38.6675],[174.95589,-38.66955],[174.9551,-38.67084],[174.95583,-38.67302],[174.95423,-38.67497],[174.95449,-38.67579],[174.95656,-38.67597],[174.95957,-38.67834],[174.95865,-38.68008],[174.95916,-38.68114],[174.95788,-38.68273],[174.95792,-38.68737],[174.95989,-38.68973],[174.96163,-38.69017],[174.96109,-38.69272],[174.96434,-38.69682],[174.96287,-38.69924],[174.95712,-38.69933],[174.9549,-38.70129],[174.95328,-38.70136],[174.95261,-38.70292],[174.95316,-38.70436],[174.95104,-38.7061],[174.95239,-38.70828],[174.95413,-38.71512],[174.94537,-38.71777],[174.94246,-38.71996],[174.94149,-38.72106],[174.94392,-38.72282],[174.93856,-38.72638],[174.93749,-38.72871],[174.93481,-38.73056],[174.93456,-38.73548],[174.93341,-38.73692],[174.9333,-38.7388],[174.93686,-38.73965],[174.93797,-38.74136],[174.93844,-38.74358],[174.93773,-38.74425],[174.93833,-38.74919],[174.93785,-38.75016],[174.93243,-38.75245],[174.93272,-38.75442],[174.93102,-38.7556],[174.92753,-38.75632],[174.9202,-38.75336],[174.91469,-38.75482],[174.90238,-38.75387],[174.89856,-38.75545],[174.89602,-38.75471],[174.89258,-38.7586],[174.88919,-38.76105],[174.88485,-38.762],[174.88388,-38.76314],[174.88053,-38.76421],[174.87792,-38.76389],[174.87388,-38.76579],[174.87128,-38.76602],[174.86898,-38.76463],[174.86769,-38.76499],[174.86616,-38.76658],[174.86627,-38.76939],[174.86301,-38.77273],[174.8629,-38.77458],[174.85923,-38.77353],[174.85042,-38.77288],[174.84719,-38.77129],[174.84337,-38.76675],[174.83855,-38.76467],[174.83757,-38.76525],[174.83442,-38.76446],[174.8318,-38.76202],[174.83076,-38.76239],[174.82822,-38.76102],[174.82866,-38.76001],[174.82772,-38.75851],[174.82536,-38.75857],[174.8275,-38.75672],[174.82716,-38.7552],[174.82494,-38.75329],[174.82437,-38.7517],[174.82489,-38.74929],[174.8242,-38.748],[174.82181,-38.74704],[174.81955,-38.7478],[174.81846,-38.74702],[174.81639,-38.74531],[174.81538,-38.74089],[174.81236,-38.74116],[174.80742,-38.73594],[174.80376,-38.73649],[174.79965,-38.73309],[174.79533,-38.73209],[174.79416,-38.731],[174.79311,-38.7321],[174.79196,-38.73178],[174.79048,-38.73359],[174.78592,-38.73355],[174.78459,-38.73457],[174.78109,-38.735],[174.77994,-38.7365],[174.77413,-38.73894],[174.77439,-38.73653],[174.77156,-38.73614],[174.76737,-38.73728],[174.7669,-38.73815],[174.76297,-38.73943],[174.76266,-38.74177],[174.76073,-38.74329],[174.75885,-38.74322],[174.75837,-38.74459],[174.75611,-38.74496],[174.7546,-38.74382],[174.75352,-38.74484],[174.75199,-38.74339],[174.75096,-38.74373],[174.75109,-38.74442],[174.7481,-38.74408],[174.74864,-38.74302],[174.74403,-38.74076],[174.74277,-38.7395],[174.74301,-38.73855],[174.73764,-38.7341],[174.73542,-38.73488],[174.72796,-38.73343],[174.72577,-38.7353],[174.70886,-38.73185],[174.70349,-38.73255],[174.70217,-38.73067],[174.69339,-38.73369],[174.69049,-38.73052],[174.68839,-38.72987],[174.68746,-38.72784],[174.66632,-38.72894],[174.66363,-38.72978],[174.66161,-38.73201],[174.65992,-38.73251],[174.65784,-38.73153],[174.65593,-38.73298],[174.65398,-38.73318],[174.65081,-38.73116],[174.65009,-38.72978],[174.64769,-38.72875],[174.64758,-38.72753],[174.6459,-38.72596],[174.64722,-38.72098],[174.64007,-38.72092],[174.62977,-38.72181],[174.62928,-38.72242],[174.6278,-38.7219],[174.61692,-38.72287],[174.61654,-38.7198],[174.61341,-38.71346],[174.61396,-38.70884],[174.61549,-38.70764],[174.61475,-38.70737],[174.61525,-38.70599],[174.35141,-38.70175],[174.35433,-38.6788],[174.35826,-38.66343],[174.36323,-38.64946],[174.36358,-38.64197],[174.36626,-38.62515],[174.37052,-38.60882],[174.37318,-38.59088],[174.37523,-38.58235],[174.37515,-38.56433],[174.37684,-38.54849],[174.37709,-38.53632],[174.3743,-38.51879],[174.37359,-38.4979],[174.3757,-38.47794],[174.37992,-38.45976],[174.38208,-38.44633],[174.37921,-38.42469],[174.37721,-38.38608],[174.3784,-38.3707],[174.38126,-38.35315],[174.38412,-38.34247],[174.39008,-38.32584],[174.39796,-38.30958],[174.40618,-38.29591],[174.41514,-38.28341],[174.42469,-38.27219],[174.43966,-38.25725],[174.45145,-38.24724],[174.45038,-38.2307],[174.45172,-38.20962],[174.44133,-38.19068],[174.43509,-38.17556],[174.43025,-38.15907],[174.42662,-38.13845],[174.41551,-38.13229],[174.39811,-38.12109],[174.38232,-38.1089],[174.36881,-38.09647],[174.35882,-38.08594],[174.34951,-38.07451],[174.33883,-38.05878],[174.33204,-38.04664],[174.32286,-38.02515],[174.3192,-38.01362],[174.31639,-38.00064],[174.31387,-37.98045],[174.31459,-37.95515],[174.31738,-37.93749],[174.3211,-37.92365],[174.32677,-37.9082],[174.33312,-37.89483],[174.33986,-37.88309],[174.35286,-37.8648],[174.35751,-37.85905],[174.37324,-37.84286],[174.38517,-37.83229],[174.40777,-37.81607],[174.42685,-37.80484],[174.44807,-37.79487],[174.4675,-37.78752],[174.48477,-37.78227],[174.51174,-37.77616],[174.53183,-37.77334],[174.54065,-37.75686],[174.54767,-37.74614],[174.56194,-37.72803],[174.55414,-37.70944],[174.55009,-37.69593],[174.54167,-37.68267],[174.53569,-37.67155],[174.51922,-37.65565],[174.50241,-37.63474],[174.49038,-37.61559],[174.48154,-37.59634],[174.47493,-37.57515],[174.47099,-37.55296],[174.47024,-37.5309],[174.47194,-37.51455],[174.46625,-37.50298],[174.46155,-37.49088],[174.45572,-37.47066],[174.44955,-37.44207],[174.44736,-37.422],[174.44739,-37.40996],[174.44092,-37.39428],[174.4256,-37.36345],[174.65923,-37.29262],[174.66102,-37.29177],[174.66172,-37.28837],[174.65975,-37.28703],[174.65999,-37.28504],[174.65915,-37.28403],[174.65774,-37.28391],[174.65819,-37.28204],[174.663,-37.2808],[174.66508,-37.27883],[174.67454,-37.2754],[174.68153,-37.2718],[174.68343,-37.26953],[174.68929,-37.26615],[174.6997,-37.26153],[174.70879,-37.26182],[174.71285,-37.25938],[174.72253,-37.25813],[174.72359,-37.26106],[174.72503,-37.26106],[174.72491,-37.2629],[174.72589,-37.26293],[174.72598,-37.2648],[174.72713,-37.2648],[174.72713,-37.2629],[174.73149,-37.26291],[174.73123,-37.26502],[174.73284,-37.26857],[174.73888,-37.26794],[174.74407,-37.26425],[174.74427,-37.26256],[174.75604,-37.25407],[174.75684,-37.25156],[174.76925,-37.2477],[174.77315,-37.24304],[174.77749,-37.24126],[174.78455,-37.24189],[174.78806,-37.24004],[174.79156,-37.23977],[174.79256,-37.23452],[174.80086,-37.23249],[174.80119,-37.23116],[174.80478,-37.22942],[174.80632,-37.22684],[174.80842,-37.22745],[174.80781,-37.22903],[174.81166,-37.23093],[174.81377,-37.22836],[174.8237,-37.23261],[174.82569,-37.23178],[174.8265,-37.23219],[174.82744,-37.23117],[174.82992,-37.23189],[174.82955,-37.23257],[174.84295,-37.23545],[174.84357,-37.23306],[174.84812,-37.2342],[174.84645,-37.23853],[174.851,-37.23965],[174.84781,-37.24706],[174.84829,-37.24964],[174.85036,-37.25117],[174.85175,-37.25083],[174.85534,-37.24423],[174.85887,-37.24543],[174.86366,-37.24385],[174.86755,-37.24526],[174.86895,-37.24499],[174.87255,-37.23833],[174.87566,-37.24065],[174.88145,-37.23698],[174.87909,-37.23462],[174.88679,-37.23063],[174.88927,-37.2333],[174.8941,-37.23189],[174.91357,-37.23204],[174.91645,-37.23083],[174.91702,-37.23388],[174.91932,-37.23658],[174.92305,-37.23427],[174.92375,-37.23124],[174.92568,-37.23038],[174.92586,-37.23198],[174.92747,-37.23228],[174.92785,-37.23115],[174.9278,-37.23294],[174.93076,-37.23311],[174.93066,-37.2323],[174.93277,-37.23163],[174.93142,-37.22893],[174.93141,-37.22677],[174.93254,-37.225],[174.93085,-37.22458],[174.93203,-37.21903],[174.93645,-37.21465],[174.92994,-37.20623],[174.9385,-37.20236],[174.93784,-37.19971],[174.94859,-37.19804],[174.94799,-37.19574],[174.95261,-37.19616],[174.95687,-37.19858],[174.96444,-37.19776],[174.96645,-37.19644],[174.97322,-37.19476],[174.97502,-37.20107],[174.97964,-37.20917],[174.98121,-37.20812],[174.99026,-37.21659],[175.0041,-37.20737],[175.0037,-37.20671],[175.00707,-37.20546],[175.00752,-37.20298],[175.01112,-37.20115],[175.01419,-37.19692],[175.01835,-37.1955],[175.02044,-37.19961],[175.02757,-37.1968],[175.0273,-37.19635],[175.02963,-37.19616],[175.02916,-37.18885],[175.0326,-37.18869],[175.03267,-37.19079],[175.03562,-37.19095],[175.03732,-37.19206],[175.03787,-37.18844],[175.04502,-37.18812],[175.04529,-37.18282],[175.05447,-37.18079],[175.05838,-37.18027],[175.05982,-37.1813],[175.06609,-37.18188],[175.0667,-37.1909],[175.07221,-37.19229],[175.07381,-37.19475],[175.08461,-37.19214],[175.08622,-37.19252],[175.08442,-37.19155],[175.08569,-37.18971],[175.08109,-37.18676],[175.08155,-37.18562],[175.08341,-37.18464],[175.08229,-37.18331],[175.08325,-37.18235],[175.08163,-37.18253],[175.08127,-37.18164],[175.08722,-37.18223],[175.08956,-37.17951],[175.09279,-37.18083],[175.09551,-37.17959],[175.09617,-37.17988],[175.09634,-37.18223],[175.10522,-37.18141],[175.11029,-37.18789],[175.11348,-37.18642],[175.12086,-37.18961],[175.12312,-37.18627],[175.1233,-37.18481],[175.12503,-37.18494],[175.12601,-37.18615],[175.13074,-37.18637],[175.13264,-37.18538],[175.13167,-37.18168],[175.14042,-37.17597],[175.14191,-37.17576],[175.13978,-37.17357],[175.1402,-37.17185],[175.13864,-37.17171],[175.13745,-37.16992],[175.1339,-37.16819],[175.14416,-37.16769],[175.14628,-37.15233],[175.14525,-37.14459],[175.14821,-37.14284],[175.15224,-37.14297],[175.15315,-37.13926],[175.15268,-37.13822],[175.1539,-37.13611],[175.15318,-37.13426],[175.15409,-37.13206],[175.153,-37.1309],[175.15329,-37.12898],[175.15235,-37.12745],[175.154,-37.12502],[175.1542,-37.12102],[175.14998,-37.11966],[175.14952,-37.11744],[175.14821,-37.1163],[175.14726,-37.10992],[175.1434,-37.10861],[175.1446,-37.10134],[175.14082,-37.09873],[175.14285,-37.0973],[175.14266,-37.09519],[175.14383,-37.0935],[175.14368,-37.09248],[175.1464,-37.0898],[175.14452,-37.08716],[175.14408,-37.08255],[175.14475,-37.07905],[175.14597,-37.07593],[175.14834,-37.07592],[175.15046,-37.0703],[175.14659,-37.07123],[175.14768,-37.07021],[175.14574,-37.06948],[175.14638,-37.06922],[175.14547,-37.06844],[175.14707,-37.06851],[175.14904,-37.06729],[175.1473,-37.06606],[175.14813,-37.06567],[175.147,-37.06501],[175.14658,-37.06323],[175.14714,-37.06235],[175.14627,-37.06024],[175.14671,-37.05828],[175.1483,-37.05687],[175.14759,-37.05488],[175.14819,-37.0548],[175.148,-37.05356],[175.15131,-37.05253],[175.15119,-37.05025],[175.154,-37.04971],[175.15561,-37.04704],[175.1535,-37.0432],[175.1536,-37.0388],[175.15476,-37.03789],[175.1531,-37.03733],[175.15543,-37.03247],[175.15495,-37.03206],[175.15563,-37.02982],[175.15359,-37.02801],[175.15157,-37.02458],[175.15209,-37.02156],[175.15434,-37.02059],[175.15626,-37.01809],[175.15994,-37.01713],[175.16078,-37.01591],[175.16388,-37.01608],[175.165,-37.01718],[175.16482,-37.01943],[175.16605,-37.0214],[175.1677,-37.02106],[175.16868,-37.02334],[175.17305,-37.02703],[175.17607,-37.02766],[175.17685,-37.02985],[175.1785,-37.03025],[175.17767,-37.03188],[175.17895,-37.0344],[175.18163,-37.0365],[175.18278,-37.03934],[175.18476,-37.04076],[175.18976,-37.03866],[175.19287,-37.03951],[175.19714,-37.03588],[175.19957,-37.03631],[175.20209,-37.03874],[175.20668,-37.03735],[175.20271,-37.036],[175.20771,-37.03006],[175.26785,-37.02744],[175.29107,-37.02404],[175.38865,-37.0219],[175.37932,-36.96263],[175.31101,-36.83838],[175.28957,-36.76811],[175.26664,-36.70384],[175.16308,-36.52393],[175.18066,-36.49998],[175.25102,-36.39972],[175.41692,-36.37989],[175.62812,-36.38503],[175.9033,-36.25828],[175.91931,-36.26684],[175.93964,-36.28029],[175.9667,-36.3007],[175.98133,-36.31408],[175.99326,-36.32712],[176.00575,-36.34307],[176.01456,-36.35724],[176.02181,-36.37127]]]}},{"type":"Feature","id":"04","properties":{"regionId":"04","name":"Bay of Plenty Region","labelPoint":{"longitude":176.86302,"latitude":-37.89732},"sourceField":"REGC_code","sourceNameField":"REGC_name"},"geometry":{"type":"Polygon","coordinates":[[[176.52044,-37.35487],[176.54915,-37.36571],[176.57037,-37.37622],[176.58698,-37.38615],[176.60136,-37.39649],[176.61553,-37.40825],[176.63276,-37.42564],[176.65377,-37.43423],[176.67666,-37.44625],[176.69487,-37.45794],[176.71111,-37.47079],[176.71965,-37.47856],[176.73517,-37.49482],[176.7467,-37.50983],[176.75919,-37.53013],[176.76554,-37.54347],[176.77591,-37.55578],[176.7908,-37.57824],[176.80063,-37.59787],[176.80862,-37.62305],[176.82451,-37.6197],[176.84694,-37.61651],[176.86752,-37.61504],[176.88409,-37.61485],[176.91541,-37.61664],[176.93262,-37.61899],[176.95024,-37.62257],[176.92967,-37.60405],[176.91697,-37.59008],[176.90764,-37.5778],[176.89627,-37.55949],[176.88896,-37.5442],[176.88313,-37.52863],[176.87802,-37.50689],[176.87615,-37.49254],[176.87582,-37.47654],[176.87708,-37.45993],[176.88092,-37.44019],[176.88595,-37.42406],[176.89272,-37.40771],[176.90533,-37.38573],[176.91659,-37.37017],[176.9324,-37.35264],[176.94696,-37.33949],[176.95877,-37.3301],[176.97134,-37.32158],[176.98429,-37.31378],[177.00582,-37.30313],[177.03339,-37.29214],[177.04592,-37.28812],[177.07004,-37.28209],[177.10105,-37.27719],[177.11966,-37.27586],[177.15182,-37.27605],[177.17026,-37.27782],[177.1934,-37.28149],[177.22412,-37.28914],[177.24126,-37.29501],[177.26176,-37.30384],[177.27992,-37.31338],[177.29879,-37.32526],[177.31569,-37.33822],[177.34118,-37.35079],[177.36413,-37.36548],[177.38468,-37.38223],[177.39793,-37.39511],[177.40774,-37.40615],[177.42355,-37.42896],[177.43349,-37.44851],[177.44033,-37.46694],[177.44432,-37.4816],[177.44699,-37.50003],[177.44771,-37.53202],[177.44489,-37.55632],[177.44097,-37.57243],[177.43509,-37.58902],[177.425,-37.60944],[177.41626,-37.62344],[177.39985,-37.644],[177.37605,-37.66762],[177.35988,-37.68112],[177.34084,-37.69412],[177.32358,-37.70394],[177.30138,-37.71434],[177.28467,-37.72052],[177.25467,-37.72897],[177.23369,-37.73294],[177.21079,-37.73558],[177.19037,-37.73662],[177.19783,-37.74478],[177.21046,-37.76104],[177.22372,-37.78381],[177.24747,-37.78999],[177.31144,-37.78934],[177.32695,-37.77853],[177.34875,-37.76599],[177.35746,-37.74986],[177.36979,-37.73166],[177.37624,-37.72374],[177.39322,-37.70608],[177.40504,-37.69568],[177.42727,-37.67404],[177.43375,-37.66002],[177.44114,-37.64709],[177.45022,-37.63409],[177.46264,-37.61898],[177.48366,-37.59895],[177.50019,-37.58626],[177.51694,-37.56505],[177.52995,-37.55188],[177.54474,-37.53881],[177.56475,-37.52342],[177.57785,-37.51498],[177.59361,-37.50626],[177.61717,-37.49562],[177.62953,-37.49109],[177.63992,-37.48772],[177.66426,-37.48154],[177.69077,-37.47702],[177.70229,-37.47596],[177.71644,-37.46463],[177.72705,-37.4573],[177.73851,-37.45015],[177.75839,-37.44003],[177.76987,-37.42414],[177.79187,-37.4009],[177.80778,-37.3878],[177.8193,-37.37979],[177.83787,-37.36853],[177.86396,-37.35592],[177.89048,-37.3465],[177.91697,-37.33961],[177.93257,-37.3367],[177.95252,-37.33427],[177.97884,-37.33306],[178.0073,-37.33418],[178.02711,-37.33659],[178.04513,-37.33975],[178.06487,-37.33808],[178.08528,-37.54239],[178.08909,-37.55122],[178.09828,-37.586],[178.10755,-37.59872],[178.03981,-37.59754],[178.03752,-37.59987],[178.03405,-37.5997],[178.03383,-37.60259],[178.03301,-37.60317],[178.03196,-37.60257],[178.0302,-37.6042],[178.02893,-37.60364],[178.02753,-37.60414],[178.02621,-37.60323],[178.02516,-37.60491],[177.98668,-37.60876],[177.98462,-37.61091],[177.98005,-37.61317],[177.97827,-37.61677],[177.9773,-37.61948],[177.97839,-37.62138],[177.97591,-37.62493],[177.97514,-37.63022],[177.97767,-37.63049],[177.9785,-37.63358],[177.98003,-37.63515],[177.98262,-37.63616],[177.9817,-37.63819],[177.98311,-37.64128],[177.98595,-37.642],[177.9877,-37.64445],[177.98963,-37.64492],[177.98714,-37.64809],[177.98982,-37.64867],[177.99126,-37.64991],[177.98868,-37.6539],[177.99123,-37.65358],[177.99211,-37.65717],[177.99165,-37.65811],[177.99302,-37.65833],[177.99244,-37.6594],[177.9931,-37.6607],[177.99173,-37.6621],[177.99226,-37.66526],[177.9915,-37.66784],[177.99379,-37.66951],[177.99314,-37.67102],[177.99467,-37.67417],[177.99305,-37.67551],[177.9925,-37.67702],[177.9932,-37.67889],[177.99208,-37.67952],[177.99488,-37.68095],[177.99383,-37.68188],[177.99388,-37.68346],[177.99272,-37.68421],[177.99321,-37.68533],[177.99186,-37.6862],[177.99374,-37.68712],[177.99207,-37.68802],[177.99361,-37.68898],[177.99237,-37.69054],[177.99736,-37.6892],[177.99819,-37.68967],[177.99483,-37.69196],[177.99482,-37.69477],[177.99346,-37.69671],[177.99082,-37.69658],[177.98997,-37.69766],[177.9866,-37.69722],[177.98852,-37.69924],[177.98593,-37.70075],[177.98764,-37.70176],[177.98497,-37.70352],[177.98661,-37.70443],[177.98583,-37.70728],[177.98806,-37.71101],[177.98926,-37.71134],[177.98832,-37.71274],[177.98874,-37.71453],[177.99138,-37.71486],[177.9933,-37.71659],[177.99242,-37.71965],[177.98881,-37.7214],[177.98699,-37.7252],[177.97861,-37.73081],[177.97813,-37.73438],[177.97976,-37.73532],[177.97992,-37.73633],[177.97679,-37.74075],[177.97819,-37.74431],[177.98439,-37.74785],[177.98606,-37.74977],[177.99224,-37.75289],[177.99418,-37.75557],[177.99491,-37.75843],[177.99663,-37.76034],[177.99447,-37.76438],[178.03883,-37.73308],[178.07301,-37.76359],[177.97229,-37.84501],[177.91684,-37.98145],[177.87598,-38.0767],[177.86749,-38.09825],[177.86097,-38.11166],[177.85572,-38.10743],[177.8504,-38.10889],[177.84902,-38.11128],[177.77268,-38.0598],[177.73998,-38.04205],[177.72436,-38.02265],[177.7008,-38.02217],[177.69905,-38.02077],[177.69825,-38.01865],[177.697,-38.01849],[177.69607,-38.01734],[177.69119,-38.01629],[177.68999,-38.01396],[177.68245,-38.015],[177.68114,-38.01239],[177.67991,-38.01521],[177.67438,-38.01746],[177.67319,-38.01906],[177.67474,-38.02291],[177.67432,-38.02494],[177.67689,-38.0267],[177.67854,-38.02653],[177.67891,-38.02854],[177.6806,-38.02956],[177.68078,-38.0304],[177.67935,-38.03168],[177.68298,-38.03391],[177.6826,-38.03812],[177.686,-38.04031],[177.6859,-38.0427],[177.68874,-38.04472],[177.6909,-38.05158],[177.69388,-38.05337],[177.69404,-38.0579],[177.69732,-38.05944],[177.69748,-38.06272],[177.69518,-38.0632],[177.69175,-38.06612],[177.68893,-38.0715],[177.68884,-38.07409],[177.68749,-38.07542],[177.68858,-38.07745],[177.68826,-38.07821],[177.67963,-38.07934],[177.678,-38.08224],[177.678,-38.08536],[177.67672,-38.0866],[177.67972,-38.08674],[177.68157,-38.08354],[177.68585,-38.08318],[177.68849,-38.09176],[177.69417,-38.09342],[177.69094,-38.09563],[177.68978,-38.09774],[177.69355,-38.09686],[177.69592,-38.09757],[177.69486,-38.10015],[177.69723,-38.10084],[177.70326,-38.1064],[177.70082,-38.10626],[177.69849,-38.10456],[177.69543,-38.1037],[177.693,-38.1051],[177.69339,-38.10707],[177.69209,-38.10967],[177.68829,-38.10962],[177.68769,-38.10831],[177.68615,-38.10766],[177.68567,-38.11132],[177.68325,-38.11177],[177.67994,-38.11421],[177.67742,-38.11459],[177.67405,-38.11314],[177.66836,-38.11383],[177.6675,-38.11508],[177.66917,-38.11648],[177.66931,-38.11827],[177.6681,-38.11892],[177.66625,-38.11678],[177.66412,-38.11693],[177.66355,-38.11861],[177.66484,-38.12007],[177.66236,-38.12353],[177.66289,-38.12493],[177.66115,-38.12585],[177.6626,-38.12745],[177.66226,-38.12858],[177.66072,-38.1293],[177.66007,-38.13102],[177.65485,-38.13158],[177.6555,-38.13424],[177.65315,-38.13527],[177.65288,-38.13878],[177.65079,-38.14105],[177.65308,-38.14274],[177.65149,-38.14654],[177.65275,-38.14775],[177.65187,-38.14975],[177.65173,-38.15336],[177.65265,-38.15463],[177.65572,-38.15534],[177.65359,-38.15858],[177.6478,-38.16017],[177.64728,-38.16196],[177.64233,-38.16381],[177.64042,-38.16278],[177.63634,-38.16221],[177.63398,-38.16083],[177.62858,-38.16069],[177.6262,-38.16192],[177.62456,-38.16385],[177.62231,-38.16829],[177.61974,-38.16891],[177.61953,-38.16813],[177.61824,-38.16841],[177.61693,-38.17133],[177.61534,-38.17196],[177.61327,-38.17101],[177.60937,-38.17119],[177.60797,-38.17241],[177.60454,-38.17304],[177.60371,-38.17164],[177.6024,-38.17119],[177.60479,-38.18662],[177.60295,-38.18478],[177.60138,-38.18462],[177.59928,-38.18666],[177.59903,-38.18795],[177.59706,-38.18893],[177.59704,-38.19013],[177.59032,-38.18963],[177.58724,-38.19193],[177.58563,-38.19161],[177.5863,-38.19274],[177.58373,-38.19361],[177.58205,-38.19241],[177.58095,-38.19274],[177.58058,-38.19151],[177.57953,-38.19214],[177.57864,-38.19132],[177.57641,-38.19331],[177.57323,-38.19266],[177.57032,-38.19537],[177.56865,-38.19559],[177.56699,-38.19837],[177.55743,-38.20351],[177.55646,-38.2047],[177.55763,-38.20648],[177.55727,-38.20805],[177.56037,-38.20938],[177.53366,-38.2093],[177.53333,-38.21836],[177.52682,-38.21844],[177.51988,-38.21638],[177.5174,-38.21463],[177.51203,-38.21746],[177.50617,-38.2167],[177.50344,-38.21463],[177.50317,-38.21274],[177.50097,-38.21345],[177.50091,-38.21539],[177.50267,-38.21639],[177.50187,-38.21779],[177.49811,-38.21819],[177.49777,-38.21887],[177.49881,-38.21918],[177.49828,-38.22046],[177.49712,-38.22116],[177.495,-38.22057],[177.49391,-38.22231],[177.49564,-38.22275],[177.49513,-38.22491],[177.49347,-38.22406],[177.4933,-38.22523],[177.49461,-38.22674],[177.4939,-38.22869],[177.49282,-38.22907],[177.49379,-38.22946],[177.49354,-38.23234],[177.49092,-38.23246],[177.49057,-38.23357],[177.49188,-38.2347],[177.49129,-38.23539],[177.49236,-38.23588],[177.49183,-38.23973],[177.48981,-38.24015],[177.48894,-38.23914],[177.48626,-38.23908],[177.48592,-38.23742],[177.48404,-38.23713],[177.48202,-38.23845],[177.48175,-38.23992],[177.48203,-38.24143],[177.48342,-38.24136],[177.4833,-38.24308],[177.48525,-38.24387],[177.48997,-38.2484],[177.48971,-38.2498],[177.49109,-38.25004],[177.49084,-38.25332],[177.4887,-38.2582],[177.48989,-38.26111],[177.49228,-38.26248],[177.49549,-38.26074],[177.49755,-38.26077],[177.48428,-38.27445],[177.4863,-38.29627],[177.46369,-38.33354],[177.34641,-38.38215],[177.23692,-38.42634],[177.25739,-38.50828],[177.25451,-38.51316],[177.25085,-38.51362],[177.24307,-38.51002],[177.24089,-38.51021],[177.24012,-38.51205],[177.24055,-38.51321],[177.2379,-38.51954],[177.23271,-38.52576],[177.23022,-38.52719],[177.22787,-38.53061],[177.22722,-38.53344],[177.22583,-38.5341],[177.21401,-38.53011],[177.20574,-38.52481],[177.20255,-38.52432],[177.20035,-38.52633],[177.19982,-38.52845],[177.19653,-38.53256],[177.18925,-38.53695],[177.17697,-38.5609],[177.17253,-38.56439],[177.16625,-38.56782],[177.16403,-38.57298],[177.16698,-38.57623],[177.167,-38.57781],[177.15945,-38.57796],[177.15247,-38.58378],[177.15079,-38.58428],[177.14563,-38.58355],[177.14055,-38.57757],[177.13819,-38.5768],[177.13039,-38.5796],[177.12006,-38.58527],[177.11822,-38.58777],[177.11633,-38.59318],[177.10603,-38.60411],[177.10326,-38.61033],[177.10183,-38.62417],[177.09974,-38.62744],[177.09749,-38.62736],[177.09665,-38.62631],[177.09734,-38.62075],[177.09553,-38.61887],[177.09268,-38.61828],[177.08831,-38.6203],[177.08593,-38.62051],[177.08193,-38.61676],[177.07978,-38.61175],[177.07791,-38.61064],[177.07173,-38.6123],[177.06551,-38.6192],[177.06076,-38.6221],[177.05712,-38.62224],[177.05111,-38.62008],[177.04598,-38.6208],[177.04182,-38.62658],[177.03705,-38.6277],[177.03496,-38.62914],[177.02696,-38.63951],[177.02546,-38.64581],[177.02198,-38.64966],[177.02087,-38.66078],[177.017,-38.66717],[177.0064,-38.67592],[177.00327,-38.68081],[176.99145,-38.69369],[176.98565,-38.69421],[176.98209,-38.69758],[176.97731,-38.69956],[176.97339,-38.70391],[176.97157,-38.70471],[176.9684,-38.705],[176.96553,-38.70362],[176.96415,-38.69827],[176.96186,-38.69683],[176.95418,-38.69747],[176.94342,-38.69489],[176.93266,-38.69842],[176.9292,-38.69817],[176.92771,-38.69705],[176.9264,-38.69332],[176.92432,-38.69097],[176.91383,-38.68926],[176.90483,-38.68569],[176.89948,-38.68259],[176.89646,-38.67771],[176.89529,-38.67342],[176.89344,-38.67015],[176.88684,-38.6665],[176.88315,-38.66777],[176.87968,-38.66698],[176.87645,-38.66802],[176.87476,-38.6702],[176.8699,-38.67252],[176.86745,-38.6755],[176.86135,-38.68006],[176.85958,-38.67939],[176.85647,-38.67246],[176.84561,-38.67252],[176.83999,-38.67825],[176.83287,-38.67988],[176.83093,-38.68256],[176.82598,-38.6865],[176.82428,-38.69047],[176.82251,-38.69136],[176.81962,-38.69076],[176.81576,-38.68687],[176.8096,-38.68643],[176.80694,-38.685],[176.80356,-38.6816],[176.79939,-38.68053],[176.79436,-38.68218],[176.78861,-38.6808],[176.78575,-38.68093],[176.77802,-38.68414],[176.77327,-38.6845],[176.76675,-38.68931],[176.76673,-38.69348],[176.76537,-38.69605],[176.76709,-38.69835],[176.76718,-38.70032],[176.75923,-38.70885],[176.75501,-38.70951],[176.75254,-38.71082],[176.748,-38.70973],[176.74422,-38.71193],[176.74479,-38.71549],[176.74275,-38.71905],[176.74439,-38.72224],[176.74451,-38.72442],[176.74288,-38.72776],[176.73911,-38.72857],[176.73431,-38.72823],[176.72876,-38.72244],[176.7271,-38.7218],[176.7215,-38.724],[176.71728,-38.72452],[176.71408,-38.72788],[176.71426,-38.73058],[176.71328,-38.73308],[176.71402,-38.73599],[176.71095,-38.73944],[176.71026,-38.742],[176.71108,-38.74819],[176.70714,-38.75538],[176.71045,-38.75859],[176.70969,-38.76915],[176.707,-38.77232],[176.70607,-38.77822],[176.70358,-38.78381],[176.70458,-38.78699],[176.70793,-38.78905],[176.70258,-38.7915],[176.70001,-38.79411],[176.70171,-38.80056],[176.70017,-38.80349],[176.69734,-38.80547],[176.69203,-38.80625],[176.69278,-38.80807],[176.69549,-38.8095],[176.69647,-38.81091],[176.69546,-38.81797],[176.69597,-38.82159],[176.69752,-38.82282],[176.70172,-38.82366],[176.70407,-38.82708],[176.70221,-38.83037],[176.70229,-38.83207],[176.7002,-38.83788],[176.70419,-38.84512],[176.69996,-38.85376],[176.69666,-38.85643],[176.68737,-38.8577],[176.67837,-38.85557],[176.6766,-38.85218],[176.67783,-38.84437],[176.67624,-38.84027],[176.67251,-38.83684],[176.67008,-38.83568],[176.66265,-38.8366],[176.65902,-38.8352],[176.65807,-38.8336],[176.65769,-38.82733],[176.65468,-38.82363],[176.65209,-38.82218],[176.64366,-38.82066],[176.63379,-38.82353],[176.62252,-38.82134],[176.60814,-38.82285],[176.60117,-38.82556],[176.59555,-38.83127],[176.58974,-38.83534],[176.58696,-38.83147],[176.58726,-38.82798],[176.58395,-38.82054],[176.58023,-38.81733],[176.57451,-38.81007],[176.56861,-38.80746],[176.56341,-38.80346],[176.56058,-38.8002],[176.54918,-38.79774],[176.53109,-38.79758],[176.52615,-38.79611],[176.51991,-38.79714],[176.50854,-38.81294],[176.50718,-38.81799],[176.50878,-38.8189],[176.50871,-38.82029],[176.51048,-38.82199],[176.51175,-38.82673],[176.50956,-38.83228],[176.5067,-38.83607],[176.50827,-38.84212],[176.50935,-38.85301],[176.50871,-38.85353],[176.50546,-38.85249],[176.50308,-38.85269],[176.49695,-38.85793],[176.49682,-38.86228],[176.49863,-38.86588],[176.49802,-38.86686],[176.49668,-38.86708],[176.49719,-38.86935],[176.4955,-38.87309],[176.49714,-38.87734],[176.49533,-38.88141],[176.49391,-38.88299],[176.49193,-38.8837],[176.48386,-38.88411],[176.47862,-38.88535],[176.46619,-38.89278],[176.46097,-38.89853],[176.46126,-38.90577],[176.45778,-38.91027],[176.46079,-38.91125],[176.44169,-38.92032],[176.46816,-38.94152],[176.43481,-38.96885],[176.4553,-38.98905],[176.44804,-39.00409],[176.44239,-39.00397],[176.43679,-39.00509],[176.43434,-39.00428],[176.42897,-38.9995],[176.42152,-39.00185],[176.41597,-39.00121],[176.40966,-38.99766],[176.40433,-38.9965],[176.39567,-38.99115],[176.38894,-38.98934],[176.38157,-38.98847],[176.37448,-38.9826],[176.36701,-38.97349],[176.36242,-38.96465],[176.35817,-38.95841],[176.35079,-38.95687],[176.3466,-38.95484],[176.33654,-38.95533],[176.33421,-38.95443],[176.3307,-38.94993],[176.32954,-38.94463],[176.32396,-38.94074],[176.32317,-38.9371],[176.31991,-38.93381],[176.3142,-38.92283],[176.31199,-38.91595],[176.31292,-38.91229],[176.31495,-38.91018],[176.31525,-38.90881],[176.31422,-38.90562],[176.31137,-38.90271],[176.30803,-38.90148],[176.30398,-38.90185],[176.25838,-38.88999],[176.25511,-38.80818],[176.45098,-38.56166],[176.45746,-38.55492],[176.4637,-38.55022],[176.47365,-38.54592],[176.47521,-38.54438],[176.4772,-38.53792],[176.4762,-38.53395],[176.47751,-38.52808],[176.47479,-38.51594],[176.49994,-38.43247],[176.50532,-38.40221],[176.474,-38.36897],[176.46876,-38.35896],[176.45546,-38.35687],[176.44698,-38.35652],[176.44611,-38.35086],[176.45184,-38.34422],[176.44992,-38.33052],[176.44807,-38.32717],[176.4403,-38.32031],[176.44461,-38.31725],[176.44057,-38.31557],[176.44034,-38.31338],[176.43503,-38.31452],[176.42914,-38.31342],[176.42427,-38.31783],[176.41674,-38.32088],[176.41062,-38.3251],[176.40779,-38.32613],[176.40389,-38.32621],[176.40084,-38.32446],[176.39408,-38.32432],[176.39062,-38.32305],[176.38644,-38.3174],[176.38058,-38.31529],[176.37498,-38.30807],[176.37188,-38.30653],[176.35706,-38.29525],[176.35684,-38.29274],[176.35588,-38.29154],[176.352,-38.2898],[176.35095,-38.28784],[176.34816,-38.28658],[176.34624,-38.28209],[176.344,-38.28104],[176.34061,-38.28095],[176.3364,-38.27371],[176.33138,-38.26764],[176.331,-38.2661],[176.33215,-38.26222],[176.33065,-38.26026],[176.32319,-38.26129],[176.32037,-38.26037],[176.31794,-38.25059],[176.31669,-38.24859],[176.3021,-38.23934],[176.29861,-38.23378],[176.29694,-38.22869],[176.29243,-38.22702],[176.28874,-38.2238],[176.28407,-38.22177],[176.28107,-38.21891],[176.27143,-38.21468],[176.26481,-38.21476],[176.26049,-38.21713],[176.25842,-38.21922],[176.257,-38.21852],[176.25518,-38.21862],[176.25524,-38.21947],[176.25215,-38.21906],[176.25494,-38.226],[176.24996,-38.22959],[176.24648,-38.23021],[176.23556,-38.23767],[176.2322,-38.23913],[176.22415,-38.23752],[176.2217,-38.23795],[176.21943,-38.23527],[176.21924,-38.23349],[176.22074,-38.23052],[176.2241,-38.22895],[176.22411,-38.22733],[176.21726,-38.22779],[176.21831,-38.22659],[176.21613,-38.21929],[176.21194,-38.21836],[176.20927,-38.21943],[176.20432,-38.20535],[176.20103,-38.20791],[176.19454,-38.20837],[176.19048,-38.19587],[176.16682,-38.20403],[176.15033,-38.21819],[176.11011,-38.16686],[176.09004,-38.16696],[176.08836,-38.16297],[176.08872,-38.16159],[176.08651,-38.15957],[176.08239,-38.15214],[176.08294,-38.14899],[176.08161,-38.14586],[176.08122,-38.14207],[176.07943,-38.13952],[176.07892,-38.13642],[176.07943,-38.13407],[176.078,-38.12879],[176.07984,-38.12151],[176.07579,-38.12149],[176.07622,-38.10158],[176.07525,-38.10046],[176.06927,-38.10322],[176.06347,-38.0953],[176.06632,-38.09398],[176.06484,-38.09239],[176.06549,-38.09201],[176.06693,-38.09283],[176.06839,-38.09216],[176.06625,-38.08956],[176.06999,-38.08807],[176.06854,-38.08612],[176.0765,-38.0892],[176.0756,-38.04956],[176.06786,-38.04492],[176.05503,-38.03991],[176.06225,-38.02682],[176.05758,-38.0216],[176.0545,-38.01939],[176.03279,-38.00831],[176.02296,-37.99891],[176.01318,-37.99347],[176.00583,-37.99131],[175.98336,-37.98897],[175.97148,-37.98641],[175.97028,-37.98504],[175.97013,-37.98352],[175.97088,-37.97892],[175.97263,-37.97448],[175.9711,-37.97015],[175.96802,-37.967],[175.96526,-37.96555],[175.96377,-37.96569],[175.96098,-37.96778],[175.95928,-37.96751],[175.95328,-37.96276],[175.94943,-37.95674],[175.94225,-37.93555],[175.94094,-37.93028],[175.9414,-37.92782],[175.94665,-37.92291],[175.94923,-37.92181],[175.97719,-37.91367],[175.95804,-37.90575],[175.95424,-37.90191],[175.97183,-37.88285],[175.96765,-37.8833],[175.96093,-37.8894],[175.95346,-37.88318],[175.95109,-37.88025],[175.94875,-37.8801],[175.9478,-37.87881],[175.94298,-37.87908],[175.9427,-37.88059],[175.93958,-37.88264],[175.93811,-37.88262],[175.93625,-37.88136],[175.93786,-37.87371],[175.9365,-37.87007],[175.93991,-37.86801],[175.93186,-37.8616],[175.93064,-37.85645],[175.92785,-37.85208],[175.92813,-37.84718],[175.93501,-37.84264],[175.90587,-37.82855],[175.92758,-37.77616],[175.89521,-37.72422],[175.89956,-37.72216],[175.89784,-37.72127],[175.89812,-37.71937],[175.9002,-37.71837],[175.89573,-37.7167],[175.898,-37.71423],[175.89683,-37.71181],[175.89214,-37.71121],[175.88991,-37.70919],[175.88965,-37.704],[175.89052,-37.70261],[175.88974,-37.70115],[175.8795,-37.69931],[175.87642,-37.69316],[175.87456,-37.69242],[175.87214,-37.68631],[175.87086,-37.67755],[175.86481,-37.67217],[175.86524,-37.66811],[175.85631,-37.66277],[175.85206,-37.66205],[175.84812,-37.65188],[175.84451,-37.64859],[175.84514,-37.64694],[175.84317,-37.64319],[175.8408,-37.64193],[175.84148,-37.63876],[175.84006,-37.63654],[175.83746,-37.63537],[175.83706,-37.63222],[175.83359,-37.62749],[175.83582,-37.62668],[175.83539,-37.62494],[175.83671,-37.62276],[175.84082,-37.62058],[175.83983,-37.61827],[175.84148,-37.61331],[175.84009,-37.61236],[175.84041,-37.61146],[175.84004,-37.61003],[175.83917,-37.60968],[175.83886,-37.60752],[175.83716,-37.60657],[175.83688,-37.60463],[175.8356,-37.6035],[175.83563,-37.60173],[175.83444,-37.60008],[175.83464,-37.59823],[175.83281,-37.59764],[175.82304,-37.58264],[175.82167,-37.57157],[175.81172,-37.56427],[175.81135,-37.56082],[175.81245,-37.55616],[175.8143,-37.55359],[175.82522,-37.54688],[175.82752,-37.54461],[175.83017,-37.53981],[175.83084,-37.53564],[175.82846,-37.5311],[175.82569,-37.52933],[175.82373,-37.52681],[175.8246,-37.52059],[175.82352,-37.51615],[175.82024,-37.51448],[175.80789,-37.51322],[175.80651,-37.51208],[175.80592,-37.50801],[175.80684,-37.5042],[175.80887,-37.50063],[175.81425,-37.49746],[175.81735,-37.49467],[175.81758,-37.49072],[175.81353,-37.48491],[175.83278,-37.4716],[175.84365,-37.48699],[175.85546,-37.49494],[175.85762,-37.49727],[175.86562,-37.50036],[175.87067,-37.50053],[175.87071,-37.49555],[175.89929,-37.49568],[175.89737,-37.48863],[175.89608,-37.48667],[175.89337,-37.48467],[175.89265,-37.48253],[175.88056,-37.4695],[175.87204,-37.47348],[175.86086,-37.4611],[175.87537,-37.44955],[175.8775,-37.45107],[175.87729,-37.44943],[175.87884,-37.44608],[175.87755,-37.44319],[175.88244,-37.44004],[175.89084,-37.44369],[175.91008,-37.43032],[175.91349,-37.42559],[175.91116,-37.42292],[175.90999,-37.42331],[175.90834,-37.42258],[175.90799,-37.4202],[175.90888,-37.41974],[175.90567,-37.41637],[175.90673,-37.41624],[175.90637,-37.40998],[175.90419,-37.41006],[175.90393,-37.40568],[175.90517,-37.40409],[175.91959,-37.40489],[175.92454,-37.40442],[175.92379,-37.40365],[175.91878,-37.40389],[175.91719,-37.40281],[175.91779,-37.40075],[175.91669,-37.40036],[175.9168,-37.3986],[175.91976,-37.39205],[175.92203,-37.39203],[175.921,-37.38692],[175.92585,-37.38649],[175.92605,-37.38335],[175.92144,-37.3813],[175.91843,-37.38273],[175.91691,-37.38147],[175.91839,-37.37995],[175.9166,-37.37931],[175.92169,-37.37524],[175.92286,-37.37602],[175.92283,-37.37419],[175.92895,-37.3761],[175.93047,-37.37595],[175.93078,-37.37479],[175.93364,-37.37422],[175.93717,-37.37467],[175.94039,-37.37337],[176.12931,-37.16058],[176.34868,-36.89363],[176.35443,-36.91933],[176.35574,-36.93623],[176.35552,-36.96371],[176.35453,-36.97382],[176.35187,-36.98843],[176.34528,-37.01054],[176.34017,-37.02252],[176.33005,-37.0413],[176.31335,-37.06682],[176.33638,-37.07084],[176.37072,-37.08053],[176.38866,-37.08752],[176.41144,-37.09853],[176.43515,-37.1131],[176.45845,-37.13073],[176.4761,-37.14707],[176.48772,-37.15961],[176.49667,-37.17092],[176.50703,-37.18653],[176.51855,-37.20964],[176.52527,-37.22959],[176.52986,-37.25202],[176.53109,-37.27372],[176.52948,-37.29565],[176.5219,-37.33094],[176.51463,-37.35308],[176.52044,-37.35487]]]}},{"type":"Feature","id":"05","properties":{"regionId":"05","name":"Gisborne Region","labelPoint":{"longitude":178.11307,"latitude":-38.21886},"sourceField":"REGC_code","sourceNameField":"REGC_name"},"geometry":{"type":"Polygon","coordinates":[[[178.23342,-37.33333],[178.25618,-37.33556],[178.27944,-37.33956],[178.29859,-37.34432],[178.32999,-37.35502],[178.34869,-37.35647],[178.37435,-37.36033],[178.396,-37.36535],[178.42187,-37.37359],[178.4448,-37.38299],[178.45612,-37.38851],[178.48383,-37.40448],[178.5074,-37.42263],[178.52381,-37.43855],[178.54717,-37.44312],[178.55823,-37.44605],[178.60405,-37.46146],[178.6168,-37.46689],[178.63254,-37.47499],[178.65152,-37.48642],[178.66393,-37.49525],[178.69053,-37.50356],[178.70899,-37.51105],[178.73483,-37.52453],[178.74687,-37.53219],[178.75582,-37.53843],[178.77179,-37.55141],[178.7877,-37.56709],[178.80433,-37.5877],[178.81173,-37.59893],[178.82103,-37.61677],[178.82445,-37.62449],[178.83043,-37.64234],[178.8332,-37.65319],[178.83605,-37.6751],[178.83607,-37.69463],[178.8347,-37.70774],[178.83179,-37.7229],[178.82431,-37.74695],[178.81604,-37.76421],[178.80769,-37.77819],[178.78778,-37.80431],[178.77499,-37.81802],[178.76218,-37.82987],[178.73919,-37.84672],[178.72543,-37.85495],[178.71583,-37.86623],[178.70412,-37.87773],[178.69544,-37.90008],[178.68047,-37.92744],[178.6653,-37.94917],[178.65441,-37.96136],[178.65178,-37.97707],[178.64563,-37.99753],[178.64168,-38.00761],[178.62985,-38.03029],[178.63355,-38.05194],[178.63434,-38.06494],[178.63407,-38.07641],[178.63209,-38.09406],[178.62821,-38.11108],[178.62669,-38.12217],[178.62062,-38.14562],[178.62347,-38.16811],[178.62303,-38.19065],[178.62006,-38.21011],[178.61631,-38.22453],[178.62245,-38.23917],[178.62692,-38.2535],[178.63068,-38.27211],[178.63245,-38.29708],[178.63023,-38.32178],[178.62439,-38.34483],[178.61788,-38.36159],[178.6081,-38.38032],[178.60373,-38.39437],[178.60527,-38.41219],[178.60461,-38.43119],[178.6024,-38.44621],[178.59724,-38.46646],[178.58753,-38.48982],[178.57872,-38.50511],[178.57111,-38.51656],[178.56258,-38.52732],[178.55478,-38.53568],[178.55266,-38.55904],[178.54679,-38.58226],[178.54353,-38.59168],[178.53799,-38.60399],[178.53135,-38.61618],[178.52263,-38.62926],[178.51514,-38.64245],[178.50404,-38.65825],[178.4892,-38.67513],[178.47937,-38.68454],[178.46235,-38.6986],[178.45446,-38.70435],[178.43654,-38.71545],[178.41181,-38.7279],[178.4053,-38.73753],[178.39271,-38.75322],[178.37567,-38.7702],[178.35497,-38.78667],[178.34284,-38.79477],[178.32718,-38.80382],[178.3027,-38.82018],[178.28056,-38.83152],[178.26689,-38.83753],[178.25198,-38.85009],[178.22604,-38.86752],[178.17366,-38.89465],[178.16942,-38.91196],[178.16626,-38.94631],[178.17637,-38.95273],[178.1915,-38.96433],[178.20044,-38.97244],[178.21251,-38.98452],[178.22684,-39.00163],[177.89899,-38.97183],[177.89678,-38.97281],[177.8609,-38.96516],[177.86075,-38.96424],[177.86293,-38.96361],[177.8424,-38.95929],[177.84303,-38.95753],[177.83692,-38.95597],[177.83696,-38.95418],[177.8348,-38.95278],[177.83441,-38.94842],[177.83562,-38.94694],[177.83495,-38.9461],[177.83788,-38.94469],[177.8399,-38.94126],[177.83938,-38.93542],[177.84529,-38.9284],[177.84549,-38.92684],[177.84461,-38.92534],[177.84561,-38.92367],[177.84453,-38.9215],[177.84129,-38.92061],[177.84107,-38.91961],[177.83925,-38.91911],[177.83536,-38.91561],[177.83608,-38.91513],[177.83574,-38.91413],[177.83383,-38.91278],[177.83093,-38.91308],[177.83048,-38.91161],[177.82933,-38.91285],[177.8306,-38.91328],[177.83098,-38.91483],[177.82296,-38.91985],[177.8214,-38.91979],[177.82194,-38.92169],[177.80474,-38.91182],[177.8058,-38.91182],[177.80623,-38.91092],[177.8056,-38.91007],[177.80699,-38.90918],[177.80665,-38.90669],[177.80374,-38.90497],[177.80418,-38.90252],[177.80325,-38.90186],[177.8036,-38.90017],[177.80223,-38.89945],[177.80279,-38.8988],[177.80084,-38.89894],[177.80118,-38.8975],[177.79979,-38.8974],[177.80077,-38.89637],[177.80355,-38.89755],[177.80456,-38.89714],[177.80347,-38.89642],[177.80417,-38.89598],[177.80012,-38.89589],[177.79831,-38.89439],[177.79508,-38.89573],[177.79326,-38.89528],[177.79106,-38.89725],[177.78862,-38.89788],[177.78927,-38.89946],[177.79158,-38.90063],[177.79213,-38.90216],[177.78935,-38.90238],[177.78879,-38.90419],[177.78691,-38.90425],[177.78503,-38.9057],[177.78586,-38.9072],[177.78546,-38.90823],[177.78006,-38.90726],[177.78025,-38.91054],[177.77867,-38.91036],[177.77612,-38.91281],[177.77428,-38.91283],[177.74923,-38.89667],[177.7464,-38.89893],[177.74506,-38.90125],[177.73848,-38.90457],[177.73727,-38.90746],[177.73629,-38.90779],[177.73523,-38.91369],[177.73255,-38.91697],[177.7289,-38.9188],[177.72485,-38.91323],[177.72737,-38.90635],[177.72935,-38.90337],[177.72852,-38.90171],[177.72595,-38.90034],[177.7234,-38.90037],[177.72174,-38.89828],[177.71244,-38.89926],[177.71361,-38.906],[177.71064,-38.90649],[177.70891,-38.90422],[177.70634,-38.90407],[177.69913,-38.90163],[177.69669,-38.90245],[177.68924,-38.90267],[177.68707,-38.90357],[177.68382,-38.90225],[177.68071,-38.90241],[177.67931,-38.9004],[177.67399,-38.89904],[177.67175,-38.90065],[177.67068,-38.90262],[177.66891,-38.90206],[177.66508,-38.90304],[177.66275,-38.90278],[177.66016,-38.9047],[177.66036,-38.85237],[177.6621,-38.85238],[177.66238,-38.84582],[177.66097,-38.84677],[177.6602,-38.84944],[177.65771,-38.84866],[177.65268,-38.85189],[177.65327,-38.85419],[177.65067,-38.85605],[177.65144,-38.85831],[177.64791,-38.86278],[177.64681,-38.86304],[177.64577,-38.86217],[177.64494,-38.85843],[177.6394,-38.86121],[177.63886,-38.86201],[177.64034,-38.86345],[177.63721,-38.86422],[177.6367,-38.86503],[177.64063,-38.86822],[177.63873,-38.8686],[177.63829,-38.87072],[177.63692,-38.87109],[177.63428,-38.86976],[177.63555,-38.8668],[177.63304,-38.86558],[177.63092,-38.86181],[177.63282,-38.85905],[177.63108,-38.85753],[177.63132,-38.85487],[177.6291,-38.85239],[177.62982,-38.85112],[177.62732,-38.84957],[177.62608,-38.84674],[177.62436,-38.84511],[177.62607,-38.84338],[177.59978,-38.8519],[177.59453,-38.82703],[177.59046,-38.82845],[177.59752,-38.80704],[177.59644,-38.80521],[177.59313,-38.80314],[177.58373,-38.80334],[177.57972,-38.80175],[177.57578,-38.80198],[177.57257,-38.80245],[177.56783,-38.80524],[177.56231,-38.8031],[177.56096,-38.80161],[177.56084,-38.80263],[177.5576,-38.80584],[177.54941,-38.80573],[177.54936,-38.8069],[177.54565,-38.8081],[177.5453,-38.80892],[177.54652,-38.81048],[177.5463,-38.81127],[177.54296,-38.81252],[177.54276,-38.81382],[177.53889,-38.81848],[177.53065,-38.81971],[177.53077,-38.818],[177.53736,-38.81494],[177.53894,-38.81264],[177.53833,-38.81126],[177.53522,-38.80952],[177.53773,-38.80721],[177.53528,-38.8038],[177.53707,-38.80021],[177.53053,-38.79755],[177.52731,-38.79491],[177.52772,-38.7937],[177.53129,-38.79267],[177.53127,-38.79155],[177.52342,-38.78452],[177.52166,-38.78176],[177.51885,-38.78101],[177.51683,-38.77945],[177.51415,-38.77608],[177.51443,-38.77445],[177.49421,-38.77797],[177.48353,-38.75506],[177.47354,-38.75778],[177.46989,-38.75544],[177.47092,-38.74671],[177.46753,-38.74428],[177.47078,-38.74012],[177.47224,-38.74076],[177.4759,-38.73812],[177.4757,-38.73422],[177.47482,-38.73383],[177.47588,-38.73176],[177.47192,-38.72992],[177.46937,-38.72721],[177.47191,-38.72265],[177.4716,-38.71934],[177.46997,-38.71885],[177.46911,-38.71748],[177.46911,-38.71394],[177.46506,-38.71333],[177.46286,-38.70936],[177.46623,-38.70561],[177.46225,-38.70481],[177.43967,-38.7041],[177.43564,-38.70124],[177.43597,-38.70074],[177.43439,-38.69851],[177.436,-38.69803],[177.43588,-38.69679],[177.43648,-38.69682],[177.43478,-38.69406],[177.4293,-38.69218],[177.42888,-38.69357],[177.42769,-38.69422],[177.42703,-38.6937],[177.42478,-38.69582],[177.42081,-38.69578],[177.41614,-38.69716],[177.41431,-38.69636],[177.41303,-38.69681],[177.41071,-38.69981],[177.40875,-38.69938],[177.41519,-38.68218],[177.42119,-38.67825],[177.41881,-38.67656],[177.41874,-38.67388],[177.41969,-38.67391],[177.42014,-38.67267],[177.42308,-38.67209],[177.42291,-38.67119],[177.42707,-38.67111],[177.42828,-38.66991],[177.43103,-38.66921],[177.43384,-38.66476],[177.43603,-38.66299],[177.43615,-38.65932],[177.44013,-38.65562],[177.44039,-38.65287],[177.44253,-38.65125],[177.44167,-38.65093],[177.44319,-38.64957],[177.4419,-38.64929],[177.44375,-38.64865],[177.44305,-38.6466],[177.44457,-38.64609],[177.44322,-38.64495],[177.4466,-38.64343],[177.44702,-38.64147],[177.44962,-38.64162],[177.4515,-38.6399],[177.44768,-38.63582],[177.44149,-38.63512],[177.43973,-38.6327],[177.4359,-38.63207],[177.41592,-38.63249],[177.39243,-38.62206],[177.36238,-38.62193],[177.35343,-38.62456],[177.30899,-38.5969],[177.30756,-38.6597],[177.12217,-38.58392],[177.134,-38.57799],[177.13819,-38.5768],[177.14055,-38.57757],[177.14563,-38.58355],[177.14869,-38.5842],[177.15247,-38.58378],[177.15945,-38.57796],[177.1668,-38.57793],[177.16698,-38.57623],[177.16403,-38.57298],[177.16625,-38.56782],[177.17253,-38.56439],[177.17697,-38.5609],[177.18925,-38.53695],[177.19653,-38.53256],[177.19982,-38.52845],[177.20035,-38.52633],[177.20255,-38.52432],[177.20574,-38.52481],[177.21401,-38.53011],[177.22583,-38.5341],[177.22722,-38.53344],[177.22787,-38.53061],[177.23022,-38.52719],[177.23271,-38.52576],[177.2379,-38.51954],[177.24055,-38.51321],[177.24012,-38.51205],[177.24089,-38.51021],[177.24307,-38.51002],[177.25117,-38.51369],[177.25487,-38.51275],[177.25739,-38.50828],[177.23692,-38.42634],[177.34641,-38.38215],[177.46369,-38.33354],[177.4863,-38.29627],[177.48428,-38.27445],[177.49755,-38.26077],[177.49549,-38.26074],[177.49228,-38.26248],[177.48989,-38.26111],[177.4887,-38.2582],[177.49084,-38.25332],[177.49109,-38.25004],[177.48971,-38.2498],[177.48997,-38.2484],[177.48525,-38.24387],[177.4833,-38.24308],[177.48342,-38.24136],[177.48203,-38.24143],[177.48175,-38.23992],[177.48202,-38.23845],[177.48404,-38.23713],[177.48592,-38.23742],[177.48626,-38.23908],[177.48894,-38.23914],[177.48981,-38.24015],[177.49183,-38.23973],[177.49236,-38.23588],[177.49129,-38.23539],[177.49188,-38.2347],[177.49057,-38.23357],[177.49092,-38.23246],[177.49354,-38.23234],[177.49379,-38.22946],[177.49282,-38.22907],[177.4939,-38.22869],[177.49461,-38.22674],[177.4933,-38.22523],[177.49347,-38.22406],[177.49513,-38.22491],[177.49564,-38.22275],[177.49391,-38.22231],[177.495,-38.22057],[177.49712,-38.22116],[177.49828,-38.22046],[177.49881,-38.21918],[177.49777,-38.21887],[177.49811,-38.21819],[177.50187,-38.21779],[177.50267,-38.21639],[177.50091,-38.21539],[177.50097,-38.21345],[177.50317,-38.21274],[177.50344,-38.21463],[177.50617,-38.2167],[177.51203,-38.21746],[177.5174,-38.21463],[177.51988,-38.21638],[177.52682,-38.21844],[177.53211,-38.21851],[177.53333,-38.21836],[177.53366,-38.2093],[177.56037,-38.20938],[177.55727,-38.20805],[177.55763,-38.20648],[177.55646,-38.2047],[177.55743,-38.20351],[177.56699,-38.19837],[177.56865,-38.19559],[177.57032,-38.19537],[177.57323,-38.19266],[177.57641,-38.19331],[177.57864,-38.19132],[177.57953,-38.19214],[177.58058,-38.19151],[177.58095,-38.19274],[177.58205,-38.19241],[177.58373,-38.19361],[177.5863,-38.19274],[177.58563,-38.19161],[177.58724,-38.19193],[177.59032,-38.18963],[177.59704,-38.19013],[177.59706,-38.18893],[177.59903,-38.18795],[177.59928,-38.18666],[177.60138,-38.18462],[177.60295,-38.18478],[177.60479,-38.18662],[177.6024,-38.17119],[177.60371,-38.17164],[177.60454,-38.17304],[177.60797,-38.17241],[177.60937,-38.17119],[177.61327,-38.17101],[177.61534,-38.17196],[177.61693,-38.17133],[177.61824,-38.16841],[177.61953,-38.16813],[177.61974,-38.16891],[177.62231,-38.16829],[177.62456,-38.16385],[177.6262,-38.16192],[177.62858,-38.16069],[177.63398,-38.16083],[177.63634,-38.16221],[177.64042,-38.16278],[177.64233,-38.16381],[177.64728,-38.16196],[177.6478,-38.16017],[177.65359,-38.15858],[177.65572,-38.15534],[177.65265,-38.15463],[177.65173,-38.15336],[177.65187,-38.14975],[177.65275,-38.14775],[177.65149,-38.14654],[177.65308,-38.14274],[177.65079,-38.14105],[177.65288,-38.13878],[177.65315,-38.13527],[177.6555,-38.13424],[177.65485,-38.13158],[177.66007,-38.13102],[177.66072,-38.1293],[177.66226,-38.12858],[177.6626,-38.12745],[177.66115,-38.12585],[177.66289,-38.12493],[177.66236,-38.12353],[177.66484,-38.12007],[177.66355,-38.11861],[177.66412,-38.11693],[177.66625,-38.11678],[177.6681,-38.11892],[177.66931,-38.11827],[177.66917,-38.11648],[177.6675,-38.11508],[177.66836,-38.11383],[177.67405,-38.11314],[177.67742,-38.11459],[177.67994,-38.11421],[177.68325,-38.11177],[177.68567,-38.11132],[177.68615,-38.10766],[177.68769,-38.10831],[177.68829,-38.10962],[177.69209,-38.10967],[177.69339,-38.10707],[177.693,-38.1051],[177.69543,-38.1037],[177.69849,-38.10456],[177.70082,-38.10626],[177.70326,-38.1064],[177.69723,-38.10084],[177.69486,-38.10015],[177.69592,-38.09757],[177.69355,-38.09686],[177.68978,-38.09774],[177.69094,-38.09563],[177.69417,-38.09342],[177.68849,-38.09176],[177.68585,-38.08318],[177.68157,-38.08354],[177.67972,-38.08674],[177.67672,-38.0866],[177.678,-38.08536],[177.678,-38.08224],[177.67963,-38.07934],[177.68826,-38.07821],[177.68858,-38.07745],[177.68749,-38.07542],[177.68884,-38.07409],[177.68893,-38.0715],[177.69175,-38.06612],[177.69518,-38.0632],[177.69748,-38.06272],[177.69732,-38.05944],[177.69404,-38.0579],[177.69388,-38.05337],[177.6909,-38.05158],[177.68874,-38.04472],[177.6859,-38.0427],[177.686,-38.04031],[177.6826,-38.03812],[177.68298,-38.03391],[177.67935,-38.03168],[177.68078,-38.0304],[177.6806,-38.02956],[177.67891,-38.02854],[177.67854,-38.02653],[177.67689,-38.0267],[177.67432,-38.02494],[177.67474,-38.02291],[177.67319,-38.01906],[177.67438,-38.01746],[177.67991,-38.01521],[177.68114,-38.01239],[177.68245,-38.015],[177.68999,-38.01396],[177.69119,-38.01629],[177.69607,-38.01734],[177.697,-38.01849],[177.69825,-38.01865],[177.69905,-38.02077],[177.7008,-38.02217],[177.72436,-38.02265],[177.73998,-38.04205],[177.77268,-38.0598],[177.84902,-38.11128],[177.8504,-38.10889],[177.85572,-38.10743],[177.86097,-38.11166],[177.86749,-38.09825],[177.87598,-38.0767],[177.91684,-37.98145],[177.97229,-37.84501],[178.07301,-37.76359],[178.03883,-37.73308],[177.99447,-37.76438],[177.99663,-37.76034],[177.99491,-37.75843],[177.99418,-37.75557],[177.99224,-37.75289],[177.97876,-37.74486],[177.97678,-37.74101],[177.97992,-37.73633],[177.97976,-37.73532],[177.97813,-37.73438],[177.97874,-37.73061],[177.98097,-37.72978],[177.98303,-37.72728],[177.98699,-37.7252],[177.98881,-37.7214],[177.99242,-37.71965],[177.9933,-37.71659],[177.99138,-37.71486],[177.98874,-37.71453],[177.98832,-37.71274],[177.98926,-37.71134],[177.98806,-37.71101],[177.98583,-37.70728],[177.98661,-37.70443],[177.98497,-37.70352],[177.98764,-37.70176],[177.98593,-37.70075],[177.98852,-37.69924],[177.9866,-37.69722],[177.98997,-37.69766],[177.99082,-37.69658],[177.99346,-37.69671],[177.99482,-37.69477],[177.99483,-37.69196],[177.99819,-37.68967],[177.99736,-37.6892],[177.99237,-37.69054],[177.99361,-37.68898],[177.99207,-37.68802],[177.99374,-37.68712],[177.99186,-37.6862],[177.99321,-37.68533],[177.99272,-37.68421],[177.99388,-37.68346],[177.99383,-37.68188],[177.99488,-37.68095],[177.99208,-37.67952],[177.9932,-37.67889],[177.9925,-37.67702],[177.99305,-37.67551],[177.99467,-37.67417],[177.99314,-37.67102],[177.99379,-37.66951],[177.9915,-37.66784],[177.99226,-37.66526],[177.99173,-37.6621],[177.9931,-37.6607],[177.99244,-37.6594],[177.99302,-37.65833],[177.99165,-37.65811],[177.99211,-37.65717],[177.99123,-37.65358],[177.98868,-37.6539],[177.99126,-37.64991],[177.98982,-37.64867],[177.98714,-37.64809],[177.98963,-37.64492],[177.9877,-37.64445],[177.98595,-37.642],[177.98311,-37.64128],[177.9817,-37.63819],[177.98262,-37.63616],[177.98003,-37.63515],[177.9785,-37.63358],[177.97767,-37.63049],[177.97514,-37.63022],[177.97591,-37.62493],[177.97839,-37.62138],[177.9773,-37.61948],[177.97755,-37.61855],[177.98005,-37.61317],[177.98462,-37.61091],[177.98668,-37.60876],[178.02516,-37.60491],[178.02621,-37.60323],[178.02753,-37.60414],[178.02893,-37.60364],[178.0302,-37.6042],[178.03196,-37.60257],[178.03301,-37.60317],[178.03383,-37.60259],[178.03405,-37.5997],[178.03752,-37.59987],[178.03981,-37.59754],[178.10755,-37.59872],[178.09828,-37.586],[178.08909,-37.55122],[178.08528,-37.54239],[178.06487,-37.33808],[178.10163,-37.33922],[178.13171,-37.33391],[178.15929,-37.33164],[178.17678,-37.33137],[178.20345,-37.33303],[178.23342,-37.33333]]]}},{"type":"Feature","id":"06","properties":{"regionId":"06","name":"Hawke's Bay Region","labelPoint":{"longitude":176.96375,"latitude":-39.44133},"sourceField":"REGC_code","sourceNameField":"REGC_name"},"geometry":{"type":"Polygon","coordinates":[[[177.12824,-38.58643],[177.30756,-38.6597],[177.30899,-38.5969],[177.35343,-38.62456],[177.36238,-38.62193],[177.39243,-38.62206],[177.41592,-38.63249],[177.4359,-38.63207],[177.43973,-38.6327],[177.44149,-38.63512],[177.44552,-38.6351],[177.44791,-38.63594],[177.4515,-38.6399],[177.44962,-38.64162],[177.44702,-38.64147],[177.4466,-38.64343],[177.44322,-38.64495],[177.44457,-38.64609],[177.44305,-38.6466],[177.44375,-38.64865],[177.4419,-38.64929],[177.44319,-38.64957],[177.44167,-38.65093],[177.44253,-38.65125],[177.44039,-38.65287],[177.44013,-38.65562],[177.43615,-38.65932],[177.43603,-38.66299],[177.43384,-38.66476],[177.43103,-38.66921],[177.42828,-38.66991],[177.42707,-38.67111],[177.42291,-38.67119],[177.42308,-38.67209],[177.42014,-38.67267],[177.41969,-38.67391],[177.41874,-38.67388],[177.41881,-38.67656],[177.42119,-38.67825],[177.41519,-38.68218],[177.40875,-38.69938],[177.41071,-38.69981],[177.41303,-38.69681],[177.41431,-38.69636],[177.41614,-38.69716],[177.42081,-38.69578],[177.42478,-38.69582],[177.42703,-38.6937],[177.42769,-38.69422],[177.42888,-38.69357],[177.4293,-38.69218],[177.43478,-38.69406],[177.43648,-38.69682],[177.43588,-38.69679],[177.436,-38.69803],[177.43439,-38.69851],[177.43597,-38.70074],[177.43564,-38.70124],[177.43967,-38.7041],[177.46225,-38.70481],[177.46623,-38.70561],[177.46286,-38.70936],[177.46506,-38.71333],[177.46911,-38.71394],[177.46911,-38.71748],[177.46997,-38.71885],[177.4716,-38.71934],[177.47191,-38.72265],[177.46937,-38.72721],[177.47192,-38.72992],[177.47588,-38.73176],[177.47482,-38.73383],[177.4757,-38.73422],[177.4759,-38.73812],[177.47224,-38.74076],[177.47078,-38.74012],[177.46753,-38.74428],[177.47092,-38.74671],[177.46989,-38.75544],[177.47354,-38.75778],[177.48353,-38.75506],[177.49421,-38.77797],[177.51443,-38.77445],[177.51415,-38.77608],[177.51683,-38.77945],[177.51885,-38.78101],[177.52166,-38.78176],[177.52342,-38.78452],[177.53127,-38.79155],[177.53129,-38.79267],[177.52772,-38.7937],[177.52731,-38.79491],[177.53053,-38.79755],[177.53707,-38.80021],[177.53528,-38.8038],[177.53773,-38.80721],[177.53522,-38.80952],[177.53833,-38.81126],[177.53894,-38.81264],[177.53736,-38.81494],[177.53077,-38.818],[177.53065,-38.81971],[177.53889,-38.81848],[177.54276,-38.81382],[177.54296,-38.81252],[177.5463,-38.81127],[177.54652,-38.81048],[177.5453,-38.80892],[177.54565,-38.8081],[177.54936,-38.8069],[177.54941,-38.80573],[177.5576,-38.80584],[177.56084,-38.80263],[177.56096,-38.80161],[177.56231,-38.8031],[177.56783,-38.80524],[177.57257,-38.80245],[177.57578,-38.80198],[177.57972,-38.80175],[177.58373,-38.80334],[177.59313,-38.80314],[177.59644,-38.80521],[177.59752,-38.80704],[177.59046,-38.82845],[177.59453,-38.82703],[177.59978,-38.8519],[177.62607,-38.84338],[177.62436,-38.84511],[177.62608,-38.84674],[177.62732,-38.84957],[177.62982,-38.85112],[177.6291,-38.85239],[177.63132,-38.85487],[177.63108,-38.85753],[177.63282,-38.85905],[177.63092,-38.86181],[177.63304,-38.86558],[177.63555,-38.8668],[177.63428,-38.86976],[177.63692,-38.87109],[177.63829,-38.87072],[177.63873,-38.8686],[177.64063,-38.86822],[177.6367,-38.86503],[177.63721,-38.86422],[177.64034,-38.86345],[177.63886,-38.86201],[177.6394,-38.86121],[177.64494,-38.85843],[177.64577,-38.86217],[177.64681,-38.86304],[177.64791,-38.86278],[177.65144,-38.85831],[177.65067,-38.85605],[177.65327,-38.85419],[177.65268,-38.85189],[177.65771,-38.84866],[177.6602,-38.84944],[177.66097,-38.84677],[177.66238,-38.84582],[177.6621,-38.85238],[177.66036,-38.85237],[177.66016,-38.9047],[177.66275,-38.90278],[177.66508,-38.90304],[177.66891,-38.90206],[177.67068,-38.90262],[177.67175,-38.90065],[177.67399,-38.89904],[177.67931,-38.9004],[177.68071,-38.90241],[177.68382,-38.90225],[177.68707,-38.90357],[177.68924,-38.90267],[177.69669,-38.90245],[177.69913,-38.90163],[177.70634,-38.90407],[177.70891,-38.90422],[177.71064,-38.90649],[177.71361,-38.906],[177.71244,-38.89926],[177.72174,-38.89828],[177.7234,-38.90037],[177.72595,-38.90034],[177.72852,-38.90171],[177.72935,-38.90337],[177.72737,-38.90635],[177.72485,-38.91323],[177.7289,-38.9188],[177.73255,-38.91697],[177.73523,-38.91369],[177.73629,-38.90779],[177.73727,-38.90746],[177.73848,-38.90457],[177.74506,-38.90125],[177.7464,-38.89893],[177.74923,-38.89667],[177.77428,-38.91283],[177.77612,-38.91281],[177.77867,-38.91036],[177.78025,-38.91054],[177.78006,-38.90726],[177.78546,-38.90823],[177.78586,-38.9072],[177.78503,-38.9057],[177.78691,-38.90425],[177.78879,-38.90419],[177.78935,-38.90238],[177.79213,-38.90216],[177.79158,-38.90063],[177.78927,-38.89946],[177.78862,-38.89788],[177.79106,-38.89725],[177.79326,-38.89528],[177.79485,-38.89577],[177.79903,-38.89439],[177.80012,-38.89589],[177.80417,-38.89598],[177.80347,-38.89642],[177.80456,-38.89714],[177.80355,-38.89755],[177.80077,-38.89637],[177.79979,-38.8974],[177.80118,-38.8975],[177.80084,-38.89894],[177.80279,-38.8988],[177.80223,-38.89945],[177.8036,-38.90017],[177.80325,-38.90186],[177.80418,-38.90252],[177.80374,-38.90497],[177.80665,-38.90669],[177.80699,-38.90918],[177.8056,-38.91007],[177.80623,-38.91092],[177.8058,-38.91182],[177.80474,-38.91182],[177.82194,-38.92169],[177.8214,-38.91979],[177.82296,-38.91985],[177.83098,-38.91483],[177.8306,-38.91328],[177.82933,-38.91285],[177.83048,-38.91161],[177.83093,-38.91308],[177.83383,-38.91278],[177.83574,-38.91413],[177.83608,-38.91513],[177.83536,-38.91561],[177.83925,-38.91911],[177.84107,-38.91961],[177.84129,-38.92061],[177.84453,-38.9215],[177.84561,-38.92367],[177.84461,-38.92534],[177.84549,-38.92684],[177.84529,-38.9284],[177.83938,-38.93542],[177.8399,-38.94126],[177.83788,-38.94469],[177.83495,-38.9461],[177.83562,-38.94694],[177.83441,-38.94842],[177.8348,-38.95278],[177.83696,-38.95418],[177.83692,-38.95597],[177.84303,-38.95753],[177.8424,-38.95929],[177.86293,-38.96361],[177.86075,-38.96424],[177.8609,-38.96516],[177.89678,-38.97281],[177.89899,-38.97183],[178.22684,-39.00163],[178.23271,-39.00978],[178.24202,-39.02538],[178.25126,-39.04645],[178.25714,-39.0643],[178.26203,-39.08801],[178.26307,-39.10507],[178.26212,-39.12448],[178.26007,-39.13722],[178.25539,-39.1554],[178.25147,-39.16643],[178.2449,-39.1808],[178.23224,-39.2037],[178.22473,-39.21455],[178.21674,-39.22481],[178.20222,-39.24068],[178.20435,-39.25424],[178.20537,-39.26836],[178.20445,-39.28834],[178.19994,-39.31272],[178.19347,-39.3316],[178.18935,-39.34128],[178.17538,-39.3657],[178.16079,-39.38416],[178.15467,-39.39077],[178.14125,-39.40369],[178.12637,-39.41567],[178.11622,-39.42286],[178.09429,-39.43606],[178.06948,-39.44786],[178.04156,-39.45773],[178.01865,-39.47186],[177.99969,-39.48135],[177.97811,-39.49005],[177.95719,-39.49685],[177.93204,-39.50265],[177.91187,-39.50591],[177.88217,-39.50834],[177.86322,-39.50838],[177.84244,-39.5073],[177.8162,-39.50426],[177.78242,-39.49656],[177.75559,-39.48805],[177.73393,-39.47949],[177.7218,-39.47385],[177.70643,-39.46541],[177.6931,-39.4571],[177.66887,-39.43859],[177.65735,-39.42778],[177.64107,-39.4091],[177.62682,-39.38818],[177.61653,-39.36766],[177.60885,-39.34473],[177.60522,-39.32569],[177.60413,-39.30654],[177.59731,-39.28966],[177.59466,-39.28068],[177.58998,-39.25457],[177.56413,-39.25564],[177.52671,-39.25513],[177.49756,-39.25671],[177.45805,-39.26292],[177.43111,-39.2662],[177.37404,-39.28172],[177.33548,-39.29524],[177.31872,-39.30007],[177.29547,-39.30959],[177.35457,-39.61429],[177.35722,-39.63592],[177.35709,-39.64857],[177.3561,-39.66142],[177.35308,-39.67898],[177.34975,-39.69073],[177.34409,-39.70597],[177.33503,-39.72404],[177.3232,-39.74228],[177.31365,-39.7541],[177.30417,-39.7692],[177.29379,-39.78303],[177.28804,-39.7893],[177.29218,-39.80572],[177.29356,-39.81577],[177.29465,-39.82821],[177.2942,-39.84538],[177.29309,-39.85609],[177.28928,-39.87381],[177.28466,-39.88886],[177.2803,-39.89925],[177.27516,-39.90972],[177.26699,-39.92335],[177.26121,-39.93186],[177.24916,-39.94663],[177.24299,-39.95344],[177.22631,-39.96897],[177.20303,-39.98606],[177.1952,-40.00154],[177.18955,-40.00982],[177.1814,-40.02728],[177.17006,-40.04554],[177.16253,-40.05547],[177.16343,-40.07683],[177.16255,-40.08747],[177.15899,-40.10815],[177.15253,-40.12831],[177.14596,-40.14317],[177.14179,-40.15066],[177.13854,-40.16455],[177.13508,-40.17518],[177.12739,-40.19245],[177.11776,-40.20917],[177.09201,-40.24408],[177.07531,-40.26246],[177.0553,-40.27978],[177.04608,-40.29174],[177.02104,-40.31774],[177.01053,-40.33172],[177.00012,-40.34377],[176.99184,-40.35197],[176.97485,-40.36633],[176.95849,-40.3778],[176.94403,-40.3866],[176.91793,-40.39959],[176.9039,-40.42208],[176.90116,-40.43696],[176.89407,-40.4595],[176.89405,-40.47547],[176.89208,-40.49314],[176.62257,-40.42802],[176.58972,-40.42255],[176.58733,-40.43129],[176.58626,-40.42903],[176.58607,-40.42528],[176.58373,-40.42319],[176.58266,-40.41931],[176.57928,-40.41791],[176.57852,-40.4146],[176.55875,-40.40721],[176.54996,-40.42117],[176.49286,-40.40013],[176.49259,-40.41155],[176.49156,-40.41192],[176.48786,-40.41125],[176.48709,-40.41221],[176.48344,-40.41196],[176.48392,-40.41104],[176.48293,-40.40981],[176.4805,-40.40882],[176.47599,-40.40902],[176.47408,-40.41024],[176.47254,-40.40968],[176.46818,-40.41122],[176.46735,-40.41031],[176.46156,-40.40899],[176.46072,-40.40995],[176.46139,-40.41181],[176.45942,-40.41114],[176.45888,-40.40982],[176.45424,-40.40961],[176.44738,-40.4072],[176.4433,-40.40739],[176.43972,-40.40651],[176.43621,-40.40366],[176.43391,-40.40294],[176.43573,-40.40085],[176.43634,-40.3974],[176.43493,-40.39599],[176.43708,-40.39523],[176.43623,-40.39402],[176.43709,-40.39325],[176.43676,-40.39172],[176.43216,-40.39203],[176.43053,-40.38935],[176.42824,-40.39113],[176.42427,-40.39059],[176.42325,-40.39189],[176.42048,-40.39155],[176.41778,-40.39232],[176.40704,-40.37864],[176.4045,-40.37826],[176.40334,-40.37668],[176.40035,-40.37751],[176.3915,-40.37693],[176.39147,-40.37777],[176.391,-40.37582],[176.38709,-40.37384],[176.38685,-40.37219],[176.38829,-40.36781],[176.39055,-40.36619],[176.39188,-40.3617],[176.37064,-40.35862],[176.40567,-40.33302],[176.3971,-40.329],[176.39202,-40.32926],[176.39177,-40.32671],[176.38891,-40.32299],[176.39003,-40.32013],[176.38905,-40.31645],[176.38932,-40.31239],[176.39072,-40.31081],[176.39922,-40.28488],[176.39261,-40.27699],[176.39059,-40.27739],[176.388,-40.27922],[176.38609,-40.27931],[176.38354,-40.27751],[176.38065,-40.2772],[176.38057,-40.27644],[176.38185,-40.27613],[176.38309,-40.27447],[176.38138,-40.27442],[176.38091,-40.27259],[176.37809,-40.27248],[176.3795,-40.2676],[176.3863,-40.26571],[176.38169,-40.26281],[176.38046,-40.26064],[176.38117,-40.26007],[176.37972,-40.25854],[176.37923,-40.25392],[176.38038,-40.25298],[176.38117,-40.24908],[176.38019,-40.24743],[176.37853,-40.24654],[176.38027,-40.2463],[176.38031,-40.23742],[176.37027,-40.23425],[176.37017,-40.2144],[176.3684,-40.21518],[176.36453,-40.21369],[176.36172,-40.21533],[176.36027,-40.20237],[176.36114,-40.20117],[176.3587,-40.19788],[176.36012,-40.19647],[176.36157,-40.19686],[176.36151,-40.1957],[176.36219,-40.1965],[176.36393,-40.19283],[176.36218,-40.19309],[176.36131,-40.19209],[176.36578,-40.18911],[176.36664,-40.18743],[176.36596,-40.18736],[176.36586,-40.18637],[176.36677,-40.18649],[176.36707,-40.18576],[176.3657,-40.18559],[176.36633,-40.18446],[176.36495,-40.18366],[176.36474,-40.18198],[176.36351,-40.18098],[176.36555,-40.17974],[176.36504,-40.17932],[176.36602,-40.17654],[176.36503,-40.1753],[176.36626,-40.17478],[176.36601,-40.1732],[176.3711,-40.16619],[176.37492,-40.16529],[176.37833,-40.1632],[176.37875,-40.15814],[176.37602,-40.15689],[176.37417,-40.15486],[176.37196,-40.15475],[176.36973,-40.1516],[176.36482,-40.15102],[176.34853,-40.14599],[176.34631,-40.14683],[176.34322,-40.14554],[176.33969,-40.14227],[176.33963,-40.14133],[176.33855,-40.14114],[176.33818,-40.13994],[176.33656,-40.13972],[176.33711,-40.13882],[176.33383,-40.13863],[176.33541,-40.13646],[176.3365,-40.1305],[176.33522,-40.13017],[176.33672,-40.12878],[176.33587,-40.12834],[176.33654,-40.12786],[176.33446,-40.12759],[176.33412,-40.12614],[176.3296,-40.12251],[176.32437,-40.12306],[176.32153,-40.12134],[176.32197,-40.11976],[176.31965,-40.12034],[176.31658,-40.12315],[176.31319,-40.12392],[176.31284,-40.12209],[176.31044,-40.12111],[176.31038,-40.11962],[176.3091,-40.11916],[176.30999,-40.11585],[176.31147,-40.11519],[176.31265,-40.11368],[176.31215,-40.11268],[176.31401,-40.11072],[176.3171,-40.10906],[176.31618,-40.10812],[176.318,-40.10639],[176.3162,-40.10257],[176.31984,-40.09822],[176.31951,-40.09637],[176.32036,-40.09462],[176.32231,-40.09461],[176.32321,-40.09372],[176.32249,-40.09101],[176.32289,-40.08974],[176.31978,-40.08912],[176.32088,-40.08563],[176.3187,-40.08459],[176.31692,-40.08247],[176.31064,-40.08137],[176.30515,-40.07758],[176.29978,-40.07609],[176.30268,-40.07232],[176.29894,-40.07108],[176.29724,-40.06805],[176.29509,-40.06777],[176.29426,-40.0688],[176.2932,-40.06871],[176.28479,-40.06748],[176.2834,-40.06668],[176.28207,-40.06768],[176.28006,-40.06766],[176.27292,-40.06531],[176.26719,-40.06483],[176.26563,-40.06323],[176.26376,-40.06271],[176.26393,-40.05716],[176.26518,-40.05426],[176.26405,-40.05221],[176.26108,-40.05175],[176.26224,-40.0451],[176.25111,-40.0437],[176.24872,-40.04019],[176.24472,-40.04028],[176.2435,-40.03872],[176.23866,-40.03839],[176.23878,-40.02733],[176.21785,-40.02882],[176.21746,-40.02626],[176.21353,-40.02564],[176.21354,-40.01782],[176.20497,-40.019],[176.18133,-40.01823],[176.18146,-40.01635],[176.18062,-40.01624],[176.17221,-40.01764],[176.16732,-40.01684],[176.16516,-40.01762],[176.16224,-40.01716],[176.15427,-40.01223],[176.13663,-40.02858],[176.13467,-40.02742],[176.13339,-40.02466],[176.1304,-40.02362],[176.12449,-40.01882],[176.12397,-40.01702],[176.1255,-40.0136],[176.09383,-39.9955],[176.09592,-39.99152],[176.09923,-39.98882],[176.10029,-39.98476],[176.1016,-39.98431],[176.10186,-39.97925],[176.10317,-39.97723],[176.11105,-39.97223],[176.11214,-39.97052],[176.11615,-39.96957],[176.12111,-39.96245],[176.11958,-39.96171],[176.11711,-39.95774],[176.1245,-39.94776],[176.11695,-39.94577],[176.10974,-39.94186],[176.10957,-39.93918],[176.11168,-39.93801],[176.11543,-39.9294],[176.11334,-39.9267],[176.11359,-39.92467],[176.10683,-39.91709],[176.10879,-39.9151],[176.12034,-39.90967],[176.12612,-39.90478],[176.12689,-39.89155],[176.12313,-39.88797],[176.11834,-39.88767],[176.1172,-39.88677],[176.12679,-39.8615],[176.13499,-39.85059],[176.13795,-39.82388],[176.17685,-39.74405],[176.16909,-39.71792],[176.18055,-39.71106],[176.18423,-39.68378],[176.19268,-39.67976],[176.20087,-39.67299],[176.19594,-39.66357],[176.16509,-39.64865],[176.18125,-39.61693],[176.17899,-39.60525],[176.17349,-39.60205],[176.17207,-39.60269],[176.16526,-39.6016],[176.1614,-39.60286],[176.15758,-39.5968],[176.15274,-39.59828],[176.14717,-39.59255],[176.14273,-39.58468],[176.14476,-39.58244],[176.1425,-39.57989],[176.14302,-39.57653],[176.15497,-39.56946],[176.15069,-39.56332],[176.1507,-39.56185],[176.15191,-39.56024],[176.15682,-39.55738],[176.16283,-39.55566],[176.17388,-39.55072],[176.17814,-39.54734],[176.1806,-39.54224],[176.18228,-39.54261],[176.18422,-39.5369],[176.18491,-39.52584],[176.18709,-39.51673],[176.18916,-39.51269],[176.1927,-39.50898],[176.19385,-39.50454],[176.18986,-39.5025],[176.18845,-39.50294],[176.18202,-39.50075],[176.16912,-39.50132],[176.16643,-39.50058],[176.16458,-39.4989],[176.15963,-39.49058],[176.15469,-39.48836],[176.15294,-39.48925],[176.15136,-39.48867],[176.14893,-39.48655],[176.14789,-39.48229],[176.14374,-39.48129],[176.1418,-39.47862],[176.13695,-39.47594],[176.13972,-39.4698],[176.13928,-39.46564],[176.1421,-39.4633],[176.14396,-39.45979],[176.14172,-39.45421],[176.14402,-39.44849],[176.14295,-39.44818],[176.14197,-39.44578],[176.13435,-39.44491],[176.13506,-39.44414],[176.13285,-39.44135],[176.12145,-39.43444],[176.12111,-39.4301],[176.11755,-39.42334],[176.1199,-39.41481],[176.11934,-39.40782],[176.12048,-39.40094],[176.11913,-39.39819],[176.11484,-39.39319],[176.11323,-39.38692],[176.11124,-39.38444],[176.10809,-39.38269],[176.10413,-39.38191],[176.09564,-39.38368],[176.08464,-39.38347],[176.07481,-39.38733],[176.07173,-39.39171],[176.06906,-39.39229],[176.06734,-39.39135],[176.06321,-39.3865],[176.05892,-39.3836],[176.05478,-39.38365],[176.05064,-39.38235],[176.04327,-39.38176],[176.04295,-39.38104],[176.04435,-39.37492],[176.04391,-39.37162],[176.04955,-39.36815],[176.05203,-39.36566],[176.05943,-39.36737],[176.06583,-39.3663],[176.07208,-39.36056],[176.09344,-39.34602],[176.09899,-39.34345],[176.11502,-39.3392],[176.11738,-39.33689],[176.11847,-39.33213],[176.1218,-39.32708],[176.12016,-39.32393],[176.1171,-39.3217],[176.11435,-39.32069],[176.10981,-39.32049],[176.10243,-39.31519],[176.10085,-39.31169],[176.101,-39.29763],[176.10041,-39.29477],[176.09741,-39.29162],[176.09,-39.29064],[176.08684,-39.28909],[176.08691,-39.28576],[176.09267,-39.28027],[176.09362,-39.27803],[176.09243,-39.27581],[176.08932,-39.27298],[176.08972,-39.26882],[176.08877,-39.26611],[176.08689,-39.26482],[176.08181,-39.26416],[176.08072,-39.25995],[176.08345,-39.25634],[176.09008,-39.25241],[176.09376,-39.24776],[176.09404,-39.24503],[176.09703,-39.2429],[176.09805,-39.23673],[176.10101,-39.23521],[176.10338,-39.23226],[176.1061,-39.23198],[176.10726,-39.22821],[176.10944,-39.22604],[176.1147,-39.22429],[176.1153,-39.2228],[176.1144,-39.22079],[176.11549,-39.21878],[176.11373,-39.21635],[176.11039,-39.21491],[176.10185,-39.2165],[176.0996,-39.213],[176.094,-39.21094],[176.0896,-39.21169],[176.08388,-39.2167],[176.07766,-39.21674],[176.07706,-39.21651],[176.07651,-39.21243],[176.07499,-39.21089],[176.07548,-39.2096],[176.07774,-39.20815],[176.08323,-39.20806],[176.08431,-39.20388],[176.09037,-39.19997],[176.08916,-39.19611],[176.08965,-39.19437],[176.08901,-39.19034],[176.08761,-39.18886],[176.0839,-39.18809],[176.08281,-39.18676],[176.08684,-39.18037],[176.0905,-39.17789],[176.09535,-39.17772],[176.09797,-39.17925],[176.10288,-39.17667],[176.10254,-39.17546],[176.10025,-39.17381],[176.10129,-39.17124],[176.10068,-39.16905],[176.09015,-39.16143],[176.08926,-39.16008],[176.08935,-39.15738],[176.08806,-39.15506],[176.08349,-39.15005],[176.08242,-39.14439],[176.0829,-39.14064],[176.0866,-39.13769],[176.08475,-39.13331],[176.08461,-39.13077],[176.08567,-39.12945],[176.08869,-39.12957],[176.09079,-39.12855],[176.09379,-39.1247],[176.09434,-39.12133],[176.09641,-39.11957],[176.0925,-39.11366],[176.09317,-39.11127],[176.09561,-39.10893],[176.09561,-39.10693],[176.09941,-39.10604],[176.10123,-39.10354],[176.10069,-39.10198],[176.10361,-39.10204],[176.10652,-39.10107],[176.10993,-39.09793],[176.10976,-39.09388],[176.11366,-39.09114],[176.11391,-39.09413],[176.17275,-39.07849],[176.17914,-39.06808],[176.17648,-39.06363],[176.17125,-39.05761],[176.16051,-39.05541],[176.15257,-39.05574],[176.14575,-39.05192],[176.14395,-39.05032],[176.14348,-39.04877],[176.14486,-39.04124],[176.14755,-39.03767],[176.15377,-39.03295],[176.1628,-39.02757],[176.17071,-39.02464],[176.17156,-39.02238],[176.17101,-39.01744],[176.1747,-39.01274],[176.18362,-39.00461],[176.19691,-38.995],[176.20348,-38.99203],[176.20864,-38.99174],[176.21143,-38.99075],[176.21721,-38.98434],[176.21946,-38.97985],[176.22308,-38.97725],[176.22835,-38.97575],[176.23147,-38.97361],[176.23931,-38.96486],[176.23998,-38.96318],[176.24366,-38.96071],[176.24766,-38.95507],[176.25756,-38.94788],[176.25138,-38.92407],[176.2523,-38.91951],[176.24286,-38.92025],[176.24265,-38.91724],[176.24618,-38.91376],[176.24592,-38.91257],[176.24818,-38.90789],[176.24711,-38.89935],[176.24535,-38.89732],[176.24961,-38.89453],[176.25059,-38.89173],[176.25295,-38.89179],[176.25838,-38.88999],[176.30433,-38.90194],[176.31021,-38.90198],[176.31377,-38.90503],[176.31516,-38.90832],[176.31515,-38.90985],[176.31292,-38.91229],[176.31199,-38.91595],[176.3142,-38.92283],[176.31991,-38.93381],[176.32317,-38.9371],[176.32396,-38.94074],[176.32954,-38.94463],[176.3307,-38.94993],[176.33421,-38.95443],[176.33654,-38.95533],[176.3466,-38.95484],[176.35079,-38.95687],[176.35817,-38.95841],[176.36242,-38.96465],[176.36701,-38.97349],[176.37448,-38.9826],[176.38157,-38.98847],[176.38894,-38.98934],[176.39567,-38.99115],[176.40433,-38.9965],[176.40966,-38.99766],[176.41597,-39.00121],[176.42227,-39.00175],[176.42864,-38.99941],[176.43067,-39.00038],[176.43434,-39.00428],[176.43628,-39.00506],[176.44239,-39.00397],[176.44804,-39.00409],[176.4553,-38.98905],[176.43481,-38.96885],[176.46816,-38.94152],[176.44169,-38.92032],[176.46079,-38.91125],[176.45778,-38.91027],[176.46126,-38.90577],[176.46097,-38.89853],[176.46619,-38.89278],[176.47862,-38.88535],[176.48386,-38.88411],[176.49193,-38.8837],[176.49391,-38.88299],[176.49533,-38.88141],[176.49714,-38.87734],[176.4955,-38.87309],[176.49719,-38.86935],[176.49668,-38.86708],[176.49802,-38.86686],[176.49863,-38.86588],[176.49682,-38.86228],[176.49695,-38.85793],[176.50308,-38.85269],[176.50546,-38.85249],[176.50871,-38.85353],[176.50935,-38.85301],[176.50827,-38.84212],[176.5067,-38.83607],[176.50956,-38.83228],[176.51175,-38.82673],[176.51048,-38.82199],[176.50871,-38.82029],[176.50878,-38.8189],[176.50718,-38.81799],[176.50854,-38.81294],[176.51991,-38.79714],[176.52615,-38.79611],[176.53109,-38.79758],[176.54918,-38.79774],[176.56058,-38.8002],[176.56341,-38.80346],[176.56861,-38.80746],[176.57451,-38.81007],[176.58023,-38.81733],[176.58395,-38.82054],[176.58726,-38.82798],[176.58696,-38.83147],[176.58974,-38.83534],[176.59555,-38.83127],[176.60117,-38.82556],[176.60814,-38.82285],[176.62252,-38.82134],[176.63379,-38.82353],[176.64366,-38.82066],[176.65209,-38.82218],[176.65468,-38.82363],[176.65769,-38.82733],[176.65807,-38.8336],[176.65902,-38.8352],[176.66265,-38.8366],[176.67008,-38.83568],[176.67251,-38.83684],[176.67624,-38.84027],[176.67783,-38.84437],[176.6766,-38.85218],[176.67837,-38.85557],[176.68737,-38.8577],[176.69666,-38.85643],[176.69996,-38.85376],[176.70419,-38.84512],[176.7002,-38.83788],[176.70229,-38.83207],[176.70221,-38.83037],[176.70407,-38.82708],[176.70172,-38.82366],[176.69752,-38.82282],[176.69597,-38.82159],[176.69546,-38.81797],[176.69647,-38.81091],[176.69549,-38.8095],[176.69278,-38.80807],[176.69203,-38.80625],[176.69734,-38.80547],[176.70017,-38.80349],[176.70171,-38.80056],[176.70001,-38.79411],[176.70258,-38.7915],[176.70793,-38.78905],[176.70458,-38.78699],[176.70358,-38.78381],[176.70607,-38.77822],[176.707,-38.77232],[176.70969,-38.76915],[176.71045,-38.75859],[176.70714,-38.75538],[176.71108,-38.74819],[176.71026,-38.742],[176.71095,-38.73944],[176.71402,-38.73599],[176.71328,-38.73308],[176.71426,-38.73058],[176.71408,-38.72788],[176.71728,-38.72452],[176.7215,-38.724],[176.7271,-38.7218],[176.72876,-38.72244],[176.73431,-38.72823],[176.73911,-38.72857],[176.74288,-38.72776],[176.74451,-38.72442],[176.74439,-38.72224],[176.74275,-38.71905],[176.74479,-38.71549],[176.74422,-38.71193],[176.748,-38.70973],[176.75254,-38.71082],[176.75501,-38.70951],[176.75923,-38.70885],[176.76718,-38.70032],[176.76709,-38.69835],[176.76537,-38.69605],[176.76673,-38.69348],[176.76675,-38.68931],[176.77327,-38.6845],[176.77802,-38.68414],[176.78575,-38.68093],[176.78861,-38.6808],[176.79436,-38.68218],[176.79939,-38.68053],[176.80356,-38.6816],[176.80694,-38.685],[176.8096,-38.68643],[176.81576,-38.68687],[176.81962,-38.69076],[176.82251,-38.69136],[176.82428,-38.69047],[176.82598,-38.6865],[176.83093,-38.68256],[176.83287,-38.67988],[176.83999,-38.67825],[176.84561,-38.67252],[176.85647,-38.67246],[176.85958,-38.67939],[176.86135,-38.68006],[176.86745,-38.6755],[176.8699,-38.67252],[176.87476,-38.6702],[176.87645,-38.66802],[176.87968,-38.66698],[176.88315,-38.66777],[176.88684,-38.6665],[176.89344,-38.67015],[176.89529,-38.67342],[176.89646,-38.67771],[176.89948,-38.68259],[176.90483,-38.68569],[176.91383,-38.68926],[176.92432,-38.69097],[176.9264,-38.69332],[176.92771,-38.69705],[176.9292,-38.69817],[176.93266,-38.69842],[176.94342,-38.69489],[176.95418,-38.69747],[176.96186,-38.69683],[176.96415,-38.69827],[176.96553,-38.70362],[176.9684,-38.705],[176.97157,-38.70471],[176.97339,-38.70391],[176.97731,-38.69956],[176.98209,-38.69758],[176.98565,-38.69421],[176.99145,-38.69369],[177.00327,-38.68081],[177.0064,-38.67592],[177.017,-38.66717],[177.02087,-38.66078],[177.02198,-38.64966],[177.02546,-38.64581],[177.02648,-38.64032],[177.03588,-38.62837],[177.04182,-38.62658],[177.04502,-38.62164],[177.04725,-38.62036],[177.05176,-38.62015],[177.05712,-38.62224],[177.06076,-38.6221],[177.06551,-38.6192],[177.07139,-38.61253],[177.07708,-38.61061],[177.07955,-38.61148],[177.08193,-38.61676],[177.08593,-38.62051],[177.08831,-38.6203],[177.09268,-38.61828],[177.09553,-38.61887],[177.09734,-38.62075],[177.09665,-38.62631],[177.09749,-38.62736],[177.09974,-38.62744],[177.102,-38.62334],[177.10346,-38.60953],[177.10707,-38.60255],[177.11633,-38.59318],[177.11822,-38.58777],[177.12023,-38.58513],[177.12217,-38.58392],[177.12824,-38.58643]]]}},{"type":"Feature","id":"07","properties":{"regionId":"07","name":"Taranaki Region","labelPoint":{"longitude":174.27867,"latitude":-39.34647},"sourceField":"REGC_code","sourceNameField":"REGC_name"},"geometry":{"type":"Polygon","coordinates":[[[174.61657,-38.7209],[174.61692,-38.72287],[174.6278,-38.7219],[174.62928,-38.72242],[174.62977,-38.72181],[174.64007,-38.72092],[174.64722,-38.72098],[174.6459,-38.72596],[174.64758,-38.72753],[174.64769,-38.72875],[174.65009,-38.72978],[174.65081,-38.73116],[174.65398,-38.73318],[174.65593,-38.73298],[174.65784,-38.73153],[174.65992,-38.73251],[174.66161,-38.73201],[174.66363,-38.72978],[174.66632,-38.72894],[174.68746,-38.72784],[174.68839,-38.72987],[174.69049,-38.73052],[174.69339,-38.73369],[174.70217,-38.73067],[174.70349,-38.73255],[174.70886,-38.73185],[174.72577,-38.7353],[174.72796,-38.73343],[174.73542,-38.73488],[174.73764,-38.7341],[174.74301,-38.73855],[174.74277,-38.7395],[174.74403,-38.74076],[174.74864,-38.74302],[174.7481,-38.74408],[174.75109,-38.74442],[174.75096,-38.74373],[174.75199,-38.74339],[174.75352,-38.74484],[174.7546,-38.74382],[174.75611,-38.74496],[174.75837,-38.74459],[174.75885,-38.74322],[174.76073,-38.74329],[174.76266,-38.74177],[174.76297,-38.73943],[174.7669,-38.73815],[174.76737,-38.73728],[174.77156,-38.73614],[174.77439,-38.73653],[174.77413,-38.73894],[174.77994,-38.7365],[174.78109,-38.735],[174.78459,-38.73457],[174.78592,-38.73355],[174.79048,-38.73359],[174.79196,-38.73178],[174.79311,-38.7321],[174.79416,-38.731],[174.79533,-38.73209],[174.79965,-38.73309],[174.80376,-38.73649],[174.80742,-38.73594],[174.81236,-38.74116],[174.81538,-38.74089],[174.81639,-38.74531],[174.81846,-38.74702],[174.81955,-38.7478],[174.82181,-38.74704],[174.8242,-38.748],[174.82489,-38.74929],[174.82437,-38.7517],[174.82494,-38.75329],[174.82716,-38.7552],[174.8275,-38.75672],[174.82536,-38.75857],[174.82772,-38.75851],[174.82866,-38.76001],[174.82822,-38.76102],[174.83076,-38.76239],[174.8318,-38.76202],[174.83442,-38.76446],[174.83757,-38.76525],[174.83855,-38.76467],[174.84337,-38.76675],[174.84719,-38.77129],[174.85042,-38.77288],[174.85923,-38.77353],[174.8629,-38.77458],[174.86201,-38.77605],[174.86247,-38.77723],[174.86165,-38.77954],[174.85903,-38.78186],[174.85623,-38.78277],[174.85078,-38.78299],[174.84931,-38.78113],[174.85054,-38.77962],[174.84859,-38.77861],[174.84769,-38.77927],[174.84656,-38.7789],[174.8408,-38.78208],[174.83756,-38.78224],[174.83707,-38.783],[174.83562,-38.78244],[174.83205,-38.78347],[174.83148,-38.78194],[174.82932,-38.78355],[174.82777,-38.78375],[174.82626,-38.78572],[174.81998,-38.78701],[174.82085,-38.78833],[174.81938,-38.78868],[174.82008,-38.78946],[174.81897,-38.79041],[174.82052,-38.79061],[174.82089,-38.79165],[174.82223,-38.79216],[174.82066,-38.79345],[174.8218,-38.79387],[174.8206,-38.795],[174.8169,-38.7941],[174.81718,-38.79621],[174.81843,-38.79654],[174.81545,-38.79855],[174.81447,-38.80058],[174.81558,-38.80204],[174.81497,-38.80279],[174.81586,-38.80342],[174.80782,-38.82],[174.78664,-38.82096],[174.78804,-38.82474],[174.78964,-38.82458],[174.7913,-38.8267],[174.79252,-38.82644],[174.79304,-38.82743],[174.79565,-38.82749],[174.79663,-38.82903],[174.79926,-38.82893],[174.79729,-38.83153],[174.79965,-38.83269],[174.79907,-38.83514],[174.79961,-38.83578],[174.79832,-38.83752],[174.7997,-38.83921],[174.79843,-38.84304],[174.7996,-38.84516],[174.79823,-38.84664],[174.79832,-38.84824],[174.79705,-38.84936],[174.79955,-38.85125],[174.79977,-38.85411],[174.79819,-38.85542],[174.79674,-38.85896],[174.79948,-38.86166],[174.79974,-38.86374],[174.79877,-38.86527],[174.80274,-38.86748],[174.80319,-38.86847],[174.80472,-38.8684],[174.80662,-38.86954],[174.804,-38.87015],[174.80347,-38.87099],[174.80512,-38.87165],[174.80451,-38.87277],[174.8052,-38.87353],[174.80656,-38.87337],[174.80618,-38.87554],[174.80756,-38.87588],[174.80587,-38.87752],[174.8073,-38.87906],[174.80763,-38.88187],[174.81091,-38.88187],[174.81247,-38.8827],[174.81181,-38.88405],[174.81658,-38.88624],[174.81744,-38.88737],[174.8207,-38.88674],[174.82016,-38.89021],[174.82167,-38.8913],[174.81957,-38.89436],[174.82462,-38.89557],[174.82371,-38.89796],[174.82687,-38.89998],[174.82685,-38.90175],[174.82522,-38.90471],[174.82758,-38.90971],[174.82711,-38.9104],[174.83064,-38.91247],[174.82992,-38.91473],[174.83213,-38.91511],[174.83066,-38.91865],[174.82785,-38.92012],[174.82988,-38.92332],[174.82384,-38.92399],[174.82075,-38.92306],[174.82214,-38.92557],[174.81778,-38.92449],[174.8169,-38.92349],[174.81652,-38.92491],[174.81518,-38.92381],[174.81346,-38.92591],[174.81158,-38.92295],[174.81036,-38.92495],[174.81085,-38.92566],[174.8099,-38.92624],[174.80838,-38.92634],[174.80669,-38.92506],[174.8024,-38.9255],[174.79944,-38.9224],[174.79847,-38.91885],[174.79499,-38.91588],[174.79155,-38.91761],[174.79052,-38.9203],[174.78426,-38.92065],[174.78444,-38.92259],[174.78303,-38.92414],[174.78389,-38.92544],[174.78324,-38.92625],[174.78487,-38.92875],[174.78488,-38.93278],[174.78589,-38.93462],[174.78733,-38.93462],[174.7897,-38.93741],[174.79022,-38.9382],[174.78962,-38.93957],[174.79265,-38.9403],[174.79051,-38.94554],[174.79072,-38.94902],[174.7865,-38.94868],[174.78617,-38.95026],[174.78482,-38.94995],[174.78354,-38.95136],[174.78213,-38.95123],[174.78234,-38.95656],[174.78353,-38.95777],[174.78344,-38.9588],[174.78131,-38.95907],[174.78093,-38.96059],[174.7827,-38.96184],[174.79201,-38.96437],[174.79952,-38.9714],[174.78702,-38.98326],[174.78409,-38.98446],[174.78133,-38.9839],[174.77856,-38.98446],[174.77637,-38.98597],[174.77305,-38.98304],[174.76553,-38.98815],[174.76752,-38.99003],[174.77347,-38.99133],[174.77583,-38.9927],[174.77195,-38.99752],[174.76747,-38.99915],[174.76729,-39.0006],[174.76509,-39.00139],[174.76442,-39.00479],[174.76709,-39.00994],[174.77266,-39.01203],[174.77262,-39.01396],[174.77049,-39.0179],[174.77577,-39.02055],[174.77841,-39.02028],[174.77927,-39.02243],[174.77719,-39.03217],[174.77942,-39.03473],[174.77564,-39.04359],[174.79219,-39.04738],[174.78795,-39.04985],[174.7879,-39.05282],[174.78866,-39.05342],[174.78861,-39.05484],[174.79041,-39.05652],[174.79058,-39.06039],[174.79253,-39.06218],[174.79269,-39.06353],[174.79132,-39.0638],[174.78905,-39.06764],[174.78147,-39.06842],[174.77788,-39.0704],[174.77669,-39.0697],[174.7744,-39.07261],[174.76988,-39.07338],[174.76951,-39.07646],[174.77106,-39.07687],[174.75747,-39.08801],[174.75627,-39.08719],[174.7545,-39.08342],[174.75219,-39.08226],[174.75239,-39.08044],[174.75087,-39.07908],[174.74529,-39.07844],[174.74311,-39.07685],[174.74066,-39.07723],[174.74053,-39.08037],[174.73689,-39.08228],[174.73453,-39.08192],[174.73169,-39.08263],[174.73148,-39.08414],[174.73049,-39.08434],[174.73053,-39.08533],[174.72913,-39.08657],[174.72618,-39.08622],[174.72339,-39.09526],[174.72554,-39.09694],[174.72703,-39.09985],[174.72696,-39.10248],[174.72229,-39.10668],[174.72076,-39.10774],[174.71724,-39.10701],[174.71253,-39.10765],[174.711,-39.11002],[174.7112,-39.11098],[174.70758,-39.11373],[174.70556,-39.11232],[174.70308,-39.11226],[174.70102,-39.11078],[174.69948,-39.11184],[174.69106,-39.11156],[174.69132,-39.11351],[174.68978,-39.11541],[174.68858,-39.11628],[174.68745,-39.11603],[174.68616,-39.11733],[174.67522,-39.1302],[174.68083,-39.135],[174.68143,-39.13639],[174.68492,-39.13532],[174.68776,-39.13856],[174.68955,-39.13891],[174.69124,-39.14134],[174.69388,-39.14226],[174.69453,-39.14461],[174.69889,-39.14761],[174.70204,-39.14877],[174.70156,-39.15067],[174.70239,-39.15311],[174.6988,-39.15649],[174.69734,-39.15695],[174.69845,-39.15794],[174.69927,-39.16197],[174.70248,-39.1649],[174.70135,-39.16578],[174.69961,-39.1717],[174.70718,-39.17719],[174.70769,-39.17876],[174.70742,-39.18039],[174.70557,-39.18284],[174.70632,-39.18501],[174.70583,-39.18796],[174.70783,-39.19053],[174.70641,-39.19325],[174.70732,-39.19366],[174.70796,-39.19547],[174.70298,-39.20155],[174.70308,-39.20266],[174.70037,-39.20459],[174.69999,-39.20571],[174.71203,-39.2128],[174.71758,-39.21387],[174.719,-39.21298],[174.72185,-39.2134],[174.72489,-39.21203],[174.72731,-39.21415],[174.72952,-39.21377],[174.73055,-39.21461],[174.73119,-39.21814],[174.73364,-39.22104],[174.73357,-39.2224],[174.73507,-39.22324],[174.73987,-39.22281],[174.74133,-39.22335],[174.74485,-39.22253],[174.74658,-39.22427],[174.7521,-39.22529],[174.75053,-39.22651],[174.75136,-39.22694],[174.74912,-39.22922],[174.75062,-39.2289],[174.75146,-39.22967],[174.7524,-39.22887],[174.75233,-39.23052],[174.75564,-39.23364],[174.75461,-39.23671],[174.74798,-39.24266],[174.74552,-39.24163],[174.74692,-39.24249],[174.74676,-39.24312],[174.75049,-39.2441],[174.75036,-39.24525],[174.75236,-39.24588],[174.75236,-39.24711],[174.75337,-39.24793],[174.75192,-39.24938],[174.7526,-39.25003],[174.75244,-39.2519],[174.7546,-39.25463],[174.75745,-39.25633],[174.75698,-39.25781],[174.7542,-39.26031],[174.74958,-39.26253],[174.75035,-39.26313],[174.75024,-39.26592],[174.75156,-39.26832],[174.75168,-39.27129],[174.75115,-39.2721],[174.74918,-39.27218],[174.74971,-39.27295],[174.7478,-39.2758],[174.75063,-39.27893],[174.75191,-39.28315],[174.75477,-39.28423],[174.75395,-39.28492],[174.75528,-39.28627],[174.75813,-39.28721],[174.75784,-39.28882],[174.75658,-39.28993],[174.75879,-39.29039],[174.75893,-39.29243],[174.76033,-39.29255],[174.76008,-39.29353],[174.76092,-39.29464],[174.76529,-39.29558],[174.76641,-39.29439],[174.76602,-39.29207],[174.76756,-39.28938],[174.76929,-39.28839],[174.76846,-39.28436],[174.76954,-39.28387],[174.77422,-39.28359],[174.77537,-39.28492],[174.78313,-39.28762],[174.7856,-39.2894],[174.78622,-39.29103],[174.78947,-39.29186],[174.79233,-39.296],[174.79457,-39.2966],[174.79466,-39.29767],[174.79625,-39.29904],[174.79869,-39.29905],[174.79949,-39.29996],[174.80286,-39.30016],[174.80771,-39.30202],[174.80936,-39.30509],[174.81288,-39.30785],[174.81328,-39.31029],[174.81582,-39.31152],[174.81283,-39.31363],[174.81477,-39.31421],[174.81531,-39.31814],[174.81828,-39.32153],[174.82041,-39.32276],[174.81977,-39.32602],[174.82234,-39.32824],[174.8226,-39.32977],[174.8207,-39.33114],[174.82214,-39.33206],[174.82282,-39.33397],[174.82707,-39.33249],[174.83326,-39.33579],[174.83844,-39.33695],[174.84246,-39.33588],[174.85012,-39.33675],[174.85435,-39.33989],[174.8539,-39.34132],[174.85885,-39.34088],[174.86094,-39.34231],[174.86143,-39.34368],[174.86426,-39.34341],[174.87074,-39.3468],[174.87212,-39.34905],[174.87195,-39.35179],[174.87692,-39.35367],[174.87694,-39.35679],[174.88043,-39.35332],[174.88327,-39.3528],[174.88713,-39.35356],[174.88828,-39.35618],[174.89158,-39.35806],[174.88923,-39.36405],[174.8882,-39.36477],[174.88846,-39.36621],[174.89043,-39.36856],[174.88892,-39.37142],[174.88923,-39.37374],[174.88473,-39.3775],[174.88194,-39.37837],[174.8848,-39.3818],[174.88277,-39.38607],[174.88063,-39.38734],[174.87943,-39.39021],[174.87662,-39.3917],[174.87296,-39.38874],[174.87021,-39.39051],[174.86654,-39.38878],[174.86588,-39.38909],[174.86691,-39.39216],[174.86991,-39.39545],[174.87126,-39.39852],[174.87131,-39.40102],[174.87673,-39.40326],[174.8773,-39.4056],[174.87914,-39.40609],[174.87942,-39.40805],[174.88286,-39.41016],[174.88362,-39.41214],[174.88568,-39.41276],[174.88743,-39.4147],[174.88731,-39.41791],[174.8883,-39.41904],[174.88797,-39.42136],[174.88863,-39.42276],[174.88524,-39.42525],[174.88766,-39.42732],[174.88934,-39.43362],[174.88682,-39.43453],[174.88433,-39.4344],[174.88456,-39.43549],[174.88597,-39.4347],[174.88899,-39.43514],[174.89004,-39.43749],[174.89208,-39.4388],[174.89177,-39.44037],[174.89703,-39.44526],[174.89942,-39.44562],[174.90353,-39.44452],[174.90471,-39.44518],[174.90662,-39.44736],[174.90419,-39.45113],[174.90531,-39.45175],[174.90696,-39.45465],[174.90885,-39.45439],[174.90975,-39.45552],[174.90894,-39.45651],[174.90937,-39.45903],[174.91096,-39.46026],[174.91256,-39.46029],[174.91541,-39.46269],[174.9169,-39.46523],[174.92059,-39.46807],[174.9217,-39.47128],[174.92483,-39.47241],[174.92467,-39.47301],[174.9285,-39.47615],[174.93239,-39.47736],[174.93432,-39.47685],[174.9396,-39.47935],[174.94283,-39.47973],[174.94696,-39.4783],[174.95045,-39.47976],[174.95145,-39.48167],[174.95659,-39.47977],[174.96228,-39.48357],[174.96223,-39.48455],[174.96359,-39.48527],[174.96558,-39.48422],[174.96733,-39.4848],[174.96739,-39.48628],[174.96464,-39.48803],[174.96103,-39.49289],[174.96182,-39.49375],[174.96352,-39.49378],[174.96548,-39.49903],[174.96514,-39.49972],[174.96694,-39.5015],[174.9677,-39.50128],[174.96843,-39.50308],[174.96951,-39.50368],[174.96606,-39.50484],[174.96533,-39.50754],[174.96748,-39.50893],[174.96739,-39.51091],[174.9696,-39.51306],[174.96882,-39.51627],[174.97024,-39.51947],[174.97201,-39.52079],[174.97042,-39.52195],[174.97028,-39.52538],[174.97577,-39.52749],[174.97721,-39.53128],[174.97814,-39.53166],[174.97807,-39.53288],[174.9824,-39.53695],[174.988,-39.53847],[174.98966,-39.53705],[174.99043,-39.53806],[174.98993,-39.53961],[174.99176,-39.54032],[174.98958,-39.54195],[174.99011,-39.54222],[174.98841,-39.54396],[174.98859,-39.54564],[174.98701,-39.54723],[174.98887,-39.55222],[174.98724,-39.55395],[174.98706,-39.55595],[174.98618,-39.55642],[174.98432,-39.55582],[174.98383,-39.55662],[174.97973,-39.55729],[174.97831,-39.55898],[174.97684,-39.55934],[174.97764,-39.56135],[174.97469,-39.56203],[174.97366,-39.56353],[174.97413,-39.56484],[174.97522,-39.56447],[174.97565,-39.56513],[174.97475,-39.56551],[174.97534,-39.56637],[174.9724,-39.56763],[174.97528,-39.57096],[174.97574,-39.5728],[174.97432,-39.57497],[174.97282,-39.57515],[174.9744,-39.57653],[174.97434,-39.57789],[174.9715,-39.58211],[174.97395,-39.58454],[174.97184,-39.58486],[174.9741,-39.59111],[174.97241,-39.59234],[174.97251,-39.59369],[174.96934,-39.5953],[174.96994,-39.59818],[174.9691,-39.5986],[174.96841,-39.60149],[174.96956,-39.60412],[174.96761,-39.60528],[174.97107,-39.60947],[174.97143,-39.61213],[174.97248,-39.61294],[174.97168,-39.61368],[174.97181,-39.61558],[174.97053,-39.61879],[174.9713,-39.61976],[174.97063,-39.62143],[174.97159,-39.62282],[174.96998,-39.62551],[174.97281,-39.62824],[174.97146,-39.62927],[174.97064,-39.63143],[174.97337,-39.63301],[174.97276,-39.63424],[174.9744,-39.63791],[174.97641,-39.63771],[174.97438,-39.63919],[174.9747,-39.6402],[174.96998,-39.64376],[174.971,-39.64501],[174.96968,-39.64626],[174.97414,-39.64673],[174.97579,-39.64911],[174.97242,-39.65188],[174.97221,-39.65368],[174.97582,-39.65523],[174.97634,-39.65705],[174.97806,-39.65673],[174.97917,-39.65784],[174.98088,-39.65647],[174.9826,-39.6566],[174.98372,-39.65734],[174.98371,-39.66108],[174.98798,-39.6607],[174.98788,-39.66319],[174.98651,-39.66415],[174.98803,-39.66496],[174.9874,-39.66625],[174.98516,-39.66718],[174.98338,-39.66667],[174.97894,-39.668],[174.97532,-39.67027],[174.97345,-39.67032],[174.97263,-39.67201],[174.97462,-39.67486],[174.96982,-39.6768],[174.96478,-39.67559],[174.958,-39.67929],[174.9559,-39.67884],[174.95159,-39.67998],[174.95019,-39.67737],[174.94793,-39.67723],[174.94631,-39.67605],[174.9421,-39.67789],[174.93877,-39.67673],[174.93911,-39.67802],[174.93998,-39.67784],[174.94048,-39.67876],[174.94036,-39.68046],[174.93886,-39.68289],[174.93644,-39.68399],[174.93665,-39.68478],[174.93575,-39.68563],[174.93451,-39.68561],[174.93327,-39.68389],[174.92993,-39.68286],[174.93009,-39.68392],[174.92881,-39.68457],[174.93052,-39.68503],[174.92836,-39.68696],[174.92967,-39.68818],[174.92844,-39.68938],[174.92908,-39.69071],[174.92327,-39.69389],[174.92366,-39.69429],[174.92263,-39.69542],[174.92261,-39.69626],[174.92489,-39.69857],[174.92449,-39.69991],[174.92652,-39.69958],[174.92754,-39.70087],[174.9265,-39.70202],[174.92382,-39.70245],[174.922,-39.70383],[174.92297,-39.70484],[174.92283,-39.7064],[174.92784,-39.71218],[174.92711,-39.71318],[174.9278,-39.71387],[174.92778,-39.71756],[174.9319,-39.72053],[174.93078,-39.72267],[174.9316,-39.72317],[174.93062,-39.72448],[174.92723,-39.72536],[174.92745,-39.7262],[174.92607,-39.72634],[174.92378,-39.72947],[174.92407,-39.73068],[174.92677,-39.73213],[174.92528,-39.73349],[174.92287,-39.73295],[174.9249,-39.73507],[174.9228,-39.73683],[174.92289,-39.73759],[174.91986,-39.73819],[174.92397,-39.74039],[174.92277,-39.74192],[174.9231,-39.74349],[174.921,-39.74536],[174.91915,-39.74615],[174.91754,-39.74534],[174.9184,-39.74695],[174.91786,-39.74969],[174.91552,-39.74733],[174.91612,-39.74419],[174.91438,-39.74528],[174.91243,-39.74238],[174.91129,-39.74365],[174.91011,-39.74324],[174.90956,-39.74174],[174.90946,-39.74289],[174.90725,-39.74157],[174.9079,-39.74315],[174.9039,-39.74534],[174.90345,-39.74714],[174.90125,-39.74665],[174.89951,-39.74866],[174.89449,-39.74722],[174.89448,-39.74799],[174.89226,-39.74882],[174.89176,-39.74997],[174.8882,-39.75125],[174.88932,-39.75325],[174.88677,-39.75473],[174.88654,-39.75721],[174.88255,-39.75896],[174.88185,-39.76115],[174.8794,-39.76155],[174.87568,-39.76363],[174.87587,-39.76506],[174.87303,-39.7655],[174.87133,-39.76672],[174.87213,-39.7679],[174.87111,-39.76838],[174.87212,-39.77062],[174.87088,-39.77132],[174.87027,-39.7733],[174.86245,-39.77343],[174.85899,-39.7748],[174.8578,-39.77686],[174.85457,-39.77632],[174.85004,-39.77758],[174.84952,-39.78317],[174.85186,-39.78918],[174.84183,-39.79283],[174.83664,-39.79616],[174.83453,-39.80049],[174.81173,-39.80141],[174.81012,-39.80256],[174.80302,-39.80305],[174.79647,-39.81379],[174.79797,-39.81398],[174.79371,-39.82049],[174.79983,-39.82023],[174.79344,-39.83358],[174.7849,-39.8316],[174.7793,-39.8431],[174.7663,-39.8529],[174.77529,-39.85547],[174.77629,-39.8566],[174.77894,-39.85652],[174.78408,-39.85798],[174.71718,-40.06896],[174.67431,-40.06478],[174.65138,-40.06078],[174.63113,-40.0557],[174.58721,-40.04156],[174.56312,-40.03101],[174.54492,-40.02122],[174.53332,-40.01744],[174.50683,-40.01356],[174.48289,-40.00875],[174.4564,-40.00109],[174.42682,-39.98923],[174.38101,-39.96499],[174.35658,-39.94877],[174.33186,-39.93649],[174.31577,-39.92664],[174.29995,-39.91854],[174.27987,-39.90653],[174.23486,-39.87174],[174.21804,-39.85608],[174.20167,-39.84487],[174.1895,-39.8353],[174.17791,-39.82499],[174.16898,-39.81578],[174.15883,-39.80365],[174.13738,-39.79526],[174.11765,-39.78544],[174.09747,-39.78189],[174.07591,-39.77679],[174.04322,-39.77507],[174.01144,-39.77023],[173.98629,-39.76414],[173.95626,-39.75375],[173.92858,-39.74995],[173.9132,-39.74692],[173.89246,-39.74134],[173.86964,-39.7334],[173.854,-39.72664],[173.82759,-39.71753],[173.79573,-39.70215],[173.76668,-39.68955],[173.74076,-39.67462],[173.72532,-39.66401],[173.70935,-39.65052],[173.69771,-39.63893],[173.68424,-39.62275],[173.6798,-39.61623],[173.66411,-39.59975],[173.64635,-39.58661],[173.63394,-39.57631],[173.62747,-39.56986],[173.62138,-39.56589],[173.59974,-39.54831],[173.58468,-39.53345],[173.57056,-39.51577],[173.54101,-39.47059],[173.52984,-39.44754],[173.51823,-39.41168],[173.50908,-39.37469],[173.50391,-39.36344],[173.4979,-39.34571],[173.49428,-39.32797],[173.4932,-39.31874],[173.49257,-39.30143],[173.49341,-39.26733],[173.49729,-39.24398],[173.50542,-39.21599],[173.51203,-39.19876],[173.51845,-39.18633],[173.52391,-39.17126],[173.53845,-39.14171],[173.56307,-39.09989],[173.57716,-39.08155],[173.59672,-39.0615],[173.64722,-39.02177],[173.69063,-38.99385],[173.71144,-38.98256],[173.72614,-38.97314],[173.7724,-38.9487],[173.79089,-38.94025],[173.80809,-38.92356],[173.83573,-38.90103],[173.85654,-38.8869],[173.87379,-38.8773],[173.90354,-38.86427],[173.92334,-38.85757],[173.93921,-38.85332],[173.9677,-38.84791],[174.00029,-38.84487],[174.02179,-38.8353],[174.04014,-38.82521],[174.05958,-38.81634],[174.10384,-38.80036],[174.12392,-38.7948],[174.19388,-38.78169],[174.21199,-38.77992],[174.2479,-38.77907],[174.28302,-38.78222],[174.32212,-38.7493],[174.33277,-38.74168],[174.34891,-38.73196],[174.35124,-38.71702],[174.35141,-38.70175],[174.6145,-38.70593],[174.61525,-38.70599],[174.61475,-38.70737],[174.61549,-38.70764],[174.61396,-38.70884],[174.61349,-38.71424],[174.61657,-38.7209]]]}},{"type":"Feature","id":"08","properties":{"regionId":"08","name":"Manawatū-Whanganui Region","labelPoint":{"longitude":175.55643,"latitude":-39.82696},"sourceField":"REGC_code","sourceNameField":"REGC_name"},"geometry":{"type":"Polygon","coordinates":[[[175.54046,-38.47219],[175.56549,-38.49453],[175.61219,-38.48761],[175.62615,-38.54091],[175.62537,-38.54515],[175.62878,-38.55117],[175.63694,-38.55246],[175.63699,-38.55526],[175.63555,-38.55778],[175.6368,-38.56449],[175.63375,-38.56609],[175.63488,-38.56986],[175.63386,-38.57294],[175.63443,-38.57543],[175.63268,-38.57947],[175.63256,-38.59149],[175.62886,-38.59541],[175.62863,-38.60056],[175.62169,-38.60673],[175.61909,-38.61195],[175.61466,-38.61814],[175.60034,-38.63412],[175.59233,-38.63742],[175.59001,-38.64025],[175.58592,-38.64167],[175.58226,-38.646],[175.57829,-38.64706],[175.57593,-38.64985],[175.57929,-38.65265],[175.57775,-38.65592],[175.57856,-38.65991],[175.57672,-38.663],[175.57871,-38.66547],[175.57742,-38.67002],[175.57536,-38.67243],[175.57582,-38.6745],[175.57722,-38.67431],[175.57844,-38.67536],[175.57862,-38.67669],[175.58074,-38.67758],[175.57958,-38.68181],[175.57465,-38.68716],[175.57312,-38.69039],[175.56811,-38.69448],[175.56496,-38.69542],[175.56355,-38.69768],[175.56311,-38.70117],[175.55791,-38.70718],[175.55808,-38.70904],[175.5555,-38.7112],[175.55242,-38.7162],[175.54851,-38.71866],[175.53447,-38.73473],[175.5323,-38.73958],[175.52936,-38.7436],[175.52359,-38.74595],[175.52339,-38.75009],[175.51987,-38.74995],[175.51845,-38.75111],[175.51944,-38.75821],[175.52693,-38.7634],[175.52776,-38.77006],[175.53059,-38.77494],[175.53518,-38.77639],[175.53747,-38.77906],[175.53959,-38.78421],[175.54022,-38.79069],[175.54165,-38.79511],[175.54867,-38.79232],[175.55343,-38.78935],[175.55547,-38.79024],[175.56365,-38.80373],[175.57462,-38.8163],[175.57759,-38.82546],[175.57702,-38.8309],[175.56979,-38.83296],[175.56613,-38.83627],[175.56151,-38.83861],[175.56039,-38.84341],[175.54644,-38.85987],[175.54476,-38.86425],[175.54914,-38.87272],[175.55524,-38.87717],[175.56068,-38.8842],[175.56128,-38.89242],[175.5771,-38.90648],[175.57997,-38.91068],[175.58006,-38.91235],[175.57612,-38.91847],[175.57019,-38.92381],[175.56605,-38.92992],[175.56533,-38.93208],[175.56595,-38.93577],[175.56492,-38.93849],[175.56029,-38.94598],[175.5576,-38.94896],[175.55563,-38.95367],[175.55388,-38.95572],[175.55405,-38.95666],[175.5593,-38.97068],[175.56077,-38.97269],[175.56753,-38.96869],[175.56942,-38.97014],[175.56856,-38.96998],[175.56728,-38.97192],[175.56504,-38.97251],[175.56555,-38.97732],[175.56263,-38.98683],[175.60628,-38.98182],[175.62689,-38.97401],[175.64123,-38.98029],[175.68201,-38.97971],[175.67249,-38.99085],[175.64805,-39.01441],[175.64862,-39.0164],[175.64765,-39.01873],[175.64804,-39.02792],[175.6423,-39.03589],[175.64079,-39.03983],[175.63577,-39.04532],[175.63123,-39.04888],[175.63176,-39.04557],[175.61821,-39.04845],[175.61356,-39.05064],[175.61495,-39.05509],[175.61838,-39.05791],[175.62465,-39.05991],[175.62471,-39.06155],[175.62321,-39.06308],[175.62354,-39.06379],[175.62143,-39.06417],[175.62067,-39.06828],[175.61715,-39.07492],[175.61875,-39.0826],[175.62201,-39.08698],[175.62413,-39.08726],[175.62596,-39.08582],[175.62931,-39.08757],[175.63121,-39.08727],[175.63239,-39.08886],[175.63538,-39.08866],[175.63744,-39.09012],[175.63783,-39.09305],[175.63991,-39.09738],[175.64211,-39.09666],[175.64558,-39.10013],[175.64782,-39.10008],[175.64675,-39.10078],[175.64625,-39.10266],[175.64279,-39.10431],[175.6372,-39.12914],[175.63466,-39.15836],[175.55785,-39.276],[175.66921,-39.29693],[175.70481,-39.28832],[175.74087,-39.29742],[175.741,-39.29264],[175.75185,-39.28788],[175.76533,-39.29144],[175.76963,-39.295],[175.7801,-39.29338],[175.78358,-39.29428],[175.79089,-39.29976],[175.81257,-39.30033],[175.81637,-39.29857],[175.82445,-39.2912],[175.82862,-39.28901],[175.8292,-39.28751],[175.83346,-39.28332],[175.83595,-39.27676],[175.83854,-39.27361],[175.84256,-39.27072],[175.86272,-39.26648],[175.86809,-39.26303],[175.86899,-39.2591],[175.86602,-39.25667],[175.8566,-39.25199],[175.85467,-39.2444],[175.85511,-39.24386],[175.85847,-39.24442],[175.87259,-39.2391],[175.87831,-39.23526],[175.88021,-39.23245],[175.88559,-39.22933],[175.88637,-39.22713],[175.89267,-39.22364],[175.89363,-39.22135],[175.89288,-39.21383],[175.89194,-39.21276],[175.8882,-39.21142],[175.88597,-39.2059],[175.89838,-39.2041],[175.90062,-39.2028],[175.90211,-39.20039],[175.90347,-39.19993],[175.91057,-39.1985],[175.91651,-39.1981],[175.91946,-39.19872],[175.91949,-39.19643],[175.91854,-39.19463],[175.9189,-39.191],[175.92126,-39.18973],[175.92908,-39.18899],[175.93347,-39.18768],[175.94641,-39.18695],[175.95005,-39.18795],[175.95401,-39.18707],[175.95969,-39.18416],[175.96161,-39.18158],[175.96437,-39.1798],[175.96639,-39.17429],[175.96637,-39.17228],[175.96765,-39.17043],[175.96385,-39.16242],[175.96403,-39.15953],[175.97162,-39.1577],[175.97343,-39.1548],[175.97446,-39.15157],[175.97599,-39.14996],[175.97531,-39.14812],[175.97929,-39.14141],[175.98129,-39.1355],[175.98412,-39.13413],[175.98237,-39.12666],[175.98863,-39.11941],[175.98889,-39.11578],[175.99226,-39.11443],[175.99806,-39.11361],[176.00142,-39.11422],[176.00398,-39.11294],[176.00494,-39.11072],[176.00757,-39.10841],[176.00729,-39.10656],[176.00457,-39.1024],[176.00755,-39.0991],[176.01163,-39.09717],[176.01266,-39.09501],[176.01282,-39.09175],[176.01595,-39.09027],[176.01745,-39.08745],[176.02029,-39.08621],[176.02207,-39.08355],[176.02598,-39.08255],[176.03137,-39.07821],[176.03238,-39.08222],[176.03595,-39.08464],[176.03666,-39.08637],[176.03556,-39.08996],[176.03197,-39.09234],[176.03246,-39.09951],[176.03566,-39.09825],[176.04012,-39.09886],[176.04343,-39.1006],[176.04369,-39.10286],[176.04912,-39.10346],[176.05436,-39.10576],[176.0581,-39.1091],[176.0629,-39.11087],[176.06208,-39.11398],[176.06426,-39.11916],[176.07156,-39.12406],[176.08055,-39.12649],[176.08329,-39.12912],[176.08567,-39.12945],[176.08451,-39.13214],[176.0866,-39.13769],[176.0829,-39.14064],[176.08242,-39.14439],[176.08349,-39.15005],[176.08806,-39.15506],[176.08935,-39.15738],[176.08926,-39.16008],[176.09015,-39.16143],[176.09229,-39.16346],[176.09913,-39.16738],[176.10111,-39.16991],[176.10023,-39.17372],[176.1027,-39.17568],[176.1024,-39.17737],[176.0979,-39.17925],[176.09513,-39.17769],[176.08938,-39.17827],[176.08684,-39.18037],[176.08287,-39.18616],[176.0839,-39.18809],[176.08761,-39.18886],[176.08901,-39.19034],[176.08965,-39.19437],[176.08916,-39.19611],[176.09037,-39.19997],[176.08431,-39.20388],[176.08323,-39.20806],[176.07774,-39.20815],[176.07548,-39.2096],[176.07499,-39.21089],[176.07651,-39.21243],[176.07706,-39.21651],[176.07766,-39.21674],[176.08432,-39.21652],[176.08715,-39.21329],[176.09181,-39.21095],[176.09452,-39.21102],[176.0996,-39.213],[176.10094,-39.21584],[176.1023,-39.21662],[176.10905,-39.21489],[176.11103,-39.21506],[176.1154,-39.218],[176.1144,-39.22079],[176.1153,-39.22316],[176.11436,-39.22456],[176.11128,-39.22497],[176.10875,-39.22656],[176.10708,-39.22854],[176.1061,-39.23198],[176.10338,-39.23226],[176.10101,-39.23521],[176.09805,-39.23673],[176.09703,-39.2429],[176.09404,-39.24503],[176.09376,-39.24776],[176.09008,-39.25241],[176.08345,-39.25634],[176.08072,-39.25995],[176.08181,-39.26416],[176.08689,-39.26482],[176.08877,-39.26611],[176.08972,-39.26882],[176.08932,-39.27298],[176.09243,-39.27581],[176.09362,-39.27803],[176.09267,-39.28027],[176.08691,-39.28576],[176.08684,-39.28909],[176.09,-39.29064],[176.09741,-39.29162],[176.10041,-39.29477],[176.101,-39.29763],[176.10085,-39.31169],[176.10243,-39.31519],[176.10981,-39.32049],[176.11435,-39.32069],[176.1171,-39.3217],[176.12016,-39.32393],[176.12182,-39.32671],[176.12069,-39.32956],[176.11847,-39.33213],[176.11738,-39.33689],[176.11502,-39.3392],[176.09899,-39.34345],[176.09344,-39.34602],[176.07208,-39.36056],[176.06583,-39.3663],[176.05943,-39.36737],[176.05203,-39.36566],[176.04955,-39.36815],[176.04391,-39.37162],[176.04435,-39.37492],[176.04306,-39.38144],[176.05064,-39.38235],[176.05478,-39.38365],[176.05892,-39.3836],[176.06321,-39.3865],[176.06734,-39.39135],[176.06906,-39.39229],[176.07173,-39.39171],[176.07481,-39.38733],[176.08464,-39.38347],[176.09564,-39.38368],[176.10413,-39.38191],[176.10809,-39.38269],[176.11124,-39.38444],[176.11323,-39.38692],[176.11484,-39.39319],[176.11913,-39.39819],[176.12048,-39.40094],[176.11934,-39.40782],[176.1199,-39.41481],[176.11755,-39.42334],[176.12111,-39.4301],[176.12145,-39.43444],[176.13285,-39.44135],[176.13506,-39.44414],[176.13435,-39.44491],[176.14197,-39.44578],[176.14295,-39.44818],[176.14402,-39.44849],[176.14172,-39.45421],[176.14396,-39.45979],[176.1421,-39.4633],[176.13928,-39.46564],[176.13972,-39.4698],[176.13695,-39.47594],[176.1418,-39.47862],[176.14374,-39.48129],[176.14789,-39.48229],[176.14893,-39.48655],[176.15136,-39.48867],[176.15294,-39.48925],[176.15469,-39.48836],[176.15963,-39.49058],[176.16458,-39.4989],[176.16643,-39.50058],[176.16912,-39.50132],[176.18202,-39.50075],[176.18845,-39.50294],[176.19027,-39.50264],[176.19337,-39.50392],[176.19405,-39.50507],[176.1927,-39.50898],[176.18916,-39.51269],[176.18709,-39.51673],[176.18491,-39.52584],[176.18422,-39.5369],[176.18228,-39.54261],[176.1806,-39.54224],[176.17814,-39.54734],[176.17388,-39.55072],[176.16283,-39.55566],[176.15682,-39.55738],[176.15191,-39.56024],[176.1507,-39.56185],[176.15069,-39.56332],[176.15497,-39.56946],[176.14302,-39.57653],[176.1425,-39.57989],[176.14476,-39.58244],[176.14273,-39.58468],[176.14717,-39.59255],[176.15274,-39.59828],[176.15758,-39.5968],[176.1614,-39.60286],[176.16526,-39.6016],[176.17207,-39.60269],[176.17349,-39.60205],[176.17899,-39.60525],[176.18125,-39.61693],[176.16509,-39.64865],[176.19594,-39.66357],[176.20087,-39.67299],[176.19268,-39.67976],[176.18423,-39.68378],[176.18055,-39.71106],[176.16909,-39.71792],[176.17685,-39.74405],[176.13795,-39.82388],[176.13499,-39.85059],[176.12679,-39.8615],[176.1172,-39.88677],[176.11834,-39.88767],[176.12313,-39.88797],[176.12689,-39.89155],[176.12612,-39.90478],[176.12034,-39.90967],[176.10879,-39.9151],[176.10683,-39.91709],[176.11359,-39.92467],[176.11334,-39.9267],[176.11543,-39.9294],[176.11168,-39.93801],[176.10957,-39.93918],[176.10974,-39.94186],[176.11695,-39.94577],[176.1245,-39.94776],[176.11711,-39.95774],[176.11958,-39.96171],[176.12111,-39.96245],[176.11615,-39.96957],[176.11214,-39.97052],[176.11105,-39.97223],[176.10317,-39.97723],[176.10186,-39.97925],[176.1016,-39.98431],[176.10029,-39.98476],[176.09923,-39.98882],[176.09592,-39.99152],[176.09383,-39.9955],[176.1255,-40.0136],[176.12397,-40.01702],[176.12449,-40.01882],[176.1304,-40.02362],[176.13339,-40.02466],[176.13467,-40.02742],[176.13663,-40.02858],[176.15427,-40.01223],[176.16224,-40.01716],[176.16516,-40.01762],[176.16732,-40.01684],[176.17221,-40.01764],[176.18062,-40.01624],[176.18146,-40.01635],[176.18133,-40.01823],[176.20497,-40.019],[176.21354,-40.01782],[176.21353,-40.02564],[176.21746,-40.02626],[176.21785,-40.02882],[176.23878,-40.02733],[176.23866,-40.03839],[176.2435,-40.03872],[176.24472,-40.04028],[176.24872,-40.04019],[176.25111,-40.0437],[176.26224,-40.0451],[176.26108,-40.05175],[176.26405,-40.05221],[176.26518,-40.05426],[176.26393,-40.05716],[176.26376,-40.06271],[176.26563,-40.06323],[176.26719,-40.06483],[176.27292,-40.06531],[176.28006,-40.06766],[176.28207,-40.06768],[176.2834,-40.06668],[176.28479,-40.06748],[176.2932,-40.06871],[176.29426,-40.0688],[176.29509,-40.06777],[176.29724,-40.06805],[176.29894,-40.07108],[176.30268,-40.07232],[176.29978,-40.07609],[176.30515,-40.07758],[176.31064,-40.08137],[176.31692,-40.08247],[176.3187,-40.08459],[176.32088,-40.08563],[176.31978,-40.08912],[176.32289,-40.08974],[176.32249,-40.09101],[176.32321,-40.09372],[176.32231,-40.09461],[176.32036,-40.09462],[176.31951,-40.09637],[176.31984,-40.09822],[176.3162,-40.10257],[176.318,-40.10639],[176.31618,-40.10812],[176.3171,-40.10906],[176.31215,-40.11268],[176.31265,-40.11368],[176.30999,-40.11585],[176.30927,-40.11781],[176.3091,-40.11916],[176.31038,-40.11962],[176.31044,-40.12111],[176.31284,-40.12209],[176.31319,-40.12392],[176.31658,-40.12315],[176.31965,-40.12034],[176.32197,-40.11976],[176.32153,-40.12134],[176.32437,-40.12306],[176.3296,-40.12251],[176.33412,-40.12614],[176.33446,-40.12759],[176.33654,-40.12786],[176.33587,-40.12834],[176.33672,-40.12878],[176.33522,-40.13017],[176.3365,-40.1305],[176.33541,-40.13646],[176.33383,-40.13863],[176.33711,-40.13882],[176.33656,-40.13972],[176.33818,-40.13994],[176.33855,-40.14114],[176.33963,-40.14133],[176.33969,-40.14227],[176.34322,-40.14554],[176.34631,-40.14683],[176.34853,-40.14599],[176.36482,-40.15102],[176.36973,-40.1516],[176.37196,-40.15475],[176.37417,-40.15486],[176.37602,-40.15689],[176.37875,-40.15814],[176.37833,-40.1632],[176.37492,-40.16529],[176.3711,-40.16619],[176.36601,-40.1732],[176.36626,-40.17478],[176.36503,-40.1753],[176.36602,-40.17654],[176.36504,-40.17932],[176.36555,-40.17974],[176.36351,-40.18098],[176.36474,-40.18198],[176.36495,-40.18366],[176.36633,-40.18446],[176.3657,-40.18559],[176.36707,-40.18576],[176.36677,-40.18649],[176.36586,-40.18637],[176.36596,-40.18736],[176.36664,-40.18743],[176.36578,-40.18911],[176.36131,-40.19209],[176.36218,-40.19309],[176.36393,-40.19283],[176.36219,-40.1965],[176.36151,-40.1957],[176.36157,-40.19686],[176.36012,-40.19647],[176.3587,-40.19788],[176.36114,-40.20117],[176.36027,-40.20237],[176.36172,-40.21533],[176.36453,-40.21369],[176.3684,-40.21518],[176.37017,-40.2144],[176.37027,-40.23425],[176.38031,-40.23742],[176.38027,-40.2463],[176.37853,-40.24654],[176.38019,-40.24743],[176.38117,-40.24908],[176.38038,-40.25298],[176.37923,-40.25392],[176.37972,-40.25854],[176.38117,-40.26007],[176.38046,-40.26064],[176.38169,-40.26281],[176.3863,-40.26571],[176.3795,-40.2676],[176.37809,-40.27248],[176.38091,-40.27259],[176.38138,-40.27442],[176.38309,-40.27447],[176.38185,-40.27613],[176.38057,-40.27644],[176.38065,-40.2772],[176.38354,-40.27751],[176.38609,-40.27931],[176.388,-40.27922],[176.39059,-40.27739],[176.39261,-40.27699],[176.39922,-40.28488],[176.39072,-40.31081],[176.38932,-40.31239],[176.38905,-40.31645],[176.39003,-40.32013],[176.38891,-40.32299],[176.39177,-40.32671],[176.39202,-40.32926],[176.3971,-40.329],[176.40567,-40.33302],[176.37064,-40.35862],[176.39188,-40.3617],[176.39174,-40.36393],[176.39055,-40.36619],[176.38829,-40.36781],[176.38685,-40.37219],[176.38709,-40.37384],[176.391,-40.37582],[176.39147,-40.37777],[176.3915,-40.37693],[176.40035,-40.37751],[176.40334,-40.37668],[176.4045,-40.37826],[176.40704,-40.37864],[176.41778,-40.39232],[176.42048,-40.39155],[176.42325,-40.39189],[176.42427,-40.39059],[176.42824,-40.39113],[176.43053,-40.38935],[176.43216,-40.39203],[176.43643,-40.39151],[176.43709,-40.39325],[176.4363,-40.39447],[176.43708,-40.39523],[176.43493,-40.39599],[176.43615,-40.39654],[176.43606,-40.39946],[176.43391,-40.40294],[176.43621,-40.40366],[176.44031,-40.40671],[176.44738,-40.4072],[176.45424,-40.40961],[176.45888,-40.40982],[176.46033,-40.41157],[176.46167,-40.41174],[176.46072,-40.40995],[176.46156,-40.40899],[176.46735,-40.41031],[176.46818,-40.41122],[176.47254,-40.40968],[176.47408,-40.41024],[176.47599,-40.40902],[176.4805,-40.40882],[176.48293,-40.40981],[176.48392,-40.41104],[176.48344,-40.41196],[176.48709,-40.41221],[176.48786,-40.41125],[176.49156,-40.41192],[176.49259,-40.41155],[176.49286,-40.40013],[176.54996,-40.42117],[176.55875,-40.40721],[176.57852,-40.4146],[176.57928,-40.41791],[176.58266,-40.41931],[176.58373,-40.42319],[176.58607,-40.42528],[176.58626,-40.42903],[176.58733,-40.43129],[176.58972,-40.42255],[176.62257,-40.42802],[176.89208,-40.49314],[176.88957,-40.50542],[176.88034,-40.53711],[176.87718,-40.54642],[176.86785,-40.56768],[176.85274,-40.59092],[176.8386,-40.60819],[176.82977,-40.61678],[176.82239,-40.62352],[176.80375,-40.6382],[176.78861,-40.64806],[176.77254,-40.65728],[176.75536,-40.66536],[176.73139,-40.67464],[176.7074,-40.68169],[176.6913,-40.68537],[176.67043,-40.70738],[176.66056,-40.71661],[176.64746,-40.72728],[176.63174,-40.73805],[176.61736,-40.75229],[176.60903,-40.76554],[176.59583,-40.78198],[176.57908,-40.79887],[176.56406,-40.81111],[176.3324,-40.69773],[176.32171,-40.69368],[176.31492,-40.69301],[176.30994,-40.69516],[176.30665,-40.69513],[176.30349,-40.69609],[176.29518,-40.69523],[176.28869,-40.69781],[176.28547,-40.69794],[176.28367,-40.69589],[176.28335,-40.69287],[176.28137,-40.68894],[176.28218,-40.68486],[176.27882,-40.68322],[176.27579,-40.68287],[176.27382,-40.67998],[176.27018,-40.67966],[176.26708,-40.67811],[176.26167,-40.67954],[176.25823,-40.67667],[176.2585,-40.67504],[176.25772,-40.67477],[176.255,-40.67574],[176.25298,-40.67505],[176.25004,-40.67643],[176.2488,-40.67632],[176.24813,-40.6753],[176.24636,-40.67615],[176.24632,-40.6772],[176.24378,-40.67751],[176.24093,-40.68027],[176.24022,-40.68049],[176.24041,-40.67953],[176.23905,-40.67887],[176.23749,-40.68019],[176.21125,-40.65921],[176.20047,-40.67253],[176.1839,-40.66468],[176.18109,-40.66969],[176.17422,-40.66865],[176.17187,-40.67258],[176.1681,-40.6731],[176.16647,-40.67451],[176.16623,-40.67916],[176.16421,-40.68147],[176.16246,-40.6822],[176.16095,-40.68022],[176.15254,-40.67694],[176.14465,-40.68074],[176.14339,-40.68031],[176.14454,-40.68146],[176.14404,-40.68262],[176.14145,-40.68073],[176.13947,-40.68261],[176.13796,-40.68237],[176.13626,-40.68372],[176.13306,-40.68462],[176.13168,-40.68294],[176.12989,-40.68238],[176.12729,-40.68283],[176.12407,-40.68127],[176.12261,-40.68209],[176.11814,-40.67882],[176.11843,-40.6803],[176.11752,-40.68043],[176.11162,-40.67943],[176.10819,-40.67777],[176.10719,-40.67422],[176.10534,-40.67329],[176.10321,-40.67292],[176.10003,-40.67548],[176.09371,-40.67517],[176.08233,-40.70815],[176.07909,-40.70743],[176.08198,-40.71571],[176.07484,-40.71324],[176.06198,-40.71465],[176.06029,-40.71444],[176.05983,-40.71336],[176.0569,-40.71302],[176.0556,-40.7168],[176.04805,-40.71529],[176.04753,-40.71461],[176.04369,-40.71643],[176.04389,-40.71587],[176.02245,-40.71149],[176.02418,-40.70729],[176.01718,-40.70564],[176.01252,-40.71691],[176.01067,-40.71313],[175.99539,-40.72503],[175.99343,-40.7238],[175.99047,-40.72577],[175.98883,-40.72587],[175.97971,-40.7222],[175.97747,-40.72309],[175.97401,-40.72288],[175.97765,-40.72689],[175.97749,-40.72953],[175.97535,-40.73053],[175.97766,-40.73046],[175.97853,-40.73256],[175.97651,-40.73473],[175.97443,-40.73435],[175.97139,-40.73668],[175.97409,-40.7369],[175.97547,-40.73832],[175.96895,-40.73839],[175.96502,-40.73925],[175.96061,-40.73639],[175.95553,-40.74327],[175.95164,-40.74352],[175.94991,-40.74234],[175.94343,-40.74065],[175.93498,-40.76681],[175.90985,-40.75093],[175.88547,-40.77329],[175.87164,-40.7779],[175.86662,-40.76964],[175.86277,-40.76981],[175.8495,-40.76162],[175.84208,-40.76924],[175.83621,-40.76576],[175.83475,-40.76654],[175.83434,-40.76562],[175.83268,-40.76619],[175.83031,-40.76464],[175.82822,-40.76612],[175.82721,-40.76547],[175.82794,-40.76486],[175.82749,-40.76415],[175.82848,-40.76148],[175.82692,-40.76092],[175.81093,-40.77958],[175.80332,-40.77581],[175.80155,-40.77711],[175.79743,-40.77585],[175.79601,-40.77308],[175.78859,-40.76799],[175.78546,-40.77233],[175.76474,-40.76809],[175.76679,-40.75936],[175.76641,-40.75504],[175.76772,-40.75314],[175.77535,-40.75084],[175.77639,-40.74913],[175.77608,-40.74528],[175.78056,-40.74406],[175.78154,-40.73953],[175.79075,-40.7256],[175.78466,-40.72528],[175.78083,-40.72249],[175.78057,-40.72375],[175.77819,-40.72382],[175.77754,-40.72226],[175.77653,-40.72222],[175.7765,-40.71968],[175.77393,-40.71896],[175.77678,-40.71398],[175.78042,-40.71132],[175.78119,-40.70764],[175.77011,-40.69889],[175.75635,-40.7088],[175.75418,-40.7093],[175.75684,-40.70752],[175.75715,-40.70574],[175.75586,-40.7005],[175.75241,-40.69742],[175.73718,-40.69692],[175.73468,-40.698],[175.73463,-40.69692],[175.7201,-40.69661],[175.69065,-40.69656],[175.69046,-40.70495],[175.69388,-40.70495],[175.69373,-40.7163],[175.68234,-40.71613],[175.68328,-40.71829],[175.68266,-40.72084],[175.68362,-40.72169],[175.68347,-40.72291],[175.67942,-40.72713],[175.67595,-40.72943],[175.66153,-40.72539],[175.65827,-40.72822],[175.65322,-40.74249],[175.62797,-40.7427],[175.62781,-40.74546],[175.6292,-40.74521],[175.62992,-40.74612],[175.63212,-40.74632],[175.63122,-40.74832],[175.6298,-40.74847],[175.6277,-40.7528],[175.62436,-40.75196],[175.60854,-40.74388],[175.60534,-40.74471],[175.60178,-40.7414],[175.59909,-40.741],[175.59771,-40.73869],[175.59053,-40.73699],[175.58737,-40.7342],[175.58628,-40.73566],[175.57597,-40.73313],[175.56779,-40.73658],[175.56079,-40.73487],[175.5597,-40.73438],[175.55911,-40.7326],[175.5602,-40.73179],[175.55939,-40.73076],[175.56054,-40.72876],[175.47344,-40.6934],[175.44696,-40.72626],[175.44612,-40.73103],[175.44278,-40.7355],[175.44288,-40.7382],[175.44158,-40.74196],[175.43964,-40.74415],[175.43429,-40.74641],[175.43086,-40.74519],[175.42272,-40.74539],[175.41935,-40.74272],[175.41597,-40.74183],[175.41264,-40.73873],[175.40742,-40.73575],[175.40465,-40.73527],[175.39977,-40.73743],[175.39669,-40.73718],[175.38882,-40.73103],[175.37747,-40.73254],[175.37482,-40.72923],[175.37149,-40.72682],[175.36762,-40.72772],[175.36425,-40.73068],[175.36084,-40.73156],[175.36034,-40.73279],[175.35576,-40.73011],[175.35557,-40.73129],[175.35183,-40.7349],[175.353,-40.74023],[175.35223,-40.74247],[175.35287,-40.74629],[175.34882,-40.74937],[175.34684,-40.75206],[175.34496,-40.75188],[175.3411,-40.7493],[175.33898,-40.74992],[175.33759,-40.75163],[175.3361,-40.75174],[175.33276,-40.74878],[175.33164,-40.74588],[175.32834,-40.74416],[175.32769,-40.74782],[175.32658,-40.74938],[175.30925,-40.74973],[175.30761,-40.7501],[175.30704,-40.75173],[175.30511,-40.75245],[175.29995,-40.75326],[175.29767,-40.75206],[175.29137,-40.75414],[175.28874,-40.75587],[175.28352,-40.76165],[175.27881,-40.76348],[175.27677,-40.76626],[175.26779,-40.7687],[175.26387,-40.76774],[175.26136,-40.7656],[175.25314,-40.76443],[175.24968,-40.76139],[175.24449,-40.75977],[175.24376,-40.75838],[175.23717,-40.75709],[175.23554,-40.75603],[175.23163,-40.75694],[175.22814,-40.75665],[175.22159,-40.75999],[175.21896,-40.76247],[175.21323,-40.76324],[175.20786,-40.76095],[175.20112,-40.76122],[175.20032,-40.76093],[175.20139,-40.75932],[175.19302,-40.75732],[175.19312,-40.75265],[175.18828,-40.74522],[175.18867,-40.74304],[175.18983,-40.74184],[175.19872,-40.74343],[175.20197,-40.73897],[175.20433,-40.73939],[175.20651,-40.73209],[175.20295,-40.73149],[175.20443,-40.73027],[175.18377,-40.7179],[175.17839,-40.72144],[175.17736,-40.72028],[175.16946,-40.71826],[175.17074,-40.7107],[175.13607,-40.7002],[174.85141,-40.62859],[174.87341,-40.62471],[174.89391,-40.62244],[174.89957,-40.61349],[174.90771,-40.59571],[174.91721,-40.56738],[174.92364,-40.55198],[174.92803,-40.53764],[174.94163,-40.50117],[174.94637,-40.48152],[174.94755,-40.46616],[174.94964,-40.4544],[174.9539,-40.43876],[174.96192,-40.40303],[174.96627,-40.36822],[174.96507,-40.35262],[174.96555,-40.3362],[174.9636,-40.31658],[174.96056,-40.30147],[174.95732,-40.27671],[174.9521,-40.25684],[174.9499,-40.23962],[174.94671,-40.22879],[174.93849,-40.21156],[174.93318,-40.20359],[174.92738,-40.19641],[174.91146,-40.17993],[174.89487,-40.16521],[174.88654,-40.15649],[174.87291,-40.13964],[174.86021,-40.12705],[174.83648,-40.11616],[174.8109,-40.10124],[174.79058,-40.08601],[174.77035,-40.06712],[174.74618,-40.06908],[174.71718,-40.06896],[174.78408,-39.85798],[174.77894,-39.85652],[174.77629,-39.8566],[174.77529,-39.85547],[174.7663,-39.8529],[174.7793,-39.8431],[174.7849,-39.8316],[174.79344,-39.83358],[174.79983,-39.82023],[174.79371,-39.82049],[174.79797,-39.81398],[174.79647,-39.81379],[174.80302,-39.80305],[174.81012,-39.80256],[174.81173,-39.80141],[174.83453,-39.80049],[174.83664,-39.79616],[174.84183,-39.79283],[174.85186,-39.78918],[174.84952,-39.78317],[174.85004,-39.77758],[174.85457,-39.77632],[174.8578,-39.77686],[174.85899,-39.7748],[174.86245,-39.77343],[174.87027,-39.7733],[174.87088,-39.77132],[174.87212,-39.77062],[174.87111,-39.76838],[174.87213,-39.7679],[174.87133,-39.76672],[174.87303,-39.7655],[174.87587,-39.76506],[174.87568,-39.76363],[174.8794,-39.76155],[174.88185,-39.76115],[174.88255,-39.75896],[174.88654,-39.75721],[174.88677,-39.75473],[174.88932,-39.75325],[174.8882,-39.75125],[174.89176,-39.74997],[174.89226,-39.74882],[174.89448,-39.74799],[174.89449,-39.74722],[174.89951,-39.74866],[174.90125,-39.74665],[174.90345,-39.74714],[174.9039,-39.74534],[174.9079,-39.74315],[174.90725,-39.74157],[174.90946,-39.74289],[174.90956,-39.74174],[174.91011,-39.74324],[174.91129,-39.74365],[174.91243,-39.74238],[174.91438,-39.74528],[174.91612,-39.74419],[174.91552,-39.74733],[174.91786,-39.74969],[174.9184,-39.74695],[174.91754,-39.74534],[174.91915,-39.74615],[174.921,-39.74536],[174.9231,-39.74349],[174.92277,-39.74192],[174.92397,-39.74039],[174.91986,-39.73819],[174.92289,-39.73759],[174.9228,-39.73683],[174.9249,-39.73507],[174.92287,-39.73295],[174.92528,-39.73349],[174.92677,-39.73213],[174.92407,-39.73068],[174.92378,-39.72947],[174.92607,-39.72634],[174.92745,-39.7262],[174.92723,-39.72536],[174.93062,-39.72448],[174.9316,-39.72317],[174.93078,-39.72267],[174.9319,-39.72053],[174.92778,-39.71756],[174.9278,-39.71387],[174.92711,-39.71318],[174.92784,-39.71218],[174.92283,-39.7064],[174.92297,-39.70484],[174.922,-39.70383],[174.92382,-39.70245],[174.9265,-39.70202],[174.92754,-39.70087],[174.92652,-39.69958],[174.92449,-39.69991],[174.92489,-39.69857],[174.92261,-39.69626],[174.92263,-39.69542],[174.92366,-39.69429],[174.92327,-39.69389],[174.92908,-39.69071],[174.92844,-39.68938],[174.92967,-39.68818],[174.92836,-39.68696],[174.93052,-39.68503],[174.92881,-39.68457],[174.93009,-39.68392],[174.92993,-39.68286],[174.93327,-39.68389],[174.93451,-39.68561],[174.93575,-39.68563],[174.93665,-39.68478],[174.93644,-39.68399],[174.93886,-39.68289],[174.94036,-39.68046],[174.94048,-39.67876],[174.93998,-39.67784],[174.93911,-39.67802],[174.93877,-39.67673],[174.9421,-39.67789],[174.94631,-39.67605],[174.94793,-39.67723],[174.95019,-39.67737],[174.95159,-39.67998],[174.9559,-39.67884],[174.958,-39.67929],[174.96478,-39.67559],[174.96982,-39.6768],[174.97462,-39.67486],[174.97263,-39.67201],[174.97345,-39.67032],[174.97532,-39.67027],[174.97894,-39.668],[174.98338,-39.66667],[174.98516,-39.66718],[174.9874,-39.66625],[174.98803,-39.66496],[174.98651,-39.66415],[174.98788,-39.66319],[174.98798,-39.6607],[174.98371,-39.66108],[174.98372,-39.65734],[174.9826,-39.6566],[174.98088,-39.65647],[174.97917,-39.65784],[174.97806,-39.65673],[174.97634,-39.65705],[174.97582,-39.65523],[174.97221,-39.65368],[174.97242,-39.65188],[174.97579,-39.64911],[174.97414,-39.64673],[174.96968,-39.64626],[174.971,-39.64501],[174.96998,-39.64376],[174.9747,-39.6402],[174.97438,-39.63919],[174.97641,-39.63771],[174.9744,-39.63791],[174.97276,-39.63424],[174.97337,-39.63301],[174.97064,-39.63143],[174.97146,-39.62927],[174.97281,-39.62824],[174.96998,-39.62551],[174.97159,-39.62282],[174.97063,-39.62143],[174.9713,-39.61976],[174.97053,-39.61879],[174.97181,-39.61558],[174.97168,-39.61368],[174.97248,-39.61294],[174.97143,-39.61213],[174.97107,-39.60947],[174.96761,-39.60528],[174.96956,-39.60412],[174.96841,-39.60149],[174.9691,-39.5986],[174.96994,-39.59818],[174.96934,-39.5953],[174.97251,-39.59369],[174.97241,-39.59234],[174.9741,-39.59111],[174.97184,-39.58486],[174.97395,-39.58454],[174.9715,-39.58211],[174.97434,-39.57789],[174.9744,-39.57653],[174.97282,-39.57515],[174.97432,-39.57497],[174.97574,-39.5728],[174.97528,-39.57096],[174.9724,-39.56763],[174.97534,-39.56637],[174.97475,-39.56551],[174.97565,-39.56513],[174.97522,-39.56447],[174.97413,-39.56484],[174.97366,-39.56353],[174.97469,-39.56203],[174.97764,-39.56135],[174.97684,-39.55934],[174.97831,-39.55898],[174.97973,-39.55729],[174.98383,-39.55662],[174.98432,-39.55582],[174.98618,-39.55642],[174.98706,-39.55595],[174.98724,-39.55395],[174.98887,-39.55222],[174.98701,-39.54723],[174.98859,-39.54564],[174.98841,-39.54396],[174.99011,-39.54222],[174.98958,-39.54195],[174.99176,-39.54032],[174.98993,-39.53961],[174.99043,-39.53806],[174.98966,-39.53705],[174.988,-39.53847],[174.9824,-39.53695],[174.97807,-39.53288],[174.97814,-39.53166],[174.97721,-39.53128],[174.97577,-39.52749],[174.97028,-39.52538],[174.97042,-39.52195],[174.97201,-39.52079],[174.97024,-39.51947],[174.96882,-39.51627],[174.9696,-39.51306],[174.96739,-39.51091],[174.96748,-39.50893],[174.96533,-39.50754],[174.96606,-39.50484],[174.96951,-39.50368],[174.96843,-39.50308],[174.9677,-39.50128],[174.96694,-39.5015],[174.96514,-39.49972],[174.96548,-39.49903],[174.96352,-39.49378],[174.96182,-39.49375],[174.96103,-39.49289],[174.96464,-39.48803],[174.96739,-39.48628],[174.96733,-39.4848],[174.96558,-39.48422],[174.96359,-39.48527],[174.96223,-39.48455],[174.96228,-39.48357],[174.95659,-39.47977],[174.95145,-39.48167],[174.95045,-39.47976],[174.94696,-39.4783],[174.94283,-39.47973],[174.9396,-39.47935],[174.93432,-39.47685],[174.93239,-39.47736],[174.9285,-39.47615],[174.92467,-39.47301],[174.92483,-39.47241],[174.9217,-39.47128],[174.92059,-39.46807],[174.9169,-39.46523],[174.91541,-39.46269],[174.91256,-39.46029],[174.91096,-39.46026],[174.90937,-39.45903],[174.90894,-39.45651],[174.90975,-39.45552],[174.90885,-39.45439],[174.90696,-39.45465],[174.90531,-39.45175],[174.90419,-39.45113],[174.90662,-39.44736],[174.90471,-39.44518],[174.90353,-39.44452],[174.89942,-39.44562],[174.89703,-39.44526],[174.89177,-39.44037],[174.89208,-39.4388],[174.89004,-39.43749],[174.88899,-39.43514],[174.88597,-39.4347],[174.88456,-39.43549],[174.88433,-39.4344],[174.88682,-39.43453],[174.88934,-39.43362],[174.88766,-39.42732],[174.88524,-39.42525],[174.88863,-39.42276],[174.88797,-39.42136],[174.8883,-39.41904],[174.88731,-39.41791],[174.88743,-39.4147],[174.88568,-39.41276],[174.88362,-39.41214],[174.88286,-39.41016],[174.87942,-39.40805],[174.87914,-39.40609],[174.8773,-39.4056],[174.87673,-39.40326],[174.87131,-39.40102],[174.87126,-39.39852],[174.86991,-39.39545],[174.86691,-39.39216],[174.86588,-39.38909],[174.86654,-39.38878],[174.87021,-39.39051],[174.87296,-39.38874],[174.87662,-39.3917],[174.87943,-39.39021],[174.88063,-39.38734],[174.88277,-39.38607],[174.8848,-39.3818],[174.88194,-39.37837],[174.88473,-39.3775],[174.88923,-39.37374],[174.88892,-39.37142],[174.89043,-39.36856],[174.88846,-39.36621],[174.8882,-39.36477],[174.88923,-39.36405],[174.89158,-39.35806],[174.88828,-39.35618],[174.88713,-39.35356],[174.88327,-39.3528],[174.88043,-39.35332],[174.87694,-39.35679],[174.87692,-39.35367],[174.87195,-39.35179],[174.87212,-39.34905],[174.87074,-39.3468],[174.86426,-39.34341],[174.86143,-39.34368],[174.86094,-39.34231],[174.85885,-39.34088],[174.8539,-39.34132],[174.85435,-39.33989],[174.85012,-39.33675],[174.84246,-39.33588],[174.83844,-39.33695],[174.83326,-39.33579],[174.82707,-39.33249],[174.82282,-39.33397],[174.82214,-39.33206],[174.8207,-39.33114],[174.8226,-39.32977],[174.82234,-39.32824],[174.81977,-39.32602],[174.82041,-39.32276],[174.81828,-39.32153],[174.81531,-39.31814],[174.81477,-39.31421],[174.81283,-39.31363],[174.81582,-39.31152],[174.81328,-39.31029],[174.81288,-39.30785],[174.80936,-39.30509],[174.80771,-39.30202],[174.80286,-39.30016],[174.79949,-39.29996],[174.79869,-39.29905],[174.79625,-39.29904],[174.79466,-39.29767],[174.79457,-39.2966],[174.79233,-39.296],[174.78947,-39.29186],[174.78622,-39.29103],[174.7856,-39.2894],[174.78313,-39.28762],[174.77537,-39.28492],[174.77422,-39.28359],[174.76954,-39.28387],[174.76846,-39.28436],[174.76929,-39.28839],[174.76756,-39.28938],[174.76602,-39.29207],[174.76641,-39.29439],[174.76529,-39.29558],[174.76092,-39.29464],[174.76008,-39.29353],[174.76033,-39.29255],[174.75893,-39.29243],[174.75879,-39.29039],[174.75658,-39.28993],[174.75784,-39.28882],[174.75813,-39.28721],[174.75528,-39.28627],[174.75395,-39.28492],[174.75477,-39.28423],[174.75191,-39.28315],[174.75063,-39.27893],[174.7478,-39.2758],[174.74971,-39.27295],[174.74918,-39.27218],[174.75115,-39.2721],[174.75168,-39.27129],[174.75156,-39.26832],[174.75024,-39.26592],[174.75035,-39.26313],[174.74958,-39.26253],[174.7542,-39.26031],[174.75698,-39.25781],[174.75745,-39.25633],[174.7546,-39.25463],[174.75244,-39.2519],[174.7526,-39.25003],[174.75192,-39.24938],[174.75337,-39.24793],[174.75236,-39.24711],[174.75236,-39.24588],[174.75036,-39.24525],[174.75049,-39.2441],[174.74676,-39.24312],[174.74692,-39.24249],[174.74552,-39.24163],[174.74798,-39.24266],[174.75461,-39.23671],[174.75564,-39.23364],[174.75233,-39.23052],[174.7524,-39.22887],[174.75146,-39.22967],[174.75062,-39.2289],[174.74912,-39.22922],[174.75136,-39.22694],[174.75053,-39.22651],[174.7521,-39.22529],[174.74658,-39.22427],[174.74485,-39.22253],[174.74133,-39.22335],[174.73987,-39.22281],[174.73507,-39.22324],[174.73357,-39.2224],[174.73364,-39.22104],[174.73119,-39.21814],[174.73055,-39.21461],[174.72952,-39.21377],[174.72731,-39.21415],[174.72489,-39.21203],[174.72185,-39.2134],[174.719,-39.21298],[174.71758,-39.21387],[174.71203,-39.2128],[174.69999,-39.20571],[174.70037,-39.20459],[174.70308,-39.20266],[174.70298,-39.20155],[174.70796,-39.19547],[174.70732,-39.19366],[174.70641,-39.19325],[174.70783,-39.19053],[174.70583,-39.18796],[174.70632,-39.18501],[174.70557,-39.18284],[174.70742,-39.18039],[174.70769,-39.17876],[174.70718,-39.17719],[174.69961,-39.1717],[174.70135,-39.16578],[174.70248,-39.1649],[174.69927,-39.16197],[174.69845,-39.15794],[174.69734,-39.15695],[174.6988,-39.15649],[174.70239,-39.15311],[174.70156,-39.15067],[174.70204,-39.14877],[174.69889,-39.14761],[174.69453,-39.14461],[174.69388,-39.14226],[174.69124,-39.14134],[174.68955,-39.13891],[174.68776,-39.13856],[174.68492,-39.13532],[174.68143,-39.13639],[174.68083,-39.135],[174.67906,-39.13408],[174.67517,-39.12983],[174.68745,-39.11603],[174.68858,-39.11628],[174.68978,-39.11541],[174.69132,-39.11351],[174.69106,-39.11156],[174.69948,-39.11184],[174.70102,-39.11078],[174.70308,-39.11226],[174.70556,-39.11232],[174.70758,-39.11373],[174.7112,-39.11098],[174.711,-39.11002],[174.71253,-39.10765],[174.71724,-39.10701],[174.72076,-39.10774],[174.72229,-39.10668],[174.72696,-39.10248],[174.72703,-39.09985],[174.72554,-39.09694],[174.72339,-39.09526],[174.72618,-39.08622],[174.72913,-39.08657],[174.73053,-39.08533],[174.73049,-39.08434],[174.73148,-39.08414],[174.73169,-39.08263],[174.73453,-39.08192],[174.73689,-39.08228],[174.74053,-39.08037],[174.74066,-39.07723],[174.74156,-39.07672],[174.74311,-39.07685],[174.74567,-39.07855],[174.75087,-39.07908],[174.75239,-39.08044],[174.75219,-39.08226],[174.7545,-39.08342],[174.75627,-39.08719],[174.75747,-39.08801],[174.77106,-39.07687],[174.76951,-39.07646],[174.76988,-39.07338],[174.7744,-39.07261],[174.77669,-39.0697],[174.77788,-39.0704],[174.78147,-39.06842],[174.78905,-39.06764],[174.79132,-39.0638],[174.79269,-39.06353],[174.79253,-39.06218],[174.79058,-39.06039],[174.79041,-39.05652],[174.78861,-39.05484],[174.78866,-39.05342],[174.7879,-39.05282],[174.78795,-39.04985],[174.79219,-39.04738],[174.77564,-39.04359],[174.77942,-39.03473],[174.77719,-39.03217],[174.77927,-39.02243],[174.77841,-39.02028],[174.77577,-39.02055],[174.77049,-39.0179],[174.77262,-39.01396],[174.77266,-39.01203],[174.76709,-39.00994],[174.76442,-39.00479],[174.76509,-39.00139],[174.76729,-39.0006],[174.76747,-38.99915],[174.77195,-38.99752],[174.77583,-38.9927],[174.77347,-38.99133],[174.76752,-38.99003],[174.76553,-38.98815],[174.77305,-38.98304],[174.77637,-38.98597],[174.77856,-38.98446],[174.78133,-38.9839],[174.78409,-38.98446],[174.78702,-38.98326],[174.79952,-38.9714],[174.79201,-38.96437],[174.7827,-38.96184],[174.78093,-38.96059],[174.78131,-38.95907],[174.78344,-38.9588],[174.78353,-38.95777],[174.78234,-38.95656],[174.78213,-38.95123],[174.78354,-38.95136],[174.78482,-38.94995],[174.78617,-38.95026],[174.7865,-38.94868],[174.79072,-38.94902],[174.79051,-38.94554],[174.79265,-38.9403],[174.78962,-38.93957],[174.79022,-38.9382],[174.7897,-38.93741],[174.78733,-38.93462],[174.78589,-38.93462],[174.78488,-38.93278],[174.78487,-38.92875],[174.78324,-38.92625],[174.78389,-38.92544],[174.78303,-38.92414],[174.78444,-38.92259],[174.78426,-38.92065],[174.79052,-38.9203],[174.79155,-38.91761],[174.79499,-38.91588],[174.79847,-38.91885],[174.79944,-38.9224],[174.8024,-38.9255],[174.80669,-38.92506],[174.80838,-38.92634],[174.8099,-38.92624],[174.81085,-38.92566],[174.81036,-38.92495],[174.81158,-38.92295],[174.81346,-38.92591],[174.81518,-38.92381],[174.81652,-38.92491],[174.8169,-38.92349],[174.81778,-38.92449],[174.82214,-38.92557],[174.82075,-38.92306],[174.82384,-38.92399],[174.82988,-38.92332],[174.82785,-38.92012],[174.83066,-38.91865],[174.83213,-38.91511],[174.82992,-38.91473],[174.83064,-38.91247],[174.82711,-38.9104],[174.82758,-38.90971],[174.82522,-38.90471],[174.82685,-38.90175],[174.82687,-38.89998],[174.82371,-38.89796],[174.82462,-38.89557],[174.81957,-38.89436],[174.82167,-38.8913],[174.82016,-38.89021],[174.8207,-38.88674],[174.81744,-38.88737],[174.81658,-38.88624],[174.81181,-38.88405],[174.81247,-38.8827],[174.81091,-38.88187],[174.80763,-38.88187],[174.8073,-38.87906],[174.80587,-38.87752],[174.80756,-38.87588],[174.80618,-38.87554],[174.80656,-38.87337],[174.8052,-38.87353],[174.80451,-38.87277],[174.80512,-38.87165],[174.80347,-38.87099],[174.804,-38.87015],[174.80662,-38.86954],[174.80472,-38.8684],[174.80319,-38.86847],[174.80274,-38.86748],[174.79877,-38.86527],[174.79974,-38.86374],[174.79948,-38.86166],[174.79674,-38.85896],[174.79819,-38.85542],[174.79977,-38.85411],[174.79955,-38.85125],[174.79705,-38.84936],[174.79832,-38.84824],[174.79823,-38.84664],[174.7996,-38.84516],[174.79843,-38.84304],[174.7997,-38.83921],[174.79832,-38.83752],[174.79961,-38.83578],[174.79907,-38.83514],[174.79965,-38.83269],[174.79729,-38.83153],[174.79926,-38.82893],[174.79663,-38.82903],[174.79565,-38.82749],[174.79304,-38.82743],[174.79252,-38.82644],[174.7913,-38.8267],[174.78964,-38.82458],[174.78804,-38.82474],[174.78664,-38.82096],[174.80782,-38.82],[174.81586,-38.80342],[174.81497,-38.80279],[174.81558,-38.80204],[174.81447,-38.80058],[174.81545,-38.79855],[174.81843,-38.79654],[174.81718,-38.79621],[174.8169,-38.7941],[174.8206,-38.795],[174.8218,-38.79387],[174.82066,-38.79345],[174.82223,-38.79216],[174.82089,-38.79165],[174.82052,-38.79061],[174.81897,-38.79041],[174.82008,-38.78946],[174.81938,-38.78868],[174.82085,-38.78833],[174.81998,-38.78701],[174.82626,-38.78572],[174.82777,-38.78375],[174.82932,-38.78355],[174.83148,-38.78194],[174.83205,-38.78347],[174.83562,-38.78244],[174.83707,-38.783],[174.83756,-38.78224],[174.8408,-38.78208],[174.84656,-38.7789],[174.84769,-38.77927],[174.84859,-38.77861],[174.85054,-38.77962],[174.84931,-38.78113],[174.85126,-38.78316],[174.85884,-38.78197],[174.86196,-38.77902],[174.86273,-38.77342],[174.86627,-38.76939],[174.86616,-38.76658],[174.86722,-38.76529],[174.86871,-38.76459],[174.87081,-38.76594],[174.87388,-38.76579],[174.87792,-38.76389],[174.88053,-38.76421],[174.88388,-38.76314],[174.88485,-38.762],[174.88919,-38.76105],[174.89258,-38.7586],[174.89602,-38.75471],[174.89856,-38.75545],[174.90238,-38.75387],[174.91469,-38.75482],[174.9202,-38.75336],[174.92753,-38.75632],[174.93102,-38.7556],[174.93272,-38.75442],[174.93243,-38.75245],[174.93785,-38.75016],[174.93833,-38.74919],[174.93773,-38.74425],[174.93844,-38.74358],[174.93797,-38.74136],[174.93686,-38.73965],[174.9333,-38.7388],[174.93341,-38.73692],[174.93456,-38.73548],[174.93481,-38.73056],[174.93749,-38.72871],[174.93856,-38.72638],[174.94392,-38.72282],[174.94149,-38.72106],[174.94246,-38.71996],[174.94537,-38.71777],[174.95413,-38.71512],[174.95239,-38.70828],[174.95104,-38.7061],[174.95316,-38.70436],[174.95261,-38.70292],[174.95328,-38.70136],[174.9549,-38.70129],[174.95712,-38.69933],[174.96287,-38.69924],[174.96434,-38.69682],[174.96109,-38.69272],[174.96163,-38.69017],[174.95989,-38.68973],[174.95792,-38.68737],[174.95788,-38.68273],[174.95916,-38.68114],[174.95865,-38.68008],[174.95957,-38.67834],[174.95656,-38.67597],[174.95449,-38.67579],[174.95423,-38.67497],[174.95583,-38.67302],[174.9551,-38.67084],[174.95589,-38.66955],[174.95439,-38.6675],[174.95618,-38.6651],[174.96087,-38.66358],[174.96446,-38.66477],[174.96744,-38.66758],[174.97163,-38.66732],[174.97438,-38.66651],[174.97555,-38.66534],[174.97902,-38.66628],[174.98106,-38.66398],[174.98113,-38.66188],[174.98646,-38.66548],[174.98929,-38.66463],[174.9943,-38.66476],[174.99749,-38.66497],[175.00047,-38.66626],[175.00265,-38.66339],[175.01375,-38.66009],[175.01508,-38.66074],[175.01704,-38.66038],[175.01805,-38.65903],[175.02218,-38.65952],[175.02473,-38.65781],[175.02647,-38.65924],[175.02762,-38.65879],[175.02925,-38.656],[175.0325,-38.65687],[175.03462,-38.65544],[175.03724,-38.65574],[175.03977,-38.65498],[175.03923,-38.65164],[175.04304,-38.65049],[175.04758,-38.65065],[175.05108,-38.64936],[175.05386,-38.64563],[175.058,-38.64429],[175.05693,-38.6417],[175.05737,-38.64048],[175.06997,-38.63767],[175.07049,-38.6343],[175.06916,-38.63112],[175.06945,-38.63007],[175.07444,-38.6297],[175.07861,-38.63128],[175.08296,-38.63479],[175.08752,-38.63582],[175.08855,-38.63776],[175.0931,-38.63801],[175.09246,-38.63504],[175.09837,-38.63382],[175.0997,-38.63137],[175.10179,-38.6313],[175.10502,-38.62843],[175.10794,-38.62765],[175.10899,-38.62645],[175.10923,-38.62452],[175.11645,-38.62191],[175.11954,-38.62639],[175.1357,-38.62625],[175.13658,-38.6269],[175.13601,-38.62928],[175.1389,-38.6316],[175.14102,-38.63181],[175.14369,-38.63013],[175.1496,-38.63072],[175.1546,-38.62882],[175.15898,-38.62963],[175.16055,-38.6281],[175.16504,-38.62805],[175.16704,-38.62708],[175.16981,-38.62788],[175.17328,-38.62737],[175.18012,-38.63033],[175.18385,-38.63092],[175.19524,-38.62945],[175.19654,-38.63161],[175.19662,-38.63355],[175.19952,-38.63474],[175.20225,-38.63737],[175.20613,-38.63767],[175.2077,-38.63902],[175.21095,-38.63864],[175.21323,-38.6394],[175.21503,-38.63785],[175.22242,-38.6365],[175.22331,-38.63523],[175.22721,-38.6346],[175.23094,-38.63203],[175.23433,-38.63219],[175.23643,-38.62535],[175.24044,-38.62404],[175.24351,-38.61973],[175.24849,-38.61537],[175.25185,-38.61418],[175.25353,-38.61487],[175.2544,-38.61656],[175.2559,-38.61522],[175.25626,-38.61325],[175.2589,-38.61256],[175.26022,-38.61333],[175.26224,-38.61223],[175.26511,-38.61303],[175.26532,-38.61372],[175.28513,-38.58799],[175.30017,-38.60057],[175.3019,-38.59919],[175.30638,-38.59536],[175.30087,-38.58874],[175.30299,-38.57146],[175.31776,-38.55604],[175.3247,-38.55139],[175.32639,-38.5543],[175.32916,-38.55427],[175.32987,-38.55637],[175.33468,-38.55932],[175.33222,-38.56339],[175.33612,-38.56717],[175.33541,-38.56952],[175.33175,-38.57027],[175.33553,-38.58152],[175.37779,-38.57266],[175.3803,-38.56236],[175.38156,-38.56082],[175.38347,-38.54177],[175.38578,-38.54092],[175.39339,-38.54334],[175.39546,-38.5431],[175.40072,-38.53729],[175.40719,-38.53445],[175.41171,-38.5302],[175.41514,-38.52812],[175.41788,-38.52222],[175.41523,-38.5156],[175.41587,-38.51349],[175.42278,-38.51146],[175.42645,-38.50598],[175.43322,-38.50169],[175.44029,-38.50055],[175.44308,-38.49886],[175.44433,-38.49693],[175.44399,-38.49541],[175.43915,-38.4942],[175.43855,-38.49361],[175.43916,-38.49264],[175.44545,-38.49032],[175.44834,-38.48773],[175.45277,-38.48648],[175.45725,-38.48632],[175.45964,-38.48435],[175.46706,-38.48527],[175.46954,-38.48489],[175.47553,-38.48073],[175.48094,-38.47888],[175.48314,-38.47956],[175.48286,-38.48284],[175.48452,-38.48403],[175.49466,-38.48105],[175.51019,-38.4813],[175.51859,-38.47932],[175.54208,-38.48058],[175.53824,-38.47033],[175.54046,-38.47219]]]}},{"type":"Feature","id":"09","properties":{"regionId":"09","name":"Wellington Region","labelPoint":{"longitude":175.4169,"latitude":-41.17822},"sourceField":"REGC_code","sourceNameField":"REGC_name"},"geometry":{"type":"Polygon","coordinates":[[[175.17321,-40.71964],[175.17457,-40.71934],[175.17736,-40.72028],[175.17839,-40.72144],[175.18377,-40.7179],[175.20443,-40.73027],[175.20295,-40.73149],[175.20651,-40.73209],[175.20433,-40.73939],[175.20197,-40.73897],[175.19872,-40.74343],[175.18983,-40.74184],[175.18867,-40.74304],[175.18828,-40.74522],[175.19312,-40.75265],[175.19302,-40.75732],[175.20139,-40.75932],[175.20032,-40.76093],[175.20112,-40.76122],[175.20786,-40.76095],[175.21323,-40.76324],[175.21896,-40.76247],[175.22159,-40.75999],[175.22814,-40.75665],[175.23163,-40.75694],[175.23554,-40.75603],[175.23717,-40.75709],[175.24376,-40.75838],[175.24449,-40.75977],[175.24968,-40.76139],[175.25314,-40.76443],[175.26113,-40.76554],[175.26413,-40.76786],[175.26873,-40.76871],[175.27332,-40.76675],[175.27677,-40.76626],[175.27881,-40.76348],[175.28352,-40.76165],[175.28874,-40.75587],[175.29137,-40.75414],[175.29767,-40.75206],[175.29995,-40.75326],[175.30511,-40.75245],[175.30704,-40.75173],[175.30761,-40.7501],[175.30925,-40.74973],[175.32658,-40.74938],[175.32769,-40.74782],[175.32834,-40.74416],[175.33164,-40.74588],[175.33276,-40.74878],[175.3361,-40.75174],[175.33759,-40.75163],[175.33898,-40.74992],[175.3411,-40.7493],[175.34496,-40.75188],[175.34684,-40.75206],[175.34882,-40.74937],[175.35287,-40.74629],[175.35223,-40.74247],[175.353,-40.74023],[175.35183,-40.7349],[175.35557,-40.73129],[175.35576,-40.73011],[175.36034,-40.73279],[175.36084,-40.73156],[175.36425,-40.73068],[175.36762,-40.72772],[175.37149,-40.72682],[175.37482,-40.72923],[175.37747,-40.73254],[175.38882,-40.73103],[175.39669,-40.73718],[175.39977,-40.73743],[175.40465,-40.73527],[175.40742,-40.73575],[175.41264,-40.73873],[175.41597,-40.74183],[175.41935,-40.74272],[175.42272,-40.74539],[175.43086,-40.74519],[175.43429,-40.74641],[175.43964,-40.74415],[175.44158,-40.74196],[175.44288,-40.7382],[175.44278,-40.7355],[175.44612,-40.73103],[175.44696,-40.72626],[175.47344,-40.6934],[175.56054,-40.72876],[175.55939,-40.73076],[175.5602,-40.73179],[175.55911,-40.7326],[175.5597,-40.73438],[175.56079,-40.73487],[175.56779,-40.73658],[175.57597,-40.73313],[175.58628,-40.73566],[175.58737,-40.7342],[175.59053,-40.73699],[175.59771,-40.73869],[175.59909,-40.741],[175.60178,-40.7414],[175.60534,-40.74471],[175.60854,-40.74388],[175.62436,-40.75196],[175.6277,-40.7528],[175.6298,-40.74847],[175.63122,-40.74832],[175.63212,-40.74632],[175.62992,-40.74612],[175.6292,-40.74521],[175.62781,-40.74546],[175.62797,-40.7427],[175.65322,-40.74249],[175.65827,-40.72822],[175.66153,-40.72539],[175.67595,-40.72943],[175.67942,-40.72713],[175.68347,-40.72291],[175.68362,-40.72169],[175.68266,-40.72084],[175.68328,-40.71829],[175.68234,-40.71613],[175.69373,-40.7163],[175.69388,-40.70495],[175.69046,-40.70495],[175.69065,-40.69656],[175.73463,-40.69692],[175.73468,-40.698],[175.73718,-40.69692],[175.75241,-40.69742],[175.75586,-40.7005],[175.75715,-40.70574],[175.75684,-40.70752],[175.75418,-40.7093],[175.75635,-40.7088],[175.77011,-40.69889],[175.78136,-40.70815],[175.78042,-40.71132],[175.77678,-40.71398],[175.77393,-40.71896],[175.7765,-40.71968],[175.77653,-40.72222],[175.77754,-40.72226],[175.77819,-40.72382],[175.78057,-40.72375],[175.78083,-40.72249],[175.78466,-40.72528],[175.79075,-40.7256],[175.78154,-40.73953],[175.78056,-40.74406],[175.77608,-40.74528],[175.77639,-40.74913],[175.77535,-40.75084],[175.76772,-40.75314],[175.76641,-40.75504],[175.76679,-40.75936],[175.76474,-40.76809],[175.78546,-40.77233],[175.78859,-40.76799],[175.79601,-40.77308],[175.79743,-40.77585],[175.80155,-40.77711],[175.80332,-40.77581],[175.81093,-40.77958],[175.82692,-40.76092],[175.82848,-40.76148],[175.82749,-40.76415],[175.82794,-40.76486],[175.82721,-40.76547],[175.82822,-40.76612],[175.83031,-40.76464],[175.83268,-40.76619],[175.83434,-40.76562],[175.83475,-40.76654],[175.83621,-40.76576],[175.84208,-40.76924],[175.8495,-40.76162],[175.86277,-40.76981],[175.86662,-40.76964],[175.87164,-40.7779],[175.88547,-40.77329],[175.90985,-40.75093],[175.93498,-40.76681],[175.94343,-40.74065],[175.94991,-40.74234],[175.95164,-40.74352],[175.95553,-40.74327],[175.96061,-40.73639],[175.96502,-40.73925],[175.96895,-40.73839],[175.97547,-40.73832],[175.97409,-40.7369],[175.97139,-40.73668],[175.97443,-40.73435],[175.97651,-40.73473],[175.97853,-40.73256],[175.97766,-40.73046],[175.97535,-40.73053],[175.97749,-40.72953],[175.97765,-40.72689],[175.97401,-40.72288],[175.97747,-40.72309],[175.97971,-40.7222],[175.98883,-40.72587],[175.99047,-40.72577],[175.99343,-40.7238],[175.99539,-40.72503],[176.01067,-40.71313],[176.01252,-40.71691],[176.01718,-40.70564],[176.02418,-40.70729],[176.02245,-40.71149],[176.04389,-40.71587],[176.04369,-40.71643],[176.04753,-40.71461],[176.04805,-40.71529],[176.0556,-40.7168],[176.0569,-40.71302],[176.05983,-40.71336],[176.06029,-40.71444],[176.06198,-40.71465],[176.07484,-40.71324],[176.08198,-40.71571],[176.07909,-40.70743],[176.08233,-40.70815],[176.09371,-40.67517],[176.10003,-40.67548],[176.10321,-40.67292],[176.10534,-40.67329],[176.10719,-40.67422],[176.10819,-40.67777],[176.11162,-40.67943],[176.11752,-40.68043],[176.11843,-40.6803],[176.11814,-40.67882],[176.12261,-40.68209],[176.12407,-40.68127],[176.12729,-40.68283],[176.12989,-40.68238],[176.13168,-40.68294],[176.13306,-40.68462],[176.13626,-40.68372],[176.13796,-40.68237],[176.13947,-40.68261],[176.14145,-40.68073],[176.14404,-40.68262],[176.14454,-40.68146],[176.14339,-40.68031],[176.14465,-40.68074],[176.15254,-40.67694],[176.16095,-40.68022],[176.16246,-40.6822],[176.16421,-40.68147],[176.16623,-40.67916],[176.16647,-40.67451],[176.1681,-40.6731],[176.17187,-40.67258],[176.17422,-40.66865],[176.18109,-40.66969],[176.1839,-40.66468],[176.20047,-40.67253],[176.21125,-40.65921],[176.23749,-40.68019],[176.23905,-40.67887],[176.24041,-40.67953],[176.24022,-40.68049],[176.24093,-40.68027],[176.24378,-40.67751],[176.24632,-40.6772],[176.24636,-40.67615],[176.24813,-40.6753],[176.2488,-40.67632],[176.25004,-40.67643],[176.25298,-40.67505],[176.255,-40.67574],[176.25772,-40.67477],[176.2585,-40.67504],[176.25823,-40.67667],[176.26167,-40.67954],[176.26708,-40.67811],[176.27018,-40.67966],[176.27382,-40.67998],[176.27579,-40.68287],[176.27882,-40.68322],[176.28218,-40.68486],[176.28137,-40.68894],[176.28335,-40.69287],[176.28367,-40.69589],[176.28547,-40.69794],[176.28869,-40.69781],[176.29518,-40.69523],[176.30349,-40.69609],[176.30665,-40.69513],[176.30994,-40.69516],[176.31492,-40.69301],[176.32171,-40.69368],[176.3324,-40.69773],[176.56406,-40.81111],[176.55175,-40.82119],[176.5385,-40.83047],[176.52997,-40.84515],[176.52214,-40.85639],[176.52,-40.86518],[176.51424,-40.88235],[176.50346,-40.904],[176.49823,-40.91759],[176.49513,-40.92361],[176.49253,-40.93633],[176.48516,-40.95867],[176.4763,-40.97706],[176.46163,-40.99962],[176.449,-41.01574],[176.43474,-41.03073],[176.40719,-41.05407],[176.39022,-41.06625],[176.37707,-41.07437],[176.36254,-41.0963],[176.35791,-41.11082],[176.35165,-41.12545],[176.34853,-41.14032],[176.33997,-41.16579],[176.33363,-41.18059],[176.32748,-41.19183],[176.32418,-41.21348],[176.31886,-41.23096],[176.31161,-41.24871],[176.29559,-41.27485],[176.28623,-41.28657],[176.27376,-41.30021],[176.25489,-41.31672],[176.23899,-41.3283],[176.21494,-41.34286],[176.19906,-41.35535],[176.18409,-41.36523],[176.16496,-41.38366],[176.14504,-41.39885],[176.12621,-41.41082],[176.10953,-41.41949],[176.09994,-41.43935],[176.08552,-41.4609],[176.07978,-41.4681],[176.06579,-41.48309],[176.04712,-41.49938],[176.01926,-41.51828],[176.0049,-41.52598],[175.98173,-41.53646],[175.95995,-41.54447],[175.94498,-41.5488],[175.91941,-41.55458],[175.89692,-41.55794],[175.87994,-41.56648],[175.84015,-41.584],[175.83386,-41.58968],[175.81552,-41.60338],[175.80425,-41.61037],[175.79206,-41.62229],[175.7773,-41.63409],[175.75654,-41.64801],[175.73182,-41.66101],[175.71217,-41.66954],[175.69058,-41.67698],[175.67004,-41.68242],[175.66111,-41.6903],[175.64446,-41.70275],[175.62286,-41.71582],[175.60848,-41.72328],[175.58183,-41.73898],[175.5626,-41.74798],[175.54592,-41.75461],[175.51577,-41.76373],[175.48332,-41.77024],[175.45914,-41.78226],[175.43047,-41.7933],[175.40586,-41.8003],[175.38238,-41.80518],[175.33688,-41.8122],[175.30629,-41.81478],[175.26619,-41.81501],[175.23423,-41.81276],[175.20889,-41.81191],[175.17888,-41.80864],[175.16512,-41.80613],[175.13783,-41.79917],[175.10817,-41.78906],[175.08708,-41.77943],[175.07028,-41.77036],[175.05169,-41.75854],[175.04294,-41.75209],[175.02541,-41.73727],[175.01953,-41.73119],[175.00651,-41.7166],[174.99779,-41.70496],[174.98871,-41.69049],[174.9825,-41.67828],[174.80006,-41.62081],[174.76797,-41.60704],[174.75345,-41.59916],[174.73497,-41.58739],[174.60698,-41.54935],[174.57761,-41.5381],[174.55066,-41.53125],[174.53683,-41.52662],[174.50868,-41.51513],[174.48567,-41.50308],[174.46298,-41.48787],[174.44457,-41.47276],[174.42942,-41.45735],[174.41297,-41.46938],[174.38804,-41.42715],[174.51479,-41.21572],[174.53968,-41.10539],[174.55916,-41.02419],[174.60348,-40.89586],[174.60259,-40.87128],[174.60413,-40.85573],[174.60945,-40.83263],[174.6174,-40.81177],[174.63004,-40.78923],[174.63881,-40.77693],[174.64738,-40.76653],[174.65989,-40.75358],[174.68962,-40.72748],[174.70444,-40.70872],[174.72094,-40.6922],[174.74564,-40.67274],[174.77476,-40.65542],[174.79636,-40.64548],[174.81331,-40.63907],[174.82924,-40.63407],[174.85141,-40.62859],[175.13607,-40.7002],[175.17074,-40.7107],[175.16912,-40.71754],[175.17102,-40.71911],[175.17321,-40.71964]]]}},{"type":"Feature","id":"12","properties":{"regionId":"12","name":"West Coast Region","labelPoint":{"longitude":170.69109,"latitude":-42.74814},"sourceField":"REGC_code","sourceNameField":"REGC_name"},"geometry":{"type":"Polygon","coordinates":[[[172.24186,-40.82628],[172.24277,-40.82631],[172.23818,-40.82967],[172.23897,-40.8321],[172.23857,-40.8355],[172.2404,-40.83955],[172.24021,-40.84174],[172.23806,-40.84525],[172.23045,-40.85008],[172.23196,-40.85144],[172.23202,-40.85361],[172.22898,-40.85609],[172.23119,-40.85922],[172.23032,-40.86382],[172.23383,-40.86924],[172.23675,-40.87123],[172.2388,-40.87128],[172.24407,-40.86685],[172.24711,-40.86602],[172.25105,-40.86899],[172.25287,-40.86118],[172.25897,-40.85876],[172.26246,-40.85898],[172.26314,-40.85971],[172.26319,-40.86526],[172.26653,-40.87032],[172.2703,-40.87193],[172.28467,-40.87387],[172.28823,-40.8755],[172.28997,-40.87774],[172.29064,-40.88195],[172.28994,-40.88593],[172.2882,-40.88931],[172.28199,-40.89662],[172.28154,-40.89893],[172.28351,-40.90128],[172.28836,-40.9038],[172.29329,-40.90271],[172.29545,-40.9033],[172.30103,-40.91026],[172.30036,-40.91531],[172.29821,-40.91735],[172.29404,-40.9194],[172.29765,-40.92248],[172.30535,-40.92548],[172.31662,-40.92448],[172.32222,-40.92948],[172.32615,-40.9351],[172.32809,-40.9363],[172.34498,-40.93379],[172.35051,-40.93193],[172.35763,-40.93469],[172.3689,-40.93662],[172.37577,-40.9344],[172.38114,-40.94546],[172.38635,-40.94934],[172.3856,-40.95193],[172.38307,-40.95523],[172.37797,-40.95862],[172.37475,-40.96203],[172.37026,-40.97057],[172.36374,-40.974],[172.3577,-40.97928],[172.34855,-40.9839],[172.33511,-40.98436],[172.32981,-40.98695],[172.32407,-40.99302],[172.31605,-41.0061],[172.31082,-41.01134],[172.31053,-41.01415],[172.31407,-41.01843],[172.31925,-41.02251],[172.32372,-41.02817],[172.33239,-41.03339],[172.33372,-41.03503],[172.331,-41.04566],[172.32345,-41.05429],[172.32333,-41.05717],[172.32488,-41.05962],[172.32771,-41.061],[172.33238,-41.06175],[172.34294,-41.06034],[172.34886,-41.06366],[172.3503,-41.06339],[172.35094,-41.06127],[172.35016,-41.05563],[172.35081,-41.05387],[172.35522,-41.05131],[172.36226,-41.05147],[172.36106,-41.0441],[172.36362,-41.04181],[172.36681,-41.03646],[172.37755,-41.02762],[172.38038,-41.02365],[172.38271,-41.02256],[172.38957,-41.02319],[172.39771,-41.02657],[172.40169,-41.02633],[172.40716,-41.02749],[172.41459,-41.0323],[172.41937,-41.03355],[172.42623,-41.03197],[172.43529,-41.02763],[172.43706,-41.02586],[172.43787,-41.02157],[172.43966,-41.02044],[172.45168,-41.02228],[172.46835,-41.02271],[172.47755,-41.02524],[172.48611,-41.02282],[172.49161,-41.02266],[172.49394,-41.02452],[172.49575,-41.03296],[172.49611,-41.04071],[172.49481,-41.04442],[172.49195,-41.04861],[172.48668,-41.05304],[172.48595,-41.05456],[172.489,-41.05759],[172.48994,-41.06152],[172.49202,-41.06467],[172.49617,-41.06567],[172.5081,-41.06553],[172.51333,-41.06686],[172.52266,-41.08178],[172.51818,-41.0907],[172.5186,-41.09378],[172.51984,-41.09565],[172.52274,-41.09677],[172.53354,-41.09637],[172.54332,-41.10137],[172.55064,-41.10166],[172.55304,-41.10252],[172.55811,-41.11014],[172.56066,-41.11675],[172.5672,-41.12282],[172.57355,-41.12515],[172.58137,-41.13697],[172.58518,-41.13899],[172.58889,-41.13763],[172.59172,-41.13775],[172.59382,-41.14421],[172.59675,-41.14811],[172.61835,-41.16018],[172.62098,-41.16462],[172.62045,-41.17185],[172.62223,-41.17969],[172.62519,-41.18469],[172.6295,-41.18747],[172.62827,-41.19326],[172.629,-41.19488],[172.63713,-41.19571],[172.64985,-41.19415],[172.6565,-41.19246],[172.6644,-41.19461],[172.66629,-41.19351],[172.66684,-41.19101],[172.66822,-41.1896],[172.67309,-41.18822],[172.68328,-41.19297],[172.69063,-41.19789],[172.69208,-41.20025],[172.69182,-41.20912],[172.69083,-41.21128],[172.68216,-41.21713],[172.67812,-41.22235],[172.66207,-41.23211],[172.65794,-41.23917],[172.63682,-41.24519],[172.62861,-41.24281],[172.62528,-41.24307],[172.61544,-41.24778],[172.61034,-41.24926],[172.60534,-41.2534],[172.5917,-41.2529],[172.58034,-41.254],[172.57705,-41.25526],[172.57456,-41.25805],[172.57266,-41.26378],[172.58189,-41.27234],[172.58534,-41.28091],[172.58608,-41.2886],[172.58863,-41.29082],[172.5966,-41.29263],[172.59842,-41.29546],[172.60032,-41.30118],[172.59809,-41.30773],[172.59819,-41.31021],[172.59087,-41.31656],[172.58792,-41.32255],[172.58726,-41.32795],[172.58928,-41.33303],[172.58927,-41.33551],[172.5876,-41.33768],[172.58297,-41.34076],[172.58155,-41.34369],[172.58208,-41.34618],[172.5852,-41.34951],[172.58601,-41.35154],[172.58557,-41.35334],[172.58183,-41.35857],[172.58243,-41.35999],[172.58567,-41.3621],[172.58646,-41.36425],[172.58436,-41.37619],[172.57827,-41.37858],[172.57536,-41.37696],[172.5733,-41.37711],[172.56574,-41.38138],[172.55985,-41.38276],[172.55807,-41.38439],[172.55734,-41.38768],[172.55596,-41.39096],[172.55399,-41.39326],[172.5523,-41.39836],[172.5476,-41.39884],[172.54359,-41.40056],[172.53652,-41.40046],[172.53394,-41.4018],[172.53211,-41.40551],[172.52288,-41.40654],[172.51227,-41.41282],[172.50841,-41.41225],[172.50433,-41.40859],[172.49787,-41.40724],[172.49293,-41.40703],[172.48466,-41.40805],[172.47437,-41.4058],[172.46979,-41.40636],[172.4654,-41.40562],[172.46302,-41.40419],[172.46268,-41.39631],[172.46118,-41.39436],[172.45591,-41.39657],[172.44425,-41.4051],[172.43871,-41.40801],[172.41931,-41.41052],[172.4162,-41.41228],[172.41519,-41.41401],[172.41528,-41.41599],[172.41844,-41.42217],[172.42177,-41.42483],[172.42905,-41.42517],[172.43111,-41.42913],[172.43022,-41.43455],[172.42219,-41.43909],[172.42209,-41.44132],[172.42526,-41.44848],[172.4254,-41.45176],[172.4242,-41.45443],[172.41967,-41.4586],[172.41986,-41.46348],[172.41875,-41.46655],[172.41886,-41.47069],[172.41409,-41.4745],[172.40967,-41.47457],[172.40692,-41.47546],[172.40328,-41.47872],[172.39851,-41.47803],[172.39607,-41.47859],[172.39074,-41.4887],[172.38888,-41.49061],[172.3819,-41.49178],[172.3771,-41.49163],[172.37308,-41.49339],[172.3537,-41.50631],[172.35255,-41.50798],[172.34304,-41.51154],[172.34269,-41.51692],[172.34667,-41.53124],[172.34381,-41.53897],[172.34567,-41.54493],[172.34473,-41.5552],[172.33916,-41.5571],[172.33196,-41.55789],[172.32684,-41.56031],[172.3277,-41.56339],[172.32745,-41.56587],[172.33175,-41.57208],[172.33449,-41.5836],[172.33297,-41.58638],[172.33188,-41.5935],[172.33005,-41.59599],[172.33036,-41.59959],[172.32758,-41.60349],[172.32047,-41.61042],[172.30376,-41.6161],[172.29314,-41.62392],[172.29248,-41.62585],[172.29437,-41.63041],[172.2925,-41.63376],[172.29102,-41.63483],[172.2804,-41.63647],[172.27637,-41.6315],[172.26443,-41.62728],[172.25768,-41.63191],[172.24689,-41.6349],[172.24385,-41.63746],[172.23736,-41.6402],[172.23765,-41.64246],[172.24128,-41.64387],[172.24068,-41.64638],[172.24118,-41.64996],[172.2392,-41.65261],[172.24017,-41.65544],[172.24267,-41.65814],[172.24317,-41.66026],[172.24957,-41.66162],[172.25176,-41.66324],[172.25381,-41.66796],[172.25366,-41.66931],[172.25064,-41.67257],[172.25036,-41.67567],[172.24708,-41.68422],[172.25124,-41.68869],[172.25973,-41.6944],[172.25147,-41.70266],[172.24877,-41.7031],[172.24128,-41.69995],[172.23578,-41.69277],[172.2329,-41.69155],[172.22568,-41.69362],[172.21304,-41.6891],[172.21216,-41.69074],[172.21292,-41.69334],[172.21246,-41.69605],[172.21067,-41.699],[172.20912,-41.69993],[172.20342,-41.69568],[172.19656,-41.69527],[172.19169,-41.6925],[172.18803,-41.69251],[172.17448,-41.70304],[172.16748,-41.70224],[172.16113,-41.70273],[172.15532,-41.69969],[172.15153,-41.70422],[172.15038,-41.71081],[172.14411,-41.71166],[172.14229,-41.71417],[172.13921,-41.71585],[172.13443,-41.7142],[172.12909,-41.71407],[172.12686,-41.71637],[172.12489,-41.72247],[172.11906,-41.72543],[172.11577,-41.73202],[172.12004,-41.73515],[172.12415,-41.73534],[172.1246,-41.73798],[172.12397,-41.74229],[172.11883,-41.7477],[172.11768,-41.75287],[172.11789,-41.75617],[172.11518,-41.75746],[172.11348,-41.75989],[172.10859,-41.76236],[172.10744,-41.76441],[172.1038,-41.76523],[172.10014,-41.7676],[172.09728,-41.77431],[172.09769,-41.77662],[172.10059,-41.77822],[172.09965,-41.78053],[172.10003,-41.78373],[172.10408,-41.78642],[172.10512,-41.78932],[172.10769,-41.78978],[172.11439,-41.78833],[172.11628,-41.78915],[172.11573,-41.8684],[172.10983,-41.86801],[172.10322,-41.86886],[172.10098,-41.86984],[172.099,-41.87213],[172.09383,-41.87438],[172.09313,-41.87598],[172.0936,-41.88182],[172.09305,-41.88384],[172.09492,-41.88703],[172.09289,-41.89195],[172.08544,-41.89313],[172.08222,-41.89543],[172.07837,-41.89654],[172.07071,-41.89293],[172.06714,-41.89325],[172.06539,-41.89438],[172.06346,-41.89891],[172.06875,-41.9042],[172.0687,-41.91035],[172.07247,-41.91297],[172.07582,-41.91711],[172.07737,-41.92049],[172.07274,-41.9255],[172.0726,-41.92691],[172.06827,-41.92946],[172.06719,-41.93136],[172.06774,-41.93362],[172.06558,-41.93647],[172.0602,-41.93676],[172.05595,-41.93928],[172.05213,-41.94518],[172.05222,-41.94852],[172.05063,-41.95191],[172.05083,-41.95319],[172.05298,-41.95527],[172.05285,-41.95831],[172.05402,-41.95944],[172.06078,-41.96021],[172.07003,-41.96454],[172.07021,-41.96635],[172.06902,-41.96881],[172.06986,-41.97146],[172.06917,-41.97313],[172.07116,-41.97685],[172.06982,-41.97842],[172.06971,-41.98006],[172.07231,-41.98162],[172.07661,-41.9875],[172.07508,-41.99144],[172.07181,-41.99521],[172.07104,-41.9985],[172.07648,-42.00197],[172.08098,-42.00767],[172.09073,-42.0093],[172.0933,-42.01135],[172.09835,-42.01126],[172.10437,-42.0129],[172.11077,-42.01306],[172.11595,-42.0121],[172.11875,-42.01306],[172.12004,-42.01457],[172.12043,-42.0167],[172.11744,-42.02095],[172.11806,-42.02368],[172.11684,-42.02682],[172.11814,-42.02887],[172.11244,-42.03355],[172.11193,-42.0383],[172.10745,-42.04404],[172.10569,-42.04458],[172.10494,-42.04893],[172.10909,-42.05536],[172.10897,-42.0589],[172.11296,-42.06148],[172.11507,-42.06662],[172.11965,-42.07266],[172.11714,-42.07426],[172.11651,-42.07563],[172.12137,-42.07506],[172.12275,-42.07648],[172.13253,-42.08063],[172.13298,-42.08441],[172.13119,-42.08639],[172.12985,-42.09244],[172.13176,-42.09751],[172.13555,-42.1023],[172.1352,-42.10404],[172.16816,-42.1039],[172.17035,-42.10135],[172.17432,-42.10024],[172.17687,-42.10069],[172.18444,-42.10516],[172.18733,-42.10557],[172.18897,-42.10539],[172.1905,-42.10356],[172.19421,-42.10172],[172.20673,-42.09831],[172.20752,-42.09975],[172.20569,-42.10284],[172.20597,-42.10503],[172.20815,-42.1063],[172.21383,-42.10741],[172.21496,-42.10923],[172.21304,-42.11086],[172.20593,-42.11061],[172.20518,-42.11172],[172.20561,-42.11452],[172.21212,-42.11519],[172.21662,-42.11417],[172.218,-42.11491],[172.21829,-42.11612],[172.2164,-42.11996],[172.2166,-42.12376],[172.22096,-42.13163],[172.23273,-42.13158],[172.2333,-42.13308],[172.235,-42.13361],[172.24188,-42.13355],[172.24767,-42.13237],[172.2506,-42.13789],[172.24996,-42.14319],[172.25204,-42.14441],[172.25092,-42.14766],[172.2515,-42.15028],[172.25907,-42.14925],[172.26099,-42.14831],[172.31622,-42.14788],[172.3207,-42.14978],[172.32544,-42.15061],[172.33195,-42.15064],[172.33347,-42.14911],[172.33297,-42.15232],[172.33443,-42.15412],[172.33504,-42.15694],[172.33679,-42.15852],[172.3373,-42.1611],[172.34045,-42.16261],[172.33964,-42.16495],[172.34091,-42.16947],[172.34288,-42.17136],[172.34511,-42.17582],[172.34287,-42.17737],[172.34301,-42.17879],[172.34123,-42.18062],[172.34151,-42.18202],[172.33984,-42.18651],[172.3395,-42.19028],[172.34156,-42.19323],[172.33975,-42.19602],[172.33967,-42.1977],[172.34027,-42.19906],[172.34384,-42.20095],[172.34284,-42.20839],[172.34413,-42.21429],[172.3479,-42.21904],[172.3494,-42.22228],[172.34684,-42.22699],[172.34257,-42.22898],[172.34053,-42.23135],[172.33571,-42.23435],[172.33517,-42.23651],[172.33338,-42.23867],[172.33476,-42.24201],[172.33442,-42.24504],[172.33804,-42.24347],[172.34065,-42.24388],[172.34536,-42.24924],[172.3463,-42.25403],[172.35313,-42.25506],[172.35444,-42.25614],[172.35451,-42.25983],[172.35647,-42.26477],[172.35648,-42.26739],[172.35425,-42.27067],[172.3479,-42.2767],[172.35271,-42.27859],[172.35573,-42.28103],[172.35873,-42.28035],[172.37223,-42.28118],[172.37531,-42.2825],[172.38501,-42.28933],[172.40212,-42.29826],[172.41777,-42.30059],[172.43093,-42.30557],[172.43868,-42.30176],[172.44111,-42.29788],[172.44055,-42.29521],[172.44465,-42.29078],[172.44609,-42.28336],[172.45178,-42.27877],[172.45363,-42.27479],[172.4593,-42.27536],[172.46202,-42.27759],[172.46749,-42.27829],[172.46999,-42.27726],[172.47206,-42.27493],[172.47458,-42.27432],[172.47903,-42.27703],[172.47921,-42.28025],[172.48004,-42.2814],[172.47895,-42.28294],[172.47978,-42.28566],[172.47759,-42.28809],[172.47847,-42.29018],[172.47637,-42.29462],[172.47421,-42.29695],[172.4652,-42.30159],[172.4642,-42.30519],[172.4617,-42.30747],[172.46198,-42.31138],[172.46448,-42.31378],[172.46313,-42.31737],[172.46615,-42.31951],[172.46325,-42.32262],[172.46102,-42.32355],[172.45624,-42.3223],[172.45418,-42.32293],[172.45081,-42.32568],[172.44871,-42.32861],[172.44575,-42.33975],[172.44306,-42.34469],[172.44954,-42.3553],[172.44765,-42.35819],[172.44689,-42.36151],[172.44335,-42.36693],[172.43801,-42.37011],[172.4358,-42.36968],[172.42921,-42.37211],[172.42579,-42.37633],[172.41685,-42.38376],[172.39325,-42.37794],[172.38556,-42.38109],[172.36865,-42.38503],[172.36431,-42.3879],[172.36019,-42.38797],[172.3562,-42.39061],[172.34719,-42.39182],[172.34509,-42.39355],[172.34463,-42.39718],[172.34283,-42.39836],[172.33725,-42.39973],[172.33488,-42.40344],[172.33511,-42.40583],[172.3337,-42.40832],[172.32869,-42.41056],[172.3275,-42.41383],[172.32477,-42.41645],[172.31751,-42.4198],[172.31067,-42.4199],[172.29979,-42.42174],[172.29947,-42.4228],[172.30113,-42.4261],[172.30072,-42.42846],[172.296,-42.43387],[172.29551,-42.43626],[172.29346,-42.43843],[172.29328,-42.44041],[172.28983,-42.44305],[172.28668,-42.4441],[172.27879,-42.4499],[172.2728,-42.45096],[172.26555,-42.45513],[172.264,-42.45461],[172.26169,-42.45201],[172.25716,-42.45346],[172.25483,-42.45128],[172.24112,-42.45703],[172.23789,-42.45607],[172.23571,-42.45653],[172.23442,-42.46134],[172.23146,-42.46541],[172.23214,-42.46994],[172.23168,-42.47267],[172.22713,-42.47952],[172.2231,-42.4822],[172.21987,-42.48629],[172.21717,-42.48629],[172.21107,-42.48857],[172.20852,-42.4912],[172.20523,-42.49296],[172.19541,-42.49649],[172.19326,-42.49987],[172.19038,-42.50071],[172.18688,-42.50395],[172.18573,-42.50698],[172.18325,-42.50936],[172.18087,-42.51353],[172.18132,-42.51555],[172.18052,-42.52016],[172.18167,-42.52124],[172.18278,-42.52651],[172.1788,-42.53288],[172.17829,-42.53551],[172.17406,-42.5393],[172.16757,-42.54277],[172.16436,-42.54692],[172.15584,-42.5531],[172.14974,-42.55492],[172.14415,-42.5523],[172.14042,-42.55444],[172.1329,-42.55525],[172.12887,-42.55937],[172.12831,-42.56156],[172.1243,-42.56356],[172.12121,-42.56658],[172.11936,-42.56979],[172.11509,-42.57348],[172.11083,-42.5793],[172.1085,-42.58047],[172.10716,-42.58317],[172.10713,-42.5859],[172.10314,-42.58781],[172.09848,-42.59342],[172.10271,-42.60613],[172.10117,-42.60818],[172.09775,-42.61034],[172.09584,-42.61735],[172.09343,-42.6212],[172.08561,-42.62395],[172.08209,-42.62389],[172.07929,-42.62215],[172.07556,-42.62272],[172.06793,-42.62464],[172.06146,-42.62732],[172.05776,-42.62753],[172.0557,-42.62903],[172.05084,-42.62977],[172.04735,-42.63241],[172.04411,-42.63103],[172.0408,-42.63095],[172.02849,-42.63676],[172.02193,-42.63468],[172.01914,-42.6323],[172.01555,-42.63184],[172.01204,-42.63401],[172.00746,-42.63493],[171.99676,-42.63357],[171.9897,-42.63721],[171.98062,-42.63778],[171.97466,-42.63904],[171.97405,-42.63952],[171.97489,-42.64081],[171.97536,-42.64543],[171.97379,-42.6475],[171.97334,-42.65225],[171.97234,-42.65347],[171.96954,-42.65382],[171.96353,-42.65288],[171.95837,-42.65366],[171.95069,-42.6581],[171.94883,-42.66024],[171.94246,-42.66352],[171.93374,-42.66418],[171.92592,-42.6662],[171.92804,-42.66901],[171.92778,-42.67155],[171.92281,-42.67742],[171.91564,-42.68173],[171.9157,-42.68807],[171.91345,-42.69046],[171.9125,-42.69467],[171.90799,-42.7047],[171.90388,-42.70756],[171.90056,-42.71119],[171.88736,-42.71685],[171.88506,-42.71875],[171.88477,-42.7222],[171.88283,-42.72795],[171.88239,-42.73312],[171.88407,-42.73925],[171.88301,-42.74681],[171.88436,-42.74966],[171.8798,-42.75152],[171.87522,-42.74849],[171.87298,-42.74804],[171.86373,-42.75052],[171.86239,-42.75213],[171.85766,-42.75461],[171.85598,-42.75746],[171.84959,-42.76014],[171.84797,-42.76153],[171.84628,-42.76697],[171.84386,-42.76838],[171.84188,-42.77075],[171.84204,-42.77304],[171.84333,-42.77482],[171.83275,-42.77508],[171.82958,-42.77709],[171.82709,-42.78132],[171.81247,-42.78382],[171.81221,-42.78476],[171.81455,-42.78758],[171.81442,-42.7886],[171.81256,-42.78996],[171.81056,-42.79029],[171.80633,-42.78926],[171.8042,-42.78727],[171.80166,-42.78659],[171.79463,-42.78804],[171.79207,-42.78645],[171.78909,-42.78281],[171.78325,-42.78434],[171.77636,-42.7903],[171.76912,-42.78908],[171.7682,-42.79045],[171.76385,-42.79172],[171.76253,-42.7944],[171.76158,-42.80217],[171.7587,-42.80487],[171.7571,-42.80907],[171.75944,-42.81205],[171.75949,-42.81416],[171.75849,-42.81624],[171.75501,-42.81782],[171.75446,-42.81879],[171.75643,-42.82271],[171.76144,-42.82481],[171.76278,-42.82855],[171.76111,-42.83422],[171.76268,-42.83705],[171.76014,-42.84071],[171.75163,-42.84632],[171.73703,-42.84709],[171.73298,-42.85335],[171.73366,-42.85516],[171.73619,-42.85642],[171.73744,-42.85871],[171.73684,-42.86093],[171.73302,-42.86319],[171.73359,-42.86447],[171.7409,-42.86818],[171.74332,-42.87216],[171.74637,-42.87408],[171.74006,-42.87849],[171.73731,-42.87848],[171.73539,-42.88254],[171.73025,-42.88473],[171.72653,-42.8884],[171.71899,-42.89098],[171.71695,-42.89321],[171.71078,-42.89577],[171.71032,-42.89797],[171.71116,-42.90024],[171.71014,-42.90382],[171.70361,-42.90349],[171.6994,-42.90684],[171.69428,-42.90834],[171.68692,-42.90613],[171.68975,-42.90271],[171.69065,-42.90098],[171.69029,-42.89994],[171.68039,-42.89905],[171.67941,-42.89413],[171.67627,-42.89222],[171.67207,-42.8914],[171.66969,-42.88857],[171.66523,-42.88632],[171.66363,-42.88697],[171.66032,-42.89088],[171.65438,-42.89352],[171.65298,-42.89704],[171.64443,-42.89813],[171.64096,-42.90034],[171.63406,-42.9026],[171.62862,-42.90296],[171.61919,-42.9015],[171.61421,-42.90364],[171.61049,-42.90015],[171.60557,-42.89868],[171.59974,-42.89886],[171.59753,-42.90034],[171.5916,-42.90137],[171.59187,-42.89848],[171.59098,-42.89607],[171.58686,-42.89574],[171.57793,-42.89913],[171.57391,-42.89961],[171.57028,-42.90314],[171.56629,-42.9054],[171.55954,-42.90746],[171.55358,-42.90598],[171.54295,-42.90564],[171.53975,-42.90465],[171.53466,-42.90479],[171.52672,-42.90669],[171.51725,-42.91423],[171.51586,-42.91271],[171.51167,-42.91107],[171.51156,-42.90914],[171.50738,-42.90179],[171.50484,-42.90108],[171.50085,-42.89777],[171.4953,-42.89796],[171.49101,-42.89593],[171.48891,-42.89774],[171.48786,-42.90099],[171.48618,-42.90197],[171.48372,-42.90562],[171.48105,-42.90619],[171.48078,-42.90781],[171.47533,-42.91111],[171.47099,-42.91178],[171.46877,-42.91415],[171.46546,-42.91527],[171.46375,-42.91428],[171.46286,-42.91239],[171.45678,-42.911],[171.45446,-42.90921],[171.44919,-42.9092],[171.44578,-42.91232],[171.44228,-42.91372],[171.44021,-42.91701],[171.43631,-42.91927],[171.4344,-42.92145],[171.43584,-42.92393],[171.43495,-42.926],[171.43536,-42.92706],[171.43973,-42.92855],[171.44088,-42.93028],[171.44031,-42.9324],[171.43752,-42.93569],[171.4258,-42.93537],[171.42109,-42.93918],[171.42029,-42.94306],[171.41813,-42.94619],[171.41417,-42.94775],[171.41142,-42.95085],[171.40761,-42.95146],[171.40481,-42.95322],[171.40149,-42.95253],[171.39775,-42.95503],[171.39795,-42.95689],[171.39601,-42.95931],[171.39238,-42.95622],[171.3947,-42.95034],[171.39382,-42.94753],[171.39478,-42.94439],[171.39316,-42.94262],[171.3902,-42.94134],[171.38453,-42.94533],[171.38185,-42.94604],[171.3802,-42.9436],[171.37678,-42.94221],[171.37525,-42.94041],[171.37218,-42.93892],[171.36837,-42.93916],[171.3622,-42.93719],[171.36055,-42.93769],[171.35949,-42.94017],[171.35283,-42.94566],[171.34519,-42.94971],[171.34003,-42.94873],[171.3402,-42.94506],[171.3387,-42.94376],[171.33613,-42.94325],[171.33322,-42.94441],[171.32969,-42.94418],[171.32436,-42.94646],[171.31424,-42.94815],[171.30769,-42.95261],[171.30312,-42.9581],[171.30496,-42.96018],[171.3095,-42.96139],[171.30844,-42.96623],[171.30263,-42.9656],[171.29843,-42.96614],[171.29034,-42.971],[171.28561,-42.97278],[171.28221,-42.97312],[171.28089,-42.97499],[171.27356,-42.98002],[171.26093,-42.98506],[171.25615,-42.98982],[171.25593,-42.99091],[171.25691,-42.99188],[171.25422,-42.99504],[171.25394,-42.99752],[171.24935,-42.9988],[171.24184,-42.99879],[171.23767,-43.00251],[171.23926,-43.00462],[171.24038,-43.00804],[171.23934,-43.01299],[171.24353,-43.01622],[171.23673,-43.02419],[171.23682,-43.02637],[171.24077,-43.02873],[171.2407,-43.03097],[171.23987,-43.03287],[171.23641,-43.03527],[171.2355,-43.03762],[171.23362,-43.03947],[171.22704,-43.04024],[171.22481,-43.04256],[171.22274,-43.04325],[171.22344,-43.04535],[171.22262,-43.05081],[171.22147,-43.05248],[171.22233,-43.05506],[171.22195,-43.05828],[171.22013,-43.06074],[171.2196,-43.06465],[171.21142,-43.06566],[171.20933,-43.06836],[171.20402,-43.07269],[171.19815,-43.07429],[171.19497,-43.07258],[171.19087,-43.06667],[171.18557,-43.06427],[171.18421,-43.06436],[171.1783,-43.06803],[171.17773,-43.07082],[171.17571,-43.07425],[171.16975,-43.0747],[171.16136,-43.07719],[171.15854,-43.07709],[171.1557,-43.07867],[171.15449,-43.08102],[171.15188,-43.08253],[171.14883,-43.08683],[171.1459,-43.08885],[171.14477,-43.0887],[171.14308,-43.08686],[171.14065,-43.08251],[171.13398,-43.08225],[171.12993,-43.08123],[171.11722,-43.08573],[171.1157,-43.08779],[171.11351,-43.09569],[171.11533,-43.09803],[171.11539,-43.09957],[171.11186,-43.10308],[171.11152,-43.10518],[171.10946,-43.10737],[171.10815,-43.11039],[171.10539,-43.11213],[171.10023,-43.10901],[171.09997,-43.10681],[171.09674,-43.10579],[171.09591,-43.10445],[171.09636,-43.1022],[171.09515,-43.1008],[171.08977,-43.10174],[171.08467,-43.10109],[171.07973,-43.10202],[171.07759,-43.10677],[171.07781,-43.11038],[171.0766,-43.11189],[171.06763,-43.11247],[171.06494,-43.11352],[171.06328,-43.11532],[171.06285,-43.11847],[171.06619,-43.1214],[171.06904,-43.12562],[171.06758,-43.12827],[171.05828,-43.132],[171.05669,-43.13169],[171.04561,-43.13754],[171.04463,-43.13898],[171.04151,-43.13966],[171.04025,-43.14081],[171.04009,-43.14259],[171.03891,-43.14318],[171.03886,-43.1448],[171.03738,-43.14587],[171.03833,-43.1475],[171.03793,-43.15142],[171.04303,-43.15609],[171.0444,-43.1583],[171.04714,-43.15915],[171.04777,-43.16192],[171.04727,-43.16361],[171.0386,-43.16691],[171.0351,-43.16912],[171.02003,-43.17453],[171.01867,-43.17991],[171.0169,-43.18183],[171.01694,-43.18359],[171.01337,-43.18597],[171.01447,-43.18957],[171.01372,-43.19163],[171.01006,-43.19393],[171.00422,-43.19534],[170.99816,-43.20442],[170.9967,-43.20793],[170.99329,-43.2112],[170.99327,-43.21531],[170.99174,-43.21764],[170.9877,-43.21786],[170.98407,-43.22068],[170.97974,-43.22263],[170.97134,-43.22216],[170.9646,-43.22512],[170.95795,-43.22583],[170.95381,-43.22719],[170.94847,-43.22727],[170.94593,-43.22466],[170.94426,-43.22144],[170.94792,-43.21182],[170.94868,-43.20786],[170.94821,-43.20599],[170.93721,-43.20406],[170.92873,-43.20654],[170.92664,-43.20892],[170.92188,-43.21148],[170.92138,-43.2132],[170.91848,-43.21317],[170.91296,-43.21604],[170.91218,-43.22167],[170.91046,-43.223],[170.90999,-43.22598],[170.90684,-43.22871],[170.89678,-43.23296],[170.89356,-43.2353],[170.89336,-43.23753],[170.8921,-43.23897],[170.88724,-43.24164],[170.87581,-43.24577],[170.87309,-43.24582],[170.87324,-43.24779],[170.87576,-43.25245],[170.8746,-43.25425],[170.86785,-43.25891],[170.8671,-43.26191],[170.86523,-43.26482],[170.86889,-43.26734],[170.87069,-43.27253],[170.8678,-43.27519],[170.86431,-43.2764],[170.86026,-43.2814],[170.84835,-43.28154],[170.84174,-43.28292],[170.8374,-43.28291],[170.8354,-43.28202],[170.83121,-43.28306],[170.82272,-43.28953],[170.82421,-43.29243],[170.82401,-43.29421],[170.81992,-43.29969],[170.8119,-43.30115],[170.80571,-43.30447],[170.7991,-43.3003],[170.7928,-43.29907],[170.78834,-43.30307],[170.78245,-43.30423],[170.78157,-43.30649],[170.7771,-43.30732],[170.76882,-43.31287],[170.76452,-43.31316],[170.7618,-43.31778],[170.75982,-43.3183],[170.75187,-43.31867],[170.74375,-43.3163],[170.74068,-43.31668],[170.73922,-43.31587],[170.73407,-43.31604],[170.73133,-43.31524],[170.72724,-43.31645],[170.72458,-43.31841],[170.71676,-43.31655],[170.70531,-43.3188],[170.7057,-43.32079],[170.7095,-43.3236],[170.71026,-43.32659],[170.71676,-43.33278],[170.7147,-43.33857],[170.71614,-43.34324],[170.71241,-43.34499],[170.69937,-43.3464],[170.68626,-43.34616],[170.67741,-43.34765],[170.67075,-43.35073],[170.66829,-43.35626],[170.66459,-43.35756],[170.65999,-43.3616],[170.6568,-43.36245],[170.64672,-43.36931],[170.64581,-43.37053],[170.64605,-43.37404],[170.6487,-43.37519],[170.65247,-43.37501],[170.6536,-43.37667],[170.65763,-43.37741],[170.65759,-43.38286],[170.65663,-43.38689],[170.65172,-43.38874],[170.64805,-43.39236],[170.64474,-43.39322],[170.63997,-43.3931],[170.63293,-43.39682],[170.63299,-43.39889],[170.63503,-43.4014],[170.63052,-43.40556],[170.62786,-43.4067],[170.62211,-43.41311],[170.61894,-43.41471],[170.61555,-43.41796],[170.61517,-43.42115],[170.61358,-43.42415],[170.61715,-43.42983],[170.61506,-43.43187],[170.61157,-43.43261],[170.60312,-43.4305],[170.60061,-43.43233],[170.59128,-43.43402],[170.58073,-43.43002],[170.58044,-43.42605],[170.58326,-43.42407],[170.58378,-43.42275],[170.58024,-43.4185],[170.57763,-43.41944],[170.57253,-43.41904],[170.56527,-43.42293],[170.55667,-43.42415],[170.55281,-43.42192],[170.54604,-43.42182],[170.54385,-43.41828],[170.53777,-43.41637],[170.5352,-43.4145],[170.53351,-43.41029],[170.52968,-43.40998],[170.52449,-43.41426],[170.52174,-43.41829],[170.51831,-43.41904],[170.51738,-43.4215],[170.51768,-43.42438],[170.51346,-43.42624],[170.51133,-43.42841],[170.49673,-43.42661],[170.47549,-43.43298],[170.4727,-43.43635],[170.47093,-43.44214],[170.4655,-43.44674],[170.46463,-43.44904],[170.46057,-43.45162],[170.46023,-43.45809],[170.4592,-43.46131],[170.4578,-43.46185],[170.45174,-43.46138],[170.44446,-43.46414],[170.43655,-43.46466],[170.43381,-43.46581],[170.43244,-43.4684],[170.42671,-43.47412],[170.42444,-43.47563],[170.41834,-43.47765],[170.41302,-43.48343],[170.41078,-43.48785],[170.40718,-43.49051],[170.4005,-43.49341],[170.39925,-43.49522],[170.39503,-43.49817],[170.36773,-43.50434],[170.36346,-43.50723],[170.35604,-43.50615],[170.35088,-43.50404],[170.34627,-43.50022],[170.33731,-43.49921],[170.33482,-43.49796],[170.33399,-43.49193],[170.33119,-43.48916],[170.33081,-43.48642],[170.32973,-43.48507],[170.33239,-43.48358],[170.32874,-43.48158],[170.32608,-43.48385],[170.32199,-43.49132],[170.3169,-43.49225],[170.31211,-43.49564],[170.30734,-43.49773],[170.30357,-43.49836],[170.29923,-43.50174],[170.28689,-43.50472],[170.28048,-43.50702],[170.27612,-43.51022],[170.27348,-43.51089],[170.27208,-43.51001],[170.26727,-43.51267],[170.26452,-43.51297],[170.25723,-43.51082],[170.25464,-43.51121],[170.25123,-43.51308],[170.23842,-43.51383],[170.23574,-43.51596],[170.22883,-43.51903],[170.22611,-43.52255],[170.22087,-43.52475],[170.22012,-43.52871],[170.21796,-43.53128],[170.21425,-43.53133],[170.21325,-43.53443],[170.21043,-43.53565],[170.20817,-43.53877],[170.20287,-43.54123],[170.20372,-43.54724],[170.20307,-43.54936],[170.19968,-43.55102],[170.19848,-43.55319],[170.18947,-43.55623],[170.1827,-43.56128],[170.16953,-43.55992],[170.16575,-43.5629],[170.16069,-43.56308],[170.15741,-43.56547],[170.15726,-43.56703],[170.15813,-43.56841],[170.15768,-43.57178],[170.14663,-43.57382],[170.14484,-43.57839],[170.1427,-43.5811],[170.13982,-43.58945],[170.12529,-43.58723],[170.11549,-43.5889],[170.10935,-43.59215],[170.09813,-43.59548],[170.09677,-43.59765],[170.09318,-43.59957],[170.09216,-43.60171],[170.09305,-43.60363],[170.09217,-43.60665],[170.09695,-43.60974],[170.09778,-43.61522],[170.09415,-43.61933],[170.09291,-43.62537],[170.0986,-43.63018],[170.10122,-43.63869],[170.09948,-43.64522],[170.094,-43.64935],[170.09371,-43.65089],[170.09515,-43.65561],[170.09246,-43.6581],[170.09141,-43.66037],[170.08255,-43.6652],[170.07369,-43.67214],[170.06368,-43.67576],[170.06207,-43.67767],[170.05907,-43.67902],[170.05119,-43.68024],[170.04623,-43.6824],[170.04156,-43.68251],[170.03862,-43.68536],[170.02846,-43.6908],[170.0281,-43.6942],[170.03016,-43.69743],[170.0273,-43.70099],[170.0243,-43.70321],[170.02289,-43.7061],[170.02822,-43.71273],[170.03056,-43.71936],[170.03055,-43.72306],[170.02903,-43.72489],[170.01872,-43.73077],[170.01332,-43.73208],[170.01155,-43.73353],[170.01002,-43.7369],[170.00616,-43.74082],[169.99884,-43.74104],[169.97877,-43.74708],[169.97659,-43.75212],[169.97858,-43.75495],[169.98155,-43.75642],[169.98469,-43.75939],[169.97979,-43.76491],[169.97388,-43.76839],[169.97053,-43.77299],[169.97167,-43.77601],[169.97522,-43.78103],[169.97268,-43.78731],[169.96978,-43.78825],[169.96712,-43.79129],[169.96553,-43.79176],[169.95826,-43.78886],[169.94954,-43.79003],[169.94357,-43.7891],[169.94261,-43.79115],[169.94035,-43.7925],[169.9392,-43.79523],[169.93464,-43.79825],[169.93328,-43.80048],[169.92811,-43.80077],[169.9154,-43.80673],[169.913,-43.80884],[169.904,-43.81259],[169.89997,-43.81302],[169.89874,-43.81506],[169.89816,-43.81966],[169.89617,-43.82177],[169.89301,-43.82309],[169.89543,-43.8268],[169.89611,-43.82955],[169.89435,-43.83373],[169.88784,-43.8363],[169.87919,-43.83335],[169.86754,-43.83215],[169.85821,-43.83712],[169.85466,-43.84001],[169.85326,-43.84306],[169.84779,-43.84689],[169.84542,-43.84733],[169.84089,-43.85234],[169.83794,-43.85424],[169.83804,-43.85736],[169.84039,-43.86159],[169.8379,-43.86663],[169.83258,-43.86823],[169.8268,-43.87168],[169.81375,-43.87282],[169.80901,-43.8747],[169.80684,-43.87697],[169.80284,-43.87861],[169.80094,-43.88195],[169.79845,-43.88326],[169.79587,-43.8898],[169.79309,-43.89262],[169.78616,-43.89469],[169.78209,-43.89408],[169.77089,-43.89931],[169.76932,-43.90502],[169.76518,-43.90812],[169.76171,-43.91653],[169.76112,-43.92019],[169.75812,-43.92215],[169.75997,-43.92613],[169.7583,-43.93367],[169.7521,-43.9328],[169.74793,-43.93118],[169.74528,-43.93166],[169.74412,-43.93284],[169.74425,-43.93464],[169.74291,-43.9364],[169.74291,-43.94059],[169.73649,-43.94378],[169.73422,-43.94704],[169.72761,-43.9484],[169.72611,-43.95033],[169.72509,-43.95501],[169.72167,-43.95731],[169.71996,-43.9599],[169.70888,-43.96155],[169.70228,-43.96394],[169.69853,-43.96332],[169.69526,-43.95974],[169.69194,-43.9579],[169.68622,-43.95762],[169.68279,-43.95615],[169.67625,-43.95677],[169.67343,-43.95567],[169.6694,-43.95543],[169.65567,-43.95676],[169.64904,-43.95855],[169.64683,-43.96008],[169.64096,-43.96207],[169.63291,-43.96384],[169.62688,-43.96033],[169.62482,-43.95764],[169.62325,-43.95699],[169.61081,-43.95655],[169.60663,-43.95744],[169.59278,-43.95808],[169.5868,-43.96514],[169.58679,-43.97321],[169.58258,-43.98046],[169.58416,-43.98325],[169.58289,-43.98509],[169.58924,-43.9884],[169.59191,-43.99101],[169.5928,-43.99499],[169.59224,-44.00078],[169.59288,-44.00298],[169.59124,-44.00658],[169.59199,-44.01017],[169.59138,-44.01254],[169.58423,-44.01916],[169.58195,-44.0226],[169.58131,-44.03002],[169.58049,-44.0327],[169.57868,-44.03429],[169.57559,-44.03425],[169.57162,-44.03548],[169.56226,-44.03228],[169.55705,-44.03318],[169.55065,-44.03187],[169.54374,-44.03354],[169.54108,-44.03332],[169.53527,-44.03684],[169.52851,-44.0387],[169.52406,-44.04281],[169.52157,-44.04835],[169.51681,-44.05357],[169.51397,-44.05495],[169.5117,-44.05802],[169.5067,-44.05925],[169.50359,-44.05956],[169.4981,-44.05709],[169.48632,-44.05534],[169.47104,-44.05694],[169.46265,-44.05926],[169.45728,-44.06358],[169.45051,-44.06611],[169.44977,-44.06901],[169.45014,-44.07278],[169.44553,-44.07651],[169.44379,-44.08407],[169.43329,-44.08975],[169.42905,-44.0941],[169.4285,-44.09652],[169.42357,-44.09646],[169.4202,-44.09862],[169.41641,-44.09889],[169.40958,-44.10203],[169.40738,-44.10455],[169.40862,-44.10612],[169.4084,-44.10704],[169.3949,-44.11079],[169.39059,-44.11269],[169.38923,-44.11393],[169.38854,-44.11801],[169.38682,-44.11877],[169.37833,-44.11821],[169.37269,-44.1169],[169.3658,-44.1125],[169.35674,-44.10893],[169.35444,-44.10692],[169.34518,-44.10523],[169.33845,-44.10229],[169.33627,-44.09963],[169.33454,-44.09443],[169.32967,-44.08882],[169.33055,-44.07924],[169.32868,-44.0778],[169.3286,-44.07528],[169.32289,-44.07143],[169.32307,-44.0688],[169.32135,-44.06695],[169.321,-44.06409],[169.3161,-44.0618],[169.30898,-44.06065],[169.29721,-44.06101],[169.29081,-44.06273],[169.28981,-44.06712],[169.29022,-44.07389],[169.2846,-44.0801],[169.2797,-44.09089],[169.2795,-44.09378],[169.27518,-44.09858],[169.27028,-44.10166],[169.26586,-44.10322],[169.263,-44.10586],[169.25744,-44.10811],[169.24505,-44.10702],[169.2421,-44.10611],[169.23279,-44.10856],[169.21936,-44.10943],[169.21477,-44.10777],[169.21024,-44.10788],[169.20624,-44.10693],[169.19881,-44.10952],[169.18807,-44.11054],[169.18216,-44.10844],[169.17766,-44.10821],[169.17374,-44.10602],[169.16901,-44.10462],[169.15975,-44.10486],[169.15454,-44.09963],[169.1514,-44.09459],[169.15079,-44.09122],[169.14773,-44.08608],[169.14803,-44.08267],[169.14699,-44.08007],[169.14592,-44.0799],[169.13895,-44.08073],[169.13466,-44.08285],[169.13012,-44.08695],[169.11923,-44.08745],[169.11078,-44.09322],[169.10453,-44.09542],[169.10078,-44.09557],[169.09578,-44.09728],[169.08869,-44.09532],[169.08145,-44.09698],[169.07897,-44.09836],[169.07522,-44.10283],[169.07482,-44.10869],[169.07359,-44.10961],[169.05808,-44.10934],[169.04942,-44.11309],[169.04596,-44.11613],[169.03805,-44.1182],[169.02031,-44.11458],[169.01343,-44.11477],[169.01239,-44.11592],[169.00983,-44.12392],[169.01129,-44.12642],[169.01592,-44.13082],[169.01243,-44.13263],[169.00882,-44.1361],[169.00078,-44.13959],[168.99371,-44.14112],[168.98114,-44.14149],[168.97508,-44.14403],[168.97667,-44.1508],[168.98579,-44.16335],[168.98577,-44.16564],[168.98738,-44.16742],[168.98739,-44.16893],[168.97434,-44.17301],[168.96518,-44.17375],[168.96135,-44.18236],[168.9624,-44.18628],[168.96212,-44.19327],[168.96333,-44.20038],[168.95921,-44.20581],[168.94456,-44.20347],[168.93205,-44.20568],[168.91901,-44.20946],[168.91094,-44.20979],[168.90675,-44.21645],[168.90483,-44.21823],[168.89335,-44.21747],[168.87723,-44.22284],[168.87375,-44.22587],[168.87376,-44.22756],[168.87219,-44.23034],[168.87333,-44.23386],[168.87095,-44.23886],[168.86794,-44.24025],[168.8561,-44.24245],[168.84935,-44.24614],[168.85177,-44.25369],[168.85108,-44.25662],[168.85158,-44.25863],[168.85727,-44.26971],[168.85468,-44.27415],[168.84625,-44.2785],[168.84274,-44.28334],[168.84425,-44.28966],[168.84134,-44.2954],[168.84005,-44.30245],[168.8414,-44.31188],[168.83764,-44.31676],[168.83316,-44.31925],[168.83189,-44.32276],[168.83191,-44.32644],[168.83508,-44.33405],[168.83608,-44.33992],[168.83205,-44.34809],[168.83233,-44.35085],[168.82996,-44.35259],[168.8178,-44.35613],[168.81061,-44.36213],[168.8062,-44.36387],[168.80012,-44.36907],[168.78749,-44.37706],[168.78379,-44.38322],[168.77809,-44.38785],[168.77031,-44.39101],[168.76544,-44.39131],[168.75702,-44.39001],[168.75341,-44.39225],[168.74786,-44.399],[168.74321,-44.40256],[168.74132,-44.40542],[168.74117,-44.40934],[168.74461,-44.41814],[168.74443,-44.41948],[168.74255,-44.421],[168.73801,-44.42127],[168.72839,-44.41948],[168.72354,-44.41731],[168.7154,-44.41142],[168.69978,-44.40497],[168.69764,-44.40296],[168.69367,-44.39557],[168.68861,-44.39188],[168.68667,-44.39191],[168.68021,-44.39603],[168.67066,-44.39876],[168.66528,-44.40117],[168.66242,-44.40313],[168.65477,-44.41138],[168.64159,-44.41656],[168.63046,-44.4263],[168.6255,-44.43394],[168.61314,-44.43633],[168.60693,-44.43618],[168.59347,-44.44177],[168.59015,-44.45019],[168.58606,-44.45379],[168.58308,-44.45398],[168.57356,-44.45135],[168.56213,-44.45227],[168.55737,-44.45172],[168.55493,-44.45234],[168.54777,-44.45645],[168.53869,-44.457],[168.52355,-44.46037],[168.50681,-44.46682],[168.50349,-44.46982],[168.50092,-44.47543],[168.49402,-44.47662],[168.48781,-44.47887],[168.46994,-44.49089],[168.46092,-44.49539],[168.45252,-44.49256],[168.44156,-44.49219],[168.42857,-44.49543],[168.42141,-44.49563],[168.41552,-44.4974],[168.41016,-44.49645],[168.39908,-44.49611],[168.39406,-44.4984],[168.3902,-44.49907],[168.38653,-44.49754],[168.38379,-44.49769],[168.37796,-44.49587],[168.36585,-44.49482],[168.35853,-44.49189],[168.34986,-44.49425],[168.34505,-44.49704],[168.33927,-44.49561],[168.33453,-44.49678],[168.33701,-44.49501],[168.33373,-44.4892],[168.33748,-44.47808],[168.33688,-44.47586],[168.33893,-44.47407],[168.34364,-44.47277],[168.34446,-44.47],[168.35293,-44.46046],[168.35268,-44.45761],[168.34909,-44.45341],[168.34873,-44.45186],[168.35155,-44.44859],[168.3515,-44.44659],[168.35257,-44.44637],[168.35387,-44.44373],[168.35562,-44.44227],[168.35765,-44.44242],[168.35823,-44.44097],[168.3612,-44.43885],[168.35975,-44.43301],[168.36549,-44.42671],[168.36605,-44.4244],[168.36594,-44.41786],[168.36325,-44.4162],[168.35766,-44.41499],[168.3551,-44.41312],[168.35157,-44.40722],[168.35176,-44.40418],[168.35741,-44.39918],[168.36616,-44.3944],[168.37232,-44.39173],[168.37936,-44.39049],[168.38384,-44.38843],[168.38558,-44.38547],[168.3862,-44.38044],[168.3855,-44.37884],[168.39775,-44.37953],[168.4049,-44.37705],[168.40736,-44.37511],[168.40808,-44.36829],[168.41174,-44.36368],[168.41098,-44.36103],[168.4094,-44.36032],[168.38494,-44.35772],[168.38138,-44.35651],[168.36837,-44.3545],[168.37063,-44.3465],[168.38138,-44.33811],[168.37101,-44.34056],[168.36696,-44.34048],[168.36279,-44.33821],[168.35922,-44.33767],[168.35645,-44.33622],[168.35154,-44.33293],[168.34816,-44.32914],[168.34718,-44.32451],[168.34535,-44.32318],[168.34505,-44.32109],[168.35056,-44.31722],[168.34987,-44.31348],[168.35364,-44.30534],[168.34879,-44.30229],[168.35062,-44.29857],[168.35051,-44.2957],[168.34773,-44.29037],[168.34735,-44.28424],[168.34537,-44.2821],[168.34358,-44.28124],[168.33898,-44.2818],[168.33617,-44.2813],[168.33278,-44.28235],[168.32775,-44.28194],[168.32399,-44.27835],[168.32214,-44.27764],[168.31601,-44.27807],[168.30993,-44.27981],[168.30673,-44.27956],[168.30409,-44.27844],[168.29929,-44.27411],[168.29413,-44.27118],[168.28712,-44.26429],[168.2804,-44.26005],[168.27089,-44.26026],[168.26117,-44.2627],[168.25507,-44.25671],[168.25029,-44.25512],[168.24361,-44.25813],[168.22584,-44.25645],[168.22192,-44.26015],[168.21732,-44.26141],[168.21165,-44.26477],[168.20601,-44.26643],[168.20225,-44.26666],[168.20091,-44.26878],[168.19763,-44.27086],[168.19555,-44.2741],[168.17984,-44.27738],[168.16933,-44.27544],[168.16569,-44.27954],[168.15771,-44.28221],[168.15052,-44.28069],[168.14259,-44.28154],[168.13584,-44.28019],[168.13144,-44.28114],[168.11875,-44.27686],[168.11507,-44.2739],[168.10826,-44.27266],[168.09162,-44.26588],[168.08678,-44.26486],[168.07828,-44.26099],[168.06879,-44.25928],[168.0584,-44.2601],[168.05208,-44.25865],[167.83812,-44.12706],[167.86531,-44.10636],[167.88375,-44.09429],[167.91009,-44.08024],[167.93882,-44.06843],[167.96431,-44.05005],[167.99725,-44.03119],[168.01451,-44.02254],[168.03083,-44.01082],[168.05099,-43.98915],[168.06991,-43.97296],[168.08022,-43.95601],[168.08998,-43.94316],[168.10059,-43.93125],[168.11207,-43.9201],[168.12236,-43.90609],[168.1378,-43.88906],[168.15164,-43.87649],[168.16434,-43.86645],[168.18521,-43.85258],[168.20026,-43.84427],[168.22127,-43.8344],[168.24101,-43.82673],[168.26928,-43.81748],[168.29882,-43.8099],[168.32792,-43.80501],[168.36551,-43.80089],[168.39283,-43.79991],[168.42187,-43.80103],[168.45199,-43.78927],[168.47376,-43.78203],[168.49336,-43.77674],[168.51192,-43.77292],[168.54574,-43.76342],[168.58408,-43.75689],[168.62047,-43.75437],[168.63189,-43.74453],[168.64722,-43.73308],[168.67117,-43.71839],[168.70034,-43.70444],[168.72696,-43.6948],[168.7521,-43.68375],[168.80533,-43.66601],[168.82607,-43.66014],[168.85959,-43.65342],[168.89485,-43.64979],[168.92304,-43.64252],[168.93819,-43.62782],[168.95953,-43.61101],[168.9935,-43.58808],[169.04042,-43.5596],[169.07513,-43.5413],[169.09653,-43.53112],[169.17609,-43.50067],[169.1907,-43.49099],[169.2061,-43.48207],[169.23294,-43.46945],[169.26212,-43.4578],[169.29005,-43.44858],[169.32084,-43.43945],[169.34671,-43.43359],[169.37336,-43.42618],[169.39589,-43.42168],[169.4132,-43.4138],[169.43603,-43.40534],[169.46351,-43.3977],[169.48681,-43.39298],[169.49988,-43.38631],[169.51321,-43.37339],[169.52565,-43.35802],[169.54567,-43.33662],[169.56197,-43.31511],[169.57645,-43.30008],[169.59702,-43.28289],[169.61895,-43.26813],[169.63239,-43.26051],[169.64865,-43.25265],[169.66254,-43.24321],[169.67956,-43.23325],[169.70842,-43.21972],[169.72697,-43.21285],[169.75466,-43.20482],[169.77819,-43.19988],[169.80147,-43.19657],[169.82804,-43.16904],[169.85017,-43.15001],[169.88108,-43.12896],[169.8995,-43.11884],[169.91285,-43.11251],[169.92238,-43.10335],[169.93952,-43.0893],[169.96089,-43.07509],[169.97511,-43.06705],[169.98566,-43.05052],[169.9958,-43.03776],[170.00673,-43.02597],[170.01782,-43.0156],[170.0286,-43.00183],[170.04057,-42.98888],[170.05788,-42.97319],[170.07596,-42.95997],[170.09239,-42.94967],[170.11862,-42.9365],[170.14876,-42.92483],[170.1768,-42.91688],[170.20349,-42.91171],[170.22263,-42.89677],[170.25313,-42.87759],[170.2728,-42.86744],[170.30291,-42.855],[170.32922,-42.84698],[170.35518,-42.83792],[170.3754,-42.83251],[170.42671,-42.82119],[170.46263,-42.81624],[170.48638,-42.80035],[170.50478,-42.78986],[170.52769,-42.7793],[170.56229,-42.76519],[170.57041,-42.75871],[170.58895,-42.74596],[170.60903,-42.7347],[170.62497,-42.71935],[170.64668,-42.70265],[170.66595,-42.67503],[170.67397,-42.66512],[170.69128,-42.64719],[170.72273,-42.6099],[170.73784,-42.59486],[170.76195,-42.57577],[170.78369,-42.56209],[170.79357,-42.55298],[170.83308,-42.52106],[170.8576,-42.50544],[170.86801,-42.49223],[170.87629,-42.47946],[170.88501,-42.46802],[170.89815,-42.45255],[170.91078,-42.44008],[170.92041,-42.42399],[170.92396,-42.40385],[170.93096,-42.38227],[170.94225,-42.35957],[170.95258,-42.34398],[170.95754,-42.32612],[170.96097,-42.31732],[170.97773,-42.281],[170.98791,-42.26459],[170.99791,-42.25149],[171.00913,-42.23898],[171.02779,-42.22205],[171.03999,-42.20737],[171.04608,-42.19647],[171.04583,-42.18728],[171.04683,-42.17185],[171.04908,-42.15773],[171.05242,-42.14494],[171.05384,-42.13041],[171.05638,-42.11765],[171.05662,-42.10356],[171.05789,-42.0914],[171.06033,-42.07851],[171.06555,-42.06101],[171.08506,-42.01676],[171.10075,-41.9921],[171.10651,-41.97425],[171.11603,-41.95365],[171.12884,-41.93356],[171.14503,-41.91431],[171.14652,-41.89922],[171.14917,-41.88556],[171.15898,-41.85645],[171.17079,-41.83347],[171.1859,-41.81219],[171.18188,-41.78867],[171.18114,-41.75728],[171.18351,-41.73725],[171.18997,-41.71361],[171.19547,-41.69993],[171.20735,-41.67818],[171.21493,-41.65969],[171.22016,-41.64985],[171.23186,-41.63159],[171.24376,-41.61672],[171.25782,-41.60111],[171.27006,-41.58979],[171.28671,-41.57662],[171.30035,-41.56749],[171.31758,-41.55759],[171.33704,-41.54818],[171.35296,-41.54175],[171.37755,-41.53375],[171.39417,-41.52947],[171.41957,-41.52475],[171.44057,-41.52222],[171.46431,-41.52101],[171.48291,-41.52115],[171.50351,-41.5224],[171.52394,-41.52481],[171.54778,-41.52928],[171.57221,-41.52725],[171.59795,-41.52689],[171.62166,-41.51268],[171.64199,-41.5021],[171.65402,-41.48978],[171.66845,-41.47737],[171.68014,-41.46267],[171.7069,-41.41375],[171.71622,-41.40038],[171.72558,-41.38921],[171.73646,-41.36855],[171.74256,-41.35897],[171.75838,-41.33768],[171.77243,-41.32227],[171.78522,-41.3105],[171.79895,-41.2996],[171.81341,-41.29005],[171.82322,-41.28068],[171.82663,-41.27011],[171.83066,-41.24495],[171.83168,-41.22962],[171.8353,-41.21111],[171.83561,-41.20197],[171.83904,-41.17286],[171.83853,-41.15952],[171.83482,-41.14561],[171.8324,-41.13064],[171.83145,-41.11744],[171.83151,-41.09697],[171.83326,-41.07835],[171.84016,-41.04194],[171.84225,-41.02482],[171.83672,-41.00931],[171.83228,-40.99088],[171.83046,-40.97643],[171.82999,-40.96106],[171.82665,-40.93965],[171.8264,-40.92014],[171.82883,-40.89242],[171.83217,-40.87571],[171.83666,-40.86149],[171.84883,-40.83201],[171.85546,-40.81815],[171.86554,-40.80144],[171.88445,-40.77637],[171.89484,-40.75831],[171.90773,-40.7409],[171.92757,-40.72],[171.94567,-40.70506],[171.95744,-40.69141],[171.9682,-40.68091],[171.98021,-40.67064],[171.99631,-40.65888],[172.01101,-40.64422],[172.0307,-40.62835],[172.2178,-40.77454],[172.21744,-40.77585],[172.21817,-40.77766],[172.22153,-40.78088],[172.22392,-40.78481],[172.23484,-40.79219],[172.23763,-40.79615],[172.2483,-40.80528],[172.24871,-40.80781],[172.24557,-40.81473],[172.24634,-40.81846],[172.24303,-40.82119],[172.2401,-40.82506],[172.24186,-40.82628]]]}},{"type":"Feature","id":"13","properties":{"regionId":"13","name":"Canterbury Region","labelPoint":{"longitude":171.79711,"latitude":-43.57346},"sourceField":"REGC_code","sourceNameField":"REGC_name"},"geometry":{"type":"Polygon","coordinates":[[[173.75031,-41.90885],[173.75235,-41.90876],[173.76211,-41.91189],[173.75397,-41.91446],[173.76686,-41.9218],[173.78945,-41.95818],[173.79048,-41.95771],[173.79313,-41.9531],[173.79794,-41.94987],[173.7996,-41.94994],[173.80752,-41.94463],[173.81285,-41.93605],[173.81491,-41.93527],[173.81729,-41.93298],[173.83248,-41.93132],[173.83391,-41.93036],[173.84956,-41.93175],[173.85123,-41.93306],[173.85505,-41.93136],[173.85529,-41.93063],[173.85875,-41.92963],[173.87213,-41.92642],[173.87654,-41.92667],[173.88425,-41.92356],[173.89512,-41.9209],[173.89642,-41.91967],[173.90064,-41.91925],[173.91456,-41.91521],[173.91765,-41.91546],[173.91804,-41.91703],[173.91927,-41.91804],[173.92402,-41.91974],[173.92458,-41.92042],[173.9239,-41.92113],[173.93053,-41.92079],[173.93338,-41.91933],[173.93539,-41.91685],[173.93947,-41.91525],[173.944,-41.91219],[173.9544,-41.91324],[173.95574,-41.91252],[173.95571,-41.9115],[173.95659,-41.91167],[173.95711,-41.90955],[173.95877,-41.9085],[173.95999,-41.91066],[173.9603,-41.91407],[173.96344,-41.91835],[173.96356,-41.92009],[173.96527,-41.92287],[173.969,-41.92474],[173.96993,-41.92616],[173.97939,-41.92561],[173.97717,-41.93335],[174.00355,-41.93206],[174.01957,-41.93953],[174.02234,-41.93861],[174.02875,-41.9327],[174.02922,-41.93122],[174.03357,-41.93293],[174.03546,-41.93477],[174.03895,-41.93491],[174.04264,-41.93355],[174.04606,-41.9295],[174.04941,-41.92909],[174.05359,-41.93233],[174.05486,-41.9323],[174.05412,-41.933],[174.05457,-41.93373],[174.06011,-41.93372],[174.06344,-41.93471],[174.05751,-41.93924],[174.06019,-41.94232],[174.0612,-41.94481],[174.06036,-41.94738],[174.06084,-41.94967],[174.06002,-41.95189],[174.06027,-41.95439],[174.05363,-41.95973],[174.04992,-41.96379],[174.04767,-41.96823],[174.04877,-41.96812],[174.2641,-42.09922],[174.24582,-42.11022],[174.2301,-42.12758],[174.20789,-42.1467],[174.20886,-42.15968],[174.20809,-42.1797],[174.20496,-42.19834],[174.20089,-42.21213],[174.19357,-42.23025],[174.18638,-42.24379],[174.17627,-42.25906],[174.16425,-42.274],[174.13746,-42.30045],[174.1165,-42.31666],[174.09598,-42.32943],[174.08672,-42.33876],[174.07076,-42.35243],[174.05033,-42.37167],[174.03238,-42.38508],[174.01167,-42.39783],[173.99493,-42.41167],[173.99507,-42.43038],[173.99364,-42.44406],[173.98967,-42.46292],[173.98532,-42.47596],[173.97996,-42.4888],[173.97126,-42.50485],[173.96216,-42.51817],[173.95027,-42.53286],[173.9284,-42.55395],[173.90178,-42.5745],[173.88311,-42.58693],[173.86146,-42.5991],[173.83712,-42.61037],[173.81822,-42.6175],[173.79016,-42.62558],[173.77036,-42.62979],[173.76081,-42.64514],[173.74668,-42.66485],[173.72987,-42.68383],[173.71596,-42.69654],[173.70021,-42.72306],[173.67608,-42.76857],[173.65772,-42.79781],[173.65113,-42.81238],[173.63926,-42.83431],[173.63123,-42.85875],[173.62229,-42.87694],[173.61362,-42.89074],[173.60673,-42.90001],[173.59339,-42.91529],[173.58298,-42.92543],[173.57505,-42.94739],[173.56796,-42.96151],[173.56123,-42.97242],[173.55077,-42.98678],[173.54089,-42.99815],[173.52848,-43.01054],[173.49095,-43.04248],[173.47909,-43.05814],[173.46277,-43.07555],[173.44344,-43.09202],[173.43174,-43.10046],[173.41635,-43.11009],[173.36594,-43.13648],[173.3509,-43.14318],[173.32334,-43.15362],[173.31302,-43.16739],[173.30192,-43.17965],[173.28237,-43.1975],[173.26018,-43.21355],[173.24642,-43.22186],[173.23089,-43.22994],[173.19889,-43.24335],[173.16463,-43.25349],[173.14622,-43.2574],[173.12395,-43.2608],[173.10484,-43.26257],[173.08368,-43.2634],[173.04469,-43.27452],[173.03505,-43.27818],[173.00635,-43.29584],[172.99957,-43.30899],[172.98823,-43.33693],[172.98436,-43.354],[172.98421,-43.36216],[172.98552,-43.3718],[172.98889,-43.42473],[173.00473,-43.43002],[173.03743,-43.4381],[173.06913,-43.44417],[173.10462,-43.45479],[173.13463,-43.46062],[173.16218,-43.46844],[173.19044,-43.47927],[173.20663,-43.48696],[173.22368,-43.4965],[173.23934,-43.50655],[173.25774,-43.52079],[173.26551,-43.52782],[173.28616,-43.54128],[173.2996,-43.55173],[173.32753,-43.57612],[173.34147,-43.59112],[173.35654,-43.61039],[173.37188,-43.63569],[173.37769,-43.64766],[173.38178,-43.65835],[173.39026,-43.67505],[173.39855,-43.69664],[173.40379,-43.71538],[173.40622,-43.73099],[173.40709,-43.7449],[173.40703,-43.78361],[173.40542,-43.79964],[173.40149,-43.81778],[173.392,-43.84233],[173.38485,-43.85575],[173.37491,-43.87079],[173.36948,-43.88781],[173.35963,-43.90853],[173.34821,-43.92652],[173.33962,-43.93758],[173.33033,-43.94791],[173.31877,-43.95903],[173.28601,-43.98678],[173.26798,-44.00005],[173.25694,-44.00709],[173.24028,-44.01641],[173.21022,-44.02998],[173.16354,-44.05431],[173.14303,-44.06284],[173.12205,-44.07004],[173.09871,-44.07625],[173.06718,-44.08263],[173.04633,-44.08898],[173.019,-44.09512],[172.99166,-44.09914],[172.95464,-44.10234],[172.91902,-44.10289],[172.84162,-44.09836],[172.80898,-44.09336],[172.78518,-44.08775],[172.76691,-44.08535],[172.74397,-44.081],[172.71332,-44.07277],[172.67256,-44.05825],[172.64866,-44.04721],[172.62284,-44.0321],[172.58411,-44.03704],[172.55483,-44.03902],[172.52507,-44.04335],[172.5082,-44.0448],[172.48478,-44.04555],[172.45697,-44.04858],[172.4321,-44.05359],[172.40124,-44.05732],[172.38425,-44.0618],[172.36223,-44.07077],[172.33833,-44.07847],[172.30604,-44.08588],[172.28524,-44.09253],[172.25669,-44.09942],[172.23205,-44.10901],[172.1977,-44.11874],[172.17153,-44.13011],[172.13832,-44.14085],[172.12108,-44.15013],[172.10172,-44.15882],[172.07688,-44.16792],[172.05858,-44.17324],[172.04161,-44.18324],[172.02655,-44.19077],[172.01119,-44.19746],[171.98679,-44.20615],[171.97495,-44.21286],[171.95238,-44.22364],[171.92993,-44.23239],[171.9097,-44.23868],[171.89121,-44.24791],[171.85904,-44.26045],[171.83558,-44.27097],[171.79939,-44.283],[171.78079,-44.29277],[171.763,-44.30064],[171.73458,-44.31492],[171.71362,-44.32759],[171.68653,-44.34058],[171.67039,-44.35087],[171.6561,-44.35876],[171.63415,-44.36887],[171.61611,-44.37579],[171.59612,-44.39035],[171.57144,-44.40489],[171.55624,-44.41757],[171.54448,-44.42605],[171.54247,-44.44117],[171.54017,-44.45073],[171.53865,-44.46529],[171.53511,-44.48213],[171.52911,-44.4995],[171.52356,-44.51153],[171.51711,-44.52302],[171.50519,-44.54133],[171.49519,-44.55448],[171.48031,-44.5709],[171.46381,-44.58538],[171.45519,-44.60282],[171.44567,-44.61752],[171.44145,-44.62689],[171.44049,-44.6347],[171.44459,-44.6515],[171.44682,-44.66932],[171.44631,-44.69296],[171.44964,-44.71002],[171.45086,-44.72547],[171.45062,-44.73833],[171.45152,-44.75438],[171.45106,-44.76735],[171.45291,-44.77623],[171.4549,-44.79316],[171.45604,-44.82523],[171.45436,-44.84176],[171.45396,-44.86055],[171.45243,-44.87232],[171.44947,-44.8858],[171.44726,-44.90531],[171.44424,-44.91815],[171.43873,-44.93447],[171.43452,-44.95262],[171.42696,-44.97291],[171.41609,-44.99289],[171.4068,-45.01537],[171.14401,-44.94029],[171.13439,-44.93891],[171.13278,-44.93782],[171.13059,-44.93849],[171.12603,-44.93737],[171.11927,-44.93186],[171.11477,-44.93117],[171.11787,-44.93121],[171.11775,-44.93044],[171.11575,-44.92946],[171.11068,-44.9306],[171.10212,-44.92923],[171.09851,-44.93098],[171.09355,-44.93142],[171.08739,-44.93045],[171.0828,-44.9319],[171.0774,-44.92981],[171.07557,-44.93024],[171.07259,-44.92799],[171.06482,-44.92695],[171.06317,-44.92575],[171.05446,-44.92433],[171.0505,-44.92514],[171.04766,-44.92395],[171.04357,-44.92411],[171.0406,-44.9231],[171.03094,-44.92309],[171.0236,-44.91972],[171.02064,-44.91959],[171.01883,-44.92078],[171.01772,-44.92037],[171.02006,-44.91927],[171.01479,-44.92022],[171.01173,-44.91964],[171.00136,-44.92143],[170.99717,-44.92001],[170.99355,-44.91735],[170.98994,-44.9166],[170.98759,-44.91425],[170.98259,-44.91488],[170.98113,-44.9138],[170.97887,-44.91356],[170.97571,-44.91068],[170.97188,-44.90952],[170.96916,-44.91172],[170.96454,-44.91197],[170.94087,-44.90686],[170.93583,-44.90726],[170.93177,-44.90667],[170.92498,-44.90279],[170.92037,-44.90378],[170.91699,-44.90241],[170.91314,-44.90293],[170.91118,-44.90205],[170.90976,-44.90017],[170.90959,-44.89847],[170.90729,-44.89673],[170.90193,-44.89739],[170.89818,-44.89561],[170.89947,-44.89484],[170.89125,-44.89362],[170.89076,-44.89274],[170.88815,-44.89293],[170.88615,-44.89161],[170.88222,-44.89102],[170.87879,-44.89264],[170.87218,-44.89326],[170.86559,-44.89204],[170.86378,-44.89078],[170.85975,-44.8919],[170.85733,-44.89421],[170.85563,-44.89471],[170.8512,-44.89273],[170.84114,-44.89143],[170.84113,-44.90348],[170.82777,-44.90138],[170.82522,-44.90262],[170.82309,-44.90204],[170.81966,-44.90241],[170.81082,-44.90042],[170.70938,-44.90082],[170.70412,-44.90185],[170.70044,-44.90493],[170.68065,-44.9049],[170.6833,-44.91115],[170.67989,-44.9124],[170.67247,-44.91805],[170.66743,-44.91391],[170.65894,-44.90918],[170.64822,-44.91236],[170.6444,-44.91543],[170.63752,-44.91779],[170.63295,-44.93257],[170.6276,-44.93364],[170.6275,-44.9346],[170.63128,-44.94023],[170.63376,-44.94632],[170.63687,-44.9513],[170.63257,-44.95303],[170.6247,-44.9587],[170.62169,-44.96001],[170.61888,-44.95988],[170.61686,-44.96161],[170.61654,-44.96416],[170.61461,-44.96667],[170.61252,-44.96768],[170.60684,-44.96475],[170.60516,-44.96502],[170.60411,-44.9621],[170.60191,-44.96248],[170.60088,-44.96163],[170.59778,-44.96189],[170.59642,-44.96549],[170.5794,-44.96549],[170.57892,-44.96789],[170.57996,-44.96821],[170.57861,-44.96892],[170.57698,-44.97332],[170.57503,-44.9747],[170.57622,-44.97628],[170.57515,-44.97786],[170.57323,-44.97856],[170.56643,-44.97566],[170.56369,-44.97825],[170.56223,-44.97818],[170.55696,-44.98127],[170.55056,-44.98252],[170.54849,-44.98366],[170.54781,-44.98496],[170.54244,-44.98505],[170.5416,-44.98675],[170.53824,-44.98788],[170.5381,-44.98935],[170.5318,-44.99286],[170.52926,-44.99534],[170.52833,-44.99717],[170.52854,-44.99945],[170.52694,-45.0004],[170.52389,-45.00548],[170.52146,-45.00573],[170.51769,-45.00777],[170.51442,-45.0077],[170.51287,-45.00893],[170.51321,-45.01112],[170.51434,-45.01237],[170.51393,-45.01389],[170.5095,-45.01539],[170.51169,-45.02068],[170.50645,-45.02598],[170.48916,-45.03463],[170.48116,-45.04607],[170.48101,-45.04732],[170.47604,-45.04811],[170.47113,-45.04744],[170.46475,-45.04525],[170.45889,-45.049],[170.45825,-45.05091],[170.45371,-45.05333],[170.45116,-45.0577],[170.45009,-45.0622],[170.44719,-45.06596],[170.43581,-45.07194],[170.43073,-45.07288],[170.42793,-45.07226],[170.42522,-45.07274],[170.42289,-45.07426],[170.41818,-45.07503],[170.41422,-45.07762],[170.40745,-45.07768],[170.39911,-45.08082],[170.38837,-45.07922],[170.38554,-45.07787],[170.38621,-45.07333],[170.3799,-45.0684],[170.37921,-45.06698],[170.38048,-45.06085],[170.37609,-45.05798],[170.37099,-45.05664],[170.3683,-45.05481],[170.36693,-45.0522],[170.3663,-45.04851],[170.36331,-45.0435],[170.36292,-45.03677],[170.35577,-45.02917],[170.35398,-45.02664],[170.35329,-45.02401],[170.34944,-45.0217],[170.35185,-45.00781],[170.34734,-44.98963],[170.35409,-44.98272],[170.36487,-44.97474],[170.36983,-44.97232],[170.36871,-44.9673],[170.36888,-44.96021],[170.37131,-44.95765],[170.37194,-44.95341],[170.37338,-44.95239],[170.37214,-44.94803],[170.36659,-44.94439],[170.36542,-44.94229],[170.36564,-44.9401],[170.35698,-44.93903],[170.34906,-44.9431],[170.35062,-44.93847],[170.35061,-44.93172],[170.35405,-44.92812],[170.35248,-44.92318],[170.35282,-44.91506],[170.35164,-44.90975],[170.35016,-44.90776],[170.34013,-44.90391],[170.31935,-44.90305],[170.30468,-44.91053],[170.30168,-44.91951],[170.29072,-44.91414],[170.28178,-44.91661],[170.27461,-44.92112],[170.27235,-44.92165],[170.26518,-44.91995],[170.26365,-44.92129],[170.25958,-44.92157],[170.25199,-44.91883],[170.24687,-44.92228],[170.24507,-44.92656],[170.24207,-44.93072],[170.22521,-44.93474],[170.22037,-44.93345],[170.21047,-44.93456],[170.20016,-44.93903],[170.18954,-44.94002],[170.1793,-44.94297],[170.17567,-44.94184],[170.16449,-44.946],[170.15838,-44.94356],[170.15035,-44.94334],[170.1475,-44.94093],[170.14046,-44.9428],[170.13094,-44.94072],[170.1271,-44.94108],[170.12264,-44.9443],[170.12048,-44.94743],[170.11412,-44.94646],[170.11129,-44.94686],[170.10368,-44.94257],[170.0941,-44.94002],[170.09132,-44.93754],[170.09144,-44.93421],[170.08971,-44.93211],[170.08634,-44.93043],[170.08477,-44.92743],[170.06866,-44.92318],[170.07442,-44.91602],[170.08187,-44.91212],[170.0775,-44.90637],[170.06951,-44.89977],[170.06633,-44.89361],[170.06642,-44.89046],[170.06381,-44.88362],[170.06119,-44.88152],[170.05027,-44.87743],[170.04313,-44.87678],[170.03824,-44.87252],[170.03094,-44.87006],[170.02788,-44.86478],[170.02669,-44.85903],[170.02332,-44.8567],[170.0185,-44.85561],[170.01587,-44.85147],[170.01264,-44.84355],[170.00875,-44.83902],[170.00551,-44.83682],[169.99796,-44.82506],[169.9966,-44.82044],[169.99896,-44.80877],[169.99503,-44.79876],[169.99369,-44.78648],[169.98622,-44.77647],[169.98415,-44.77247],[169.98219,-44.76709],[169.98111,-44.75452],[169.97018,-44.74407],[169.96342,-44.70883],[169.94422,-44.65398],[169.89772,-44.64644],[169.89127,-44.64428],[169.84155,-44.6654],[169.83619,-44.6689],[169.81708,-44.66548],[169.82199,-44.66363],[169.80564,-44.66134],[169.76335,-44.64165],[169.75488,-44.63892],[169.75335,-44.63096],[169.75368,-44.61832],[169.75715,-44.61213],[169.75531,-44.60749],[169.74773,-44.60027],[169.74861,-44.59431],[169.7462,-44.58607],[169.73777,-44.5741],[169.73663,-44.57045],[169.73059,-44.56507],[169.7186,-44.57352],[169.71858,-44.5799],[169.7147,-44.59094],[169.71334,-44.59797],[169.7085,-44.60098],[169.69689,-44.60137],[169.68862,-44.60382],[169.68529,-44.60609],[169.68857,-44.6029],[169.68852,-44.60108],[169.68665,-44.5995],[169.68177,-44.59789],[169.67185,-44.59684],[169.66253,-44.59408],[169.65778,-44.59357],[169.65005,-44.59565],[169.6425,-44.59525],[169.641,-44.59601],[169.6423,-44.59367],[169.64265,-44.58745],[169.6445,-44.58479],[169.64327,-44.58175],[169.64357,-44.57934],[169.64275,-44.57613],[169.64079,-44.57472],[169.64278,-44.57174],[169.64336,-44.56926],[169.64069,-44.56591],[169.64069,-44.56478],[169.64525,-44.56105],[169.64455,-44.55808],[169.64552,-44.55507],[169.6481,-44.55294],[169.64872,-44.55118],[169.65208,-44.54858],[169.653,-44.54585],[169.65624,-44.54243],[169.6634,-44.53723],[169.65231,-44.53522],[169.64769,-44.5311],[169.64699,-44.52615],[169.65015,-44.52095],[169.64559,-44.51924],[169.64323,-44.51542],[169.63767,-44.51165],[169.63729,-44.50626],[169.63558,-44.50213],[169.63432,-44.50175],[169.63485,-44.49887],[169.63982,-44.49675],[169.64121,-44.49509],[169.64365,-44.48945],[169.64362,-44.4867],[169.64748,-44.48115],[169.64411,-44.47901],[169.64342,-44.47511],[169.64104,-44.47189],[169.64189,-44.46642],[169.63369,-44.46241],[169.62816,-44.46264],[169.61495,-44.46059],[169.60902,-44.46183],[169.60494,-44.46374],[169.60329,-44.46356],[169.60237,-44.46181],[169.60044,-44.4629],[169.59448,-44.45934],[169.59206,-44.45905],[169.57885,-44.46209],[169.57387,-44.46235],[169.56977,-44.45972],[169.56231,-44.46015],[169.55855,-44.45777],[169.55443,-44.45723],[169.55348,-44.4552],[169.546,-44.4514],[169.5425,-44.4486],[169.54784,-44.44275],[169.5562,-44.43759],[169.55445,-44.43246],[169.5516,-44.42973],[169.54884,-44.42885],[169.54755,-44.42655],[169.5477,-44.42511],[169.5458,-44.42361],[169.54588,-44.42266],[169.55214,-44.4129],[169.55525,-44.41023],[169.56307,-44.40562],[169.56561,-44.40231],[169.56645,-44.3968],[169.55935,-44.38999],[169.55883,-44.38619],[169.55671,-44.38095],[169.56579,-44.37238],[169.56895,-44.36612],[169.57085,-44.35825],[169.56799,-44.35569],[169.56791,-44.35413],[169.57203,-44.34936],[169.57742,-44.3453],[169.57742,-44.34284],[169.57878,-44.34013],[169.57873,-44.33764],[169.57409,-44.33602],[169.57123,-44.33323],[169.5684,-44.31932],[169.56906,-44.3172],[169.573,-44.31206],[169.57233,-44.30561],[169.57448,-44.30294],[169.5748,-44.3001],[169.57111,-44.29624],[169.57339,-44.29158],[169.57478,-44.28417],[169.57305,-44.27924],[169.57497,-44.27559],[169.5754,-44.27186],[169.57827,-44.26812],[169.57942,-44.26433],[169.57933,-44.25581],[169.58061,-44.25235],[169.57929,-44.2507],[169.57678,-44.24951],[169.57555,-44.24598],[169.57332,-44.24329],[169.5735,-44.23979],[169.57046,-44.23673],[169.56365,-44.23483],[169.56096,-44.23255],[169.55511,-44.23111],[169.5485,-44.22758],[169.54711,-44.22074],[169.54346,-44.21636],[169.54452,-44.21165],[169.5432,-44.20779],[169.54664,-44.20531],[169.54887,-44.20474],[169.56077,-44.20544],[169.56048,-44.20336],[169.5621,-44.19806],[169.56189,-44.19376],[169.56587,-44.18832],[169.56639,-44.18514],[169.57109,-44.18204],[169.57015,-44.18026],[169.57107,-44.17723],[169.57532,-44.17456],[169.58129,-44.17263],[169.58603,-44.16657],[169.59382,-44.16264],[169.59633,-44.16239],[169.59845,-44.16012],[169.60389,-44.16029],[169.60582,-44.15852],[169.60392,-44.15513],[169.59889,-44.1503],[169.60353,-44.14716],[169.61494,-44.14366],[169.61772,-44.14105],[169.62045,-44.13996],[169.61965,-44.13657],[169.61832,-44.13575],[169.62089,-44.13014],[169.62086,-44.12787],[169.62497,-44.12248],[169.63513,-44.1218],[169.63868,-44.11992],[169.63913,-44.11861],[169.63631,-44.11409],[169.63722,-44.11049],[169.63937,-44.10868],[169.64046,-44.10571],[169.63916,-44.1018],[169.64843,-44.098],[169.64962,-44.0958],[169.65442,-44.09269],[169.65874,-44.09267],[169.66124,-44.0915],[169.66084,-44.09024],[169.6622,-44.08783],[169.66241,-44.08469],[169.65806,-44.07925],[169.65757,-44.07765],[169.65955,-44.07622],[169.66053,-44.0731],[169.66438,-44.0699],[169.66502,-44.06774],[169.67605,-44.06901],[169.67858,-44.07052],[169.68202,-44.06842],[169.68158,-44.06423],[169.6797,-44.06165],[169.68289,-44.05464],[169.68094,-44.04827],[169.68463,-44.04534],[169.68589,-44.04199],[169.69425,-44.04115],[169.69898,-44.04278],[169.70227,-44.04105],[169.71704,-44.03828],[169.71938,-44.03671],[169.71963,-44.03459],[169.71249,-44.02595],[169.71178,-44.02189],[169.70759,-44.01714],[169.70942,-44.01445],[169.70647,-44.0106],[169.70608,-44.00335],[169.70716,-44.00125],[169.71111,-43.99905],[169.71145,-43.99725],[169.7103,-43.99351],[169.7059,-43.99011],[169.7037,-43.98351],[169.69911,-43.97973],[169.6994,-43.97697],[169.70217,-43.97392],[169.70199,-43.96917],[169.69934,-43.96355],[169.70264,-43.96392],[169.70888,-43.96155],[169.71996,-43.9599],[169.72167,-43.95731],[169.72509,-43.95501],[169.72611,-43.95033],[169.72761,-43.9484],[169.73422,-43.94704],[169.73649,-43.94378],[169.74291,-43.94059],[169.74291,-43.9364],[169.74425,-43.93464],[169.74423,-43.93265],[169.74586,-43.9313],[169.74843,-43.93127],[169.7521,-43.9328],[169.7583,-43.93367],[169.75997,-43.92613],[169.75812,-43.92215],[169.76112,-43.92019],[169.76171,-43.91653],[169.76518,-43.90812],[169.76932,-43.90502],[169.77089,-43.89931],[169.78209,-43.89408],[169.78616,-43.89469],[169.79309,-43.89262],[169.79587,-43.8898],[169.79845,-43.88326],[169.80094,-43.88195],[169.80284,-43.87861],[169.80684,-43.87697],[169.80901,-43.8747],[169.81375,-43.87282],[169.8268,-43.87168],[169.83258,-43.86823],[169.8379,-43.86663],[169.84039,-43.86159],[169.83804,-43.85736],[169.83794,-43.85424],[169.84089,-43.85234],[169.84542,-43.84733],[169.84779,-43.84689],[169.85326,-43.84306],[169.85466,-43.84001],[169.85842,-43.83698],[169.86754,-43.83215],[169.87919,-43.83335],[169.88784,-43.8363],[169.89435,-43.83373],[169.89611,-43.82955],[169.89543,-43.8268],[169.89301,-43.82309],[169.89617,-43.82177],[169.89816,-43.81966],[169.89874,-43.81506],[169.89997,-43.81302],[169.904,-43.81259],[169.913,-43.80884],[169.9154,-43.80673],[169.92811,-43.80077],[169.93328,-43.80048],[169.93464,-43.79825],[169.9392,-43.79523],[169.94035,-43.7925],[169.94261,-43.79115],[169.94357,-43.7891],[169.94954,-43.79003],[169.95826,-43.78886],[169.96553,-43.79176],[169.96712,-43.79129],[169.96978,-43.78825],[169.97275,-43.78726],[169.97522,-43.78103],[169.97044,-43.7732],[169.97388,-43.76839],[169.97979,-43.76491],[169.98469,-43.75939],[169.98155,-43.75642],[169.97858,-43.75495],[169.97659,-43.75212],[169.97877,-43.74708],[169.99884,-43.74104],[170.00616,-43.74082],[170.01002,-43.7369],[170.01155,-43.73353],[170.01332,-43.73208],[170.01872,-43.73077],[170.02903,-43.72489],[170.03055,-43.72306],[170.03056,-43.71936],[170.02822,-43.71273],[170.02289,-43.7061],[170.0243,-43.70321],[170.0273,-43.70099],[170.03016,-43.69743],[170.0281,-43.6942],[170.02846,-43.6908],[170.03862,-43.68536],[170.04156,-43.68251],[170.04623,-43.6824],[170.05119,-43.68024],[170.05907,-43.67902],[170.06207,-43.67767],[170.06368,-43.67576],[170.07369,-43.67214],[170.08255,-43.6652],[170.09141,-43.66037],[170.09246,-43.6581],[170.09515,-43.65561],[170.09371,-43.65089],[170.094,-43.64935],[170.09948,-43.64522],[170.10122,-43.63869],[170.0986,-43.63018],[170.09291,-43.62537],[170.09415,-43.61933],[170.09775,-43.61544],[170.0977,-43.61185],[170.09563,-43.60836],[170.0923,-43.60695],[170.09305,-43.60363],[170.09216,-43.60171],[170.09318,-43.59957],[170.09677,-43.59765],[170.09813,-43.59548],[170.10935,-43.59215],[170.115,-43.58902],[170.12348,-43.5874],[170.13038,-43.58765],[170.13982,-43.58945],[170.1427,-43.5811],[170.14484,-43.57839],[170.14663,-43.57382],[170.15768,-43.57178],[170.15813,-43.56841],[170.15726,-43.56703],[170.15741,-43.56547],[170.16069,-43.56308],[170.16575,-43.5629],[170.16953,-43.55992],[170.1827,-43.56128],[170.18947,-43.55623],[170.19848,-43.55319],[170.19968,-43.55102],[170.20307,-43.54936],[170.20372,-43.54724],[170.20287,-43.54123],[170.20817,-43.53877],[170.21043,-43.53565],[170.21325,-43.53443],[170.21425,-43.53133],[170.21796,-43.53128],[170.22012,-43.52871],[170.22087,-43.52475],[170.22611,-43.52255],[170.22883,-43.51903],[170.23574,-43.51596],[170.23842,-43.51383],[170.25123,-43.51308],[170.25464,-43.51121],[170.25723,-43.51082],[170.26452,-43.51297],[170.26727,-43.51267],[170.27208,-43.51001],[170.27348,-43.51089],[170.27612,-43.51022],[170.28048,-43.50702],[170.28689,-43.50472],[170.29923,-43.50174],[170.30357,-43.49836],[170.30734,-43.49773],[170.31211,-43.49564],[170.3169,-43.49225],[170.32199,-43.49132],[170.32608,-43.48385],[170.32845,-43.48166],[170.33007,-43.48189],[170.33239,-43.48358],[170.32973,-43.48507],[170.33081,-43.48642],[170.33119,-43.48916],[170.33399,-43.49193],[170.33482,-43.49796],[170.33731,-43.49921],[170.34627,-43.50022],[170.35088,-43.50404],[170.35604,-43.50615],[170.36346,-43.50723],[170.36773,-43.50434],[170.39503,-43.49817],[170.39925,-43.49522],[170.4005,-43.49341],[170.40718,-43.49051],[170.41078,-43.48785],[170.41302,-43.48343],[170.41834,-43.47765],[170.42444,-43.47563],[170.42671,-43.47412],[170.43244,-43.4684],[170.43381,-43.46581],[170.43655,-43.46466],[170.44446,-43.46414],[170.45174,-43.46138],[170.4578,-43.46185],[170.4592,-43.46131],[170.46023,-43.45809],[170.46057,-43.45162],[170.46463,-43.44904],[170.4655,-43.44674],[170.47093,-43.44214],[170.4727,-43.43635],[170.47549,-43.43298],[170.49673,-43.42661],[170.51133,-43.42841],[170.51346,-43.42624],[170.51768,-43.42438],[170.51738,-43.4215],[170.51831,-43.41904],[170.52174,-43.41829],[170.52449,-43.41426],[170.52968,-43.40998],[170.53351,-43.41029],[170.5352,-43.4145],[170.53777,-43.41637],[170.54385,-43.41828],[170.54604,-43.42182],[170.55281,-43.42192],[170.55667,-43.42415],[170.56527,-43.42293],[170.57253,-43.41904],[170.57763,-43.41944],[170.58024,-43.4185],[170.58378,-43.42275],[170.58326,-43.42407],[170.58044,-43.42605],[170.58073,-43.43002],[170.59128,-43.43402],[170.60061,-43.43233],[170.60312,-43.4305],[170.61157,-43.43261],[170.61506,-43.43187],[170.61715,-43.42983],[170.61358,-43.42415],[170.61517,-43.42115],[170.61555,-43.41796],[170.61894,-43.41471],[170.62211,-43.41311],[170.62786,-43.4067],[170.63052,-43.40556],[170.63503,-43.4014],[170.63299,-43.39889],[170.63293,-43.39682],[170.63997,-43.3931],[170.64474,-43.39322],[170.64805,-43.39236],[170.65172,-43.38874],[170.65663,-43.38689],[170.65759,-43.38286],[170.65763,-43.37741],[170.6536,-43.37667],[170.65247,-43.37501],[170.6487,-43.37519],[170.64605,-43.37404],[170.64581,-43.37053],[170.64672,-43.36931],[170.6568,-43.36245],[170.65999,-43.3616],[170.66459,-43.35756],[170.66829,-43.35626],[170.67075,-43.35073],[170.67741,-43.34765],[170.68626,-43.34616],[170.69937,-43.3464],[170.71241,-43.34499],[170.71614,-43.34324],[170.7147,-43.33857],[170.71676,-43.33278],[170.71026,-43.32659],[170.7095,-43.3236],[170.7057,-43.32079],[170.70531,-43.3188],[170.71676,-43.31655],[170.72458,-43.31841],[170.72724,-43.31645],[170.73133,-43.31524],[170.73407,-43.31604],[170.73922,-43.31587],[170.74068,-43.31668],[170.74375,-43.3163],[170.75187,-43.31867],[170.75982,-43.3183],[170.7618,-43.31778],[170.76452,-43.31316],[170.76882,-43.31287],[170.7771,-43.30732],[170.78157,-43.30649],[170.78245,-43.30423],[170.78834,-43.30307],[170.7928,-43.29907],[170.7991,-43.3003],[170.80571,-43.30447],[170.8119,-43.30115],[170.81992,-43.29969],[170.82401,-43.29421],[170.82421,-43.29243],[170.82272,-43.28953],[170.83121,-43.28306],[170.8354,-43.28202],[170.8374,-43.28291],[170.84174,-43.28292],[170.84835,-43.28154],[170.86026,-43.2814],[170.86431,-43.2764],[170.8678,-43.27519],[170.87069,-43.27253],[170.86889,-43.26734],[170.86523,-43.26482],[170.8671,-43.26191],[170.86785,-43.25891],[170.8746,-43.25425],[170.87576,-43.25245],[170.87324,-43.24779],[170.87309,-43.24582],[170.87581,-43.24577],[170.88724,-43.24164],[170.8921,-43.23897],[170.89336,-43.23753],[170.89356,-43.2353],[170.89678,-43.23296],[170.90684,-43.22871],[170.90999,-43.22598],[170.91046,-43.223],[170.91218,-43.22167],[170.91296,-43.21604],[170.91848,-43.21317],[170.92138,-43.2132],[170.92188,-43.21148],[170.92664,-43.20892],[170.92873,-43.20654],[170.93721,-43.20406],[170.94821,-43.20599],[170.94868,-43.20786],[170.94792,-43.21182],[170.94426,-43.22144],[170.94593,-43.22466],[170.94847,-43.22727],[170.95381,-43.22719],[170.95795,-43.22583],[170.9646,-43.22512],[170.97134,-43.22216],[170.97974,-43.22263],[170.98407,-43.22068],[170.9877,-43.21786],[170.99174,-43.21764],[170.99327,-43.21531],[170.99329,-43.2112],[170.9967,-43.20793],[170.99816,-43.20442],[171.00422,-43.19534],[171.01006,-43.19393],[171.01372,-43.19163],[171.01447,-43.18957],[171.01337,-43.18597],[171.01694,-43.18359],[171.0169,-43.18183],[171.01867,-43.17991],[171.02003,-43.17453],[171.0351,-43.16912],[171.0386,-43.16691],[171.04727,-43.16361],[171.04777,-43.16192],[171.04714,-43.15915],[171.0444,-43.1583],[171.04303,-43.15609],[171.03793,-43.15142],[171.03833,-43.1475],[171.03738,-43.14587],[171.03886,-43.1448],[171.03891,-43.14318],[171.04009,-43.14259],[171.04025,-43.14081],[171.04151,-43.13966],[171.04463,-43.13898],[171.04561,-43.13754],[171.05669,-43.13169],[171.05828,-43.132],[171.06758,-43.12827],[171.06904,-43.12562],[171.06619,-43.1214],[171.06285,-43.11847],[171.06328,-43.11532],[171.06494,-43.11352],[171.06763,-43.11247],[171.0766,-43.11189],[171.07781,-43.11038],[171.07759,-43.10677],[171.07973,-43.10202],[171.08467,-43.10109],[171.08977,-43.10174],[171.09515,-43.1008],[171.09636,-43.1022],[171.09591,-43.10445],[171.09674,-43.10579],[171.09997,-43.10681],[171.10023,-43.10901],[171.10539,-43.11213],[171.10815,-43.11039],[171.10946,-43.10737],[171.11152,-43.10518],[171.11186,-43.10308],[171.11539,-43.09957],[171.11533,-43.09803],[171.11351,-43.09569],[171.1157,-43.08779],[171.11722,-43.08573],[171.12993,-43.08123],[171.13398,-43.08225],[171.14065,-43.08251],[171.14308,-43.08686],[171.14477,-43.0887],[171.1459,-43.08885],[171.14883,-43.08683],[171.15188,-43.08253],[171.15449,-43.08102],[171.1557,-43.07867],[171.15854,-43.07709],[171.16136,-43.07719],[171.16975,-43.0747],[171.17571,-43.07425],[171.17773,-43.07082],[171.1783,-43.06803],[171.18421,-43.06436],[171.18557,-43.06427],[171.19087,-43.06667],[171.19497,-43.07258],[171.19815,-43.07429],[171.20402,-43.07269],[171.20933,-43.06836],[171.21142,-43.06566],[171.2196,-43.06465],[171.22013,-43.06074],[171.22195,-43.05828],[171.22233,-43.05506],[171.22147,-43.05248],[171.22262,-43.05081],[171.22344,-43.04535],[171.22274,-43.04325],[171.22481,-43.04256],[171.22704,-43.04024],[171.23362,-43.03947],[171.2355,-43.03762],[171.23641,-43.03527],[171.23987,-43.03287],[171.2407,-43.03097],[171.24077,-43.02873],[171.23682,-43.02637],[171.23673,-43.02419],[171.24353,-43.01622],[171.23934,-43.01299],[171.24038,-43.00804],[171.23926,-43.00462],[171.23767,-43.00251],[171.24184,-42.99879],[171.24935,-42.9988],[171.25394,-42.99752],[171.25422,-42.99504],[171.25691,-42.99188],[171.25593,-42.99091],[171.25615,-42.98982],[171.26093,-42.98506],[171.27356,-42.98002],[171.28089,-42.97499],[171.28221,-42.97312],[171.28561,-42.97278],[171.29034,-42.971],[171.29843,-42.96614],[171.30263,-42.9656],[171.30844,-42.96623],[171.3095,-42.96139],[171.30496,-42.96018],[171.30312,-42.9581],[171.30769,-42.95261],[171.31424,-42.94815],[171.32436,-42.94646],[171.32969,-42.94418],[171.33322,-42.94441],[171.33613,-42.94325],[171.3387,-42.94376],[171.3402,-42.94506],[171.34003,-42.94873],[171.34519,-42.94971],[171.35283,-42.94566],[171.35949,-42.94017],[171.36055,-42.93769],[171.3622,-42.93719],[171.36837,-42.93916],[171.37218,-42.93892],[171.37525,-42.94041],[171.37678,-42.94221],[171.3802,-42.9436],[171.38185,-42.94604],[171.38453,-42.94533],[171.3902,-42.94134],[171.39316,-42.94262],[171.39478,-42.94439],[171.39382,-42.94753],[171.3947,-42.95034],[171.39238,-42.95622],[171.39601,-42.95931],[171.39795,-42.95689],[171.39775,-42.95503],[171.40149,-42.95253],[171.40481,-42.95322],[171.40761,-42.95146],[171.41142,-42.95085],[171.41417,-42.94775],[171.41813,-42.94619],[171.42029,-42.94306],[171.42109,-42.93918],[171.4258,-42.93537],[171.43752,-42.93569],[171.44031,-42.9324],[171.44088,-42.93028],[171.43973,-42.92855],[171.43536,-42.92706],[171.43495,-42.926],[171.43584,-42.92393],[171.4344,-42.92145],[171.43631,-42.91927],[171.44021,-42.91701],[171.44228,-42.91372],[171.44578,-42.91232],[171.44919,-42.9092],[171.45446,-42.90921],[171.45678,-42.911],[171.46286,-42.91239],[171.46375,-42.91428],[171.46546,-42.91527],[171.46877,-42.91415],[171.47099,-42.91178],[171.47533,-42.91111],[171.48078,-42.90781],[171.48105,-42.90619],[171.48372,-42.90562],[171.48618,-42.90197],[171.48786,-42.90099],[171.48891,-42.89774],[171.49101,-42.89593],[171.4953,-42.89796],[171.50085,-42.89777],[171.50484,-42.90108],[171.50738,-42.90179],[171.51156,-42.90914],[171.51167,-42.91107],[171.51586,-42.91271],[171.51725,-42.91423],[171.52672,-42.90669],[171.53466,-42.90479],[171.53975,-42.90465],[171.54295,-42.90564],[171.55358,-42.90598],[171.55954,-42.90746],[171.56629,-42.9054],[171.57028,-42.90314],[171.57391,-42.89961],[171.57793,-42.89913],[171.58686,-42.89574],[171.59098,-42.89607],[171.59187,-42.89848],[171.5916,-42.90137],[171.59753,-42.90034],[171.59974,-42.89886],[171.60557,-42.89868],[171.61049,-42.90015],[171.61421,-42.90364],[171.61919,-42.9015],[171.62862,-42.90296],[171.63406,-42.9026],[171.64096,-42.90034],[171.64443,-42.89813],[171.65298,-42.89704],[171.65438,-42.89352],[171.66032,-42.89088],[171.66363,-42.88697],[171.66523,-42.88632],[171.66969,-42.88857],[171.67207,-42.8914],[171.67627,-42.89222],[171.67941,-42.89413],[171.68039,-42.89905],[171.69029,-42.89994],[171.69065,-42.90098],[171.68975,-42.90271],[171.68692,-42.90613],[171.69428,-42.90834],[171.6994,-42.90684],[171.70361,-42.90349],[171.71014,-42.90382],[171.71116,-42.90024],[171.71032,-42.89797],[171.71078,-42.89577],[171.71695,-42.89321],[171.71899,-42.89098],[171.72653,-42.8884],[171.73025,-42.88473],[171.73539,-42.88254],[171.73731,-42.87848],[171.74006,-42.87849],[171.74637,-42.87408],[171.74332,-42.87216],[171.7409,-42.86818],[171.73359,-42.86447],[171.73302,-42.86319],[171.73684,-42.86093],[171.73744,-42.85871],[171.73619,-42.85642],[171.73366,-42.85516],[171.73298,-42.85335],[171.73703,-42.84709],[171.75163,-42.84632],[171.76014,-42.84071],[171.76268,-42.83705],[171.76111,-42.83422],[171.76278,-42.82855],[171.76144,-42.82481],[171.75643,-42.82271],[171.75446,-42.81879],[171.75501,-42.81782],[171.75849,-42.81624],[171.75949,-42.81416],[171.75944,-42.81205],[171.7571,-42.80907],[171.7587,-42.80487],[171.76158,-42.80217],[171.76253,-42.7944],[171.76385,-42.79172],[171.7682,-42.79045],[171.76912,-42.78908],[171.77636,-42.7903],[171.78325,-42.78434],[171.78909,-42.78281],[171.79207,-42.78645],[171.79463,-42.78804],[171.80166,-42.78659],[171.8042,-42.78727],[171.80633,-42.78926],[171.81056,-42.79029],[171.81256,-42.78996],[171.81442,-42.7886],[171.81455,-42.78758],[171.81221,-42.78476],[171.81247,-42.78382],[171.82709,-42.78132],[171.82958,-42.77709],[171.83275,-42.77508],[171.84333,-42.77482],[171.84204,-42.77304],[171.84188,-42.77075],[171.84386,-42.76838],[171.84628,-42.76697],[171.84797,-42.76153],[171.84959,-42.76014],[171.85598,-42.75746],[171.85766,-42.75461],[171.86239,-42.75213],[171.86373,-42.75052],[171.87298,-42.74804],[171.87522,-42.74849],[171.8798,-42.75152],[171.88436,-42.74966],[171.88301,-42.74681],[171.88407,-42.73925],[171.88239,-42.73312],[171.88283,-42.72795],[171.88477,-42.7222],[171.88506,-42.71875],[171.88736,-42.71685],[171.90056,-42.71119],[171.90388,-42.70756],[171.90799,-42.7047],[171.9125,-42.69467],[171.91345,-42.69046],[171.9157,-42.68807],[171.91564,-42.68173],[171.92281,-42.67742],[171.92778,-42.67155],[171.92804,-42.66901],[171.92592,-42.6662],[171.93374,-42.66418],[171.94246,-42.66352],[171.94883,-42.66024],[171.95069,-42.6581],[171.95837,-42.65366],[171.96353,-42.65288],[171.96954,-42.65382],[171.97234,-42.65347],[171.97334,-42.65225],[171.97379,-42.6475],[171.97536,-42.64543],[171.97489,-42.64081],[171.97405,-42.63952],[171.97466,-42.63904],[171.98062,-42.63778],[171.9897,-42.63721],[171.99676,-42.63357],[172.00746,-42.63493],[172.01204,-42.63401],[172.01555,-42.63184],[172.01914,-42.6323],[172.02193,-42.63468],[172.02849,-42.63676],[172.0408,-42.63095],[172.04411,-42.63103],[172.04735,-42.63241],[172.05084,-42.62977],[172.0557,-42.62903],[172.05776,-42.62753],[172.06146,-42.62732],[172.06793,-42.62464],[172.07556,-42.62272],[172.07929,-42.62215],[172.08209,-42.62389],[172.08561,-42.62395],[172.09343,-42.6212],[172.09584,-42.61735],[172.09775,-42.61034],[172.10117,-42.60818],[172.10271,-42.60613],[172.09848,-42.59342],[172.10314,-42.58781],[172.10713,-42.5859],[172.10716,-42.58317],[172.1085,-42.58047],[172.11083,-42.5793],[172.11509,-42.57348],[172.11936,-42.56979],[172.12121,-42.56658],[172.1243,-42.56356],[172.12831,-42.56156],[172.12887,-42.55937],[172.1329,-42.55525],[172.14042,-42.55444],[172.14415,-42.5523],[172.14974,-42.55492],[172.15584,-42.5531],[172.16436,-42.54692],[172.16757,-42.54277],[172.17406,-42.5393],[172.17829,-42.53551],[172.1788,-42.53288],[172.18278,-42.52651],[172.18167,-42.52124],[172.18052,-42.52016],[172.18132,-42.51555],[172.18087,-42.51353],[172.18325,-42.50936],[172.18573,-42.50698],[172.18688,-42.50395],[172.19038,-42.50071],[172.19326,-42.49987],[172.19541,-42.49649],[172.20523,-42.49296],[172.20852,-42.4912],[172.21107,-42.48857],[172.21717,-42.48629],[172.21987,-42.48629],[172.2231,-42.4822],[172.22713,-42.47952],[172.23168,-42.47267],[172.23214,-42.46994],[172.23146,-42.46541],[172.23442,-42.46134],[172.23571,-42.45653],[172.23789,-42.45607],[172.24112,-42.45703],[172.25483,-42.45128],[172.25716,-42.45346],[172.26169,-42.45201],[172.264,-42.45461],[172.26555,-42.45513],[172.2728,-42.45096],[172.27879,-42.4499],[172.28668,-42.4441],[172.28983,-42.44305],[172.29328,-42.44041],[172.29346,-42.43843],[172.29551,-42.43626],[172.296,-42.43387],[172.30072,-42.42846],[172.30113,-42.4261],[172.29947,-42.4228],[172.29979,-42.42174],[172.31067,-42.4199],[172.31751,-42.4198],[172.32477,-42.41645],[172.3275,-42.41383],[172.32869,-42.41056],[172.3337,-42.40832],[172.33511,-42.40583],[172.33488,-42.40344],[172.33725,-42.39973],[172.34283,-42.39836],[172.34463,-42.39718],[172.34509,-42.39355],[172.34719,-42.39182],[172.3562,-42.39061],[172.36019,-42.38797],[172.36431,-42.3879],[172.36865,-42.38503],[172.38556,-42.38109],[172.39325,-42.37794],[172.41685,-42.38376],[172.42579,-42.37633],[172.42921,-42.37211],[172.4358,-42.36968],[172.4381,-42.37008],[172.44357,-42.36675],[172.44689,-42.36151],[172.44765,-42.35819],[172.44954,-42.3553],[172.44306,-42.34469],[172.44575,-42.33975],[172.44871,-42.32861],[172.45081,-42.32568],[172.45418,-42.32293],[172.45624,-42.3223],[172.46102,-42.32355],[172.46325,-42.32262],[172.46615,-42.31951],[172.46313,-42.31737],[172.46448,-42.31378],[172.46198,-42.31138],[172.4617,-42.30747],[172.4642,-42.30519],[172.4649,-42.30187],[172.47458,-42.29672],[172.47798,-42.29139],[172.47847,-42.29018],[172.47759,-42.28809],[172.47978,-42.28566],[172.47895,-42.28294],[172.48004,-42.2814],[172.47808,-42.27457],[172.47855,-42.27286],[172.48134,-42.27157],[172.48371,-42.26798],[172.48682,-42.26579],[172.49573,-42.26801],[172.5023,-42.26838],[172.51519,-42.26403],[172.51665,-42.26107],[172.51714,-42.25707],[172.52079,-42.25471],[172.52494,-42.2503],[172.53042,-42.24807],[172.53325,-42.24425],[172.53397,-42.24136],[172.54114,-42.24016],[172.54527,-42.23849],[172.5485,-42.23325],[172.55118,-42.23232],[172.55442,-42.22688],[172.55719,-42.22432],[172.55937,-42.21996],[172.56925,-42.21504],[172.57503,-42.2157],[172.57799,-42.21441],[172.58346,-42.21679],[172.58884,-42.2154],[172.59275,-42.21308],[172.59679,-42.20797],[172.59912,-42.20728],[172.60156,-42.20515],[172.60587,-42.20379],[172.60732,-42.1991],[172.60953,-42.19687],[172.61455,-42.19553],[172.61622,-42.19416],[172.61712,-42.19256],[172.61662,-42.19046],[172.61715,-42.18918],[172.61442,-42.18521],[172.61366,-42.1824],[172.6114,-42.18023],[172.61214,-42.17845],[172.61127,-42.17534],[172.61207,-42.17404],[172.60975,-42.16925],[172.60969,-42.16584],[172.61208,-42.16112],[172.61177,-42.15808],[172.61455,-42.15565],[172.6158,-42.15271],[172.61899,-42.14974],[172.61968,-42.14798],[172.62687,-42.14291],[172.62947,-42.13913],[172.63444,-42.13762],[172.63695,-42.13459],[172.64086,-42.1329],[172.64039,-42.13107],[172.63481,-42.1263],[172.63347,-42.12289],[172.63166,-42.1219],[172.63279,-42.11917],[172.63211,-42.11346],[172.63338,-42.11098],[172.63283,-42.10782],[172.63496,-42.10514],[172.63506,-42.10324],[172.63691,-42.1015],[172.63918,-42.10079],[172.6475,-42.10069],[172.65976,-42.09771],[172.66523,-42.09467],[172.66903,-42.09428],[172.67134,-42.09129],[172.6784,-42.08785],[172.68138,-42.0885],[172.68459,-42.0924],[172.68434,-42.09542],[172.68615,-42.10002],[172.68675,-42.10421],[172.69112,-42.10661],[172.69572,-42.10429],[172.69775,-42.10233],[172.70168,-42.1013],[172.71769,-42.10164],[172.72023,-42.10268],[172.72146,-42.10374],[172.71873,-42.11127],[172.71863,-42.11491],[172.72485,-42.12226],[172.72262,-42.12761],[172.72601,-42.13478],[172.7193,-42.13853],[172.71853,-42.14131],[172.71885,-42.14908],[172.72047,-42.15201],[172.72001,-42.15473],[172.72164,-42.1587],[172.72918,-42.16536],[172.73546,-42.16752],[172.74346,-42.16785],[172.74964,-42.17237],[172.75405,-42.17065],[172.75778,-42.17134],[172.75919,-42.17038],[172.77301,-42.16837],[172.777,-42.16691],[172.78145,-42.16748],[172.78568,-42.16252],[172.79379,-42.16171],[172.79588,-42.16359],[172.79912,-42.16474],[172.79485,-42.17141],[172.79492,-42.17427],[172.7962,-42.17699],[172.79577,-42.1796],[172.80034,-42.18495],[172.80695,-42.18947],[172.80886,-42.18987],[172.8104,-42.18928],[172.81487,-42.18518],[172.81834,-42.18433],[172.821,-42.18266],[172.82839,-42.18296],[172.83175,-42.18417],[172.83263,-42.18779],[172.8344,-42.19011],[172.83235,-42.19275],[172.83144,-42.19901],[172.82976,-42.2013],[172.82512,-42.20252],[172.82315,-42.205],[172.82268,-42.20866],[172.82229,-42.22358],[172.82542,-42.22952],[172.82559,-42.23303],[172.82421,-42.23473],[172.82614,-42.23814],[172.82517,-42.24147],[172.82656,-42.24823],[172.85346,-42.25283],[172.8589,-42.25528],[172.86346,-42.25624],[172.8609,-42.25724],[172.86137,-42.25921],[172.86022,-42.26187],[172.86148,-42.26589],[172.85924,-42.26995],[172.857,-42.27333],[172.85447,-42.27408],[172.85276,-42.27557],[172.85094,-42.28219],[172.84474,-42.28437],[172.8443,-42.28702],[172.84225,-42.28959],[172.84354,-42.29334],[172.84288,-42.29528],[172.84328,-42.29836],[172.84688,-42.30794],[172.85184,-42.30989],[172.85534,-42.31026],[172.86952,-42.31767],[172.87359,-42.31391],[172.87964,-42.31329],[172.88233,-42.31179],[172.88943,-42.30991],[172.89121,-42.31035],[172.8935,-42.31349],[172.89588,-42.31461],[172.89929,-42.31097],[172.90733,-42.30827],[172.91283,-42.3082],[172.91497,-42.30928],[172.91752,-42.31526],[172.91727,-42.31798],[172.92203,-42.32578],[172.91816,-42.32964],[172.91957,-42.33611],[172.91873,-42.34006],[172.91956,-42.34581],[172.92487,-42.35048],[172.94375,-42.35119],[172.94335,-42.35416],[172.94085,-42.35955],[172.94108,-42.36776],[172.93823,-42.373],[172.9386,-42.37458],[172.94132,-42.37694],[172.94139,-42.37783],[172.96855,-42.39317],[172.97446,-42.39535],[172.97833,-42.39572],[172.98806,-42.39163],[172.99824,-42.39358],[173.00289,-42.39328],[173.0023,-42.39718],[173.00104,-42.39954],[172.99313,-42.40348],[172.98972,-42.41381],[172.98467,-42.41939],[172.98651,-42.42496],[172.98332,-42.43335],[172.98243,-42.43402],[172.97643,-42.4335],[172.97474,-42.43711],[172.97583,-42.43971],[172.9749,-42.44368],[172.97221,-42.44704],[172.96953,-42.44868],[172.97147,-42.44852],[172.98228,-42.45198],[172.98648,-42.45073],[172.99922,-42.45238],[173.0014,-42.45156],[173.00542,-42.44721],[173.00768,-42.44587],[173.01449,-42.44629],[173.02109,-42.44988],[173.02482,-42.45322],[173.03334,-42.45829],[173.03395,-42.46062],[173.03308,-42.46517],[173.03931,-42.47084],[173.03502,-42.47831],[173.03579,-42.48347],[173.04953,-42.48765],[173.05422,-42.48808],[173.06922,-42.48069],[173.07047,-42.47725],[173.07363,-42.47393],[173.07439,-42.47104],[173.07664,-42.46822],[173.07713,-42.46542],[173.0756,-42.46281],[173.0761,-42.46092],[173.08313,-42.46019],[173.08754,-42.46165],[173.09581,-42.46075],[173.10026,-42.45839],[173.10525,-42.45105],[173.10625,-42.44768],[173.10998,-42.44728],[173.11171,-42.44594],[173.11947,-42.45038],[173.12576,-42.45121],[173.13585,-42.45019],[173.14311,-42.45133],[173.14967,-42.45077],[173.15232,-42.4496],[173.15596,-42.44327],[173.1565,-42.43926],[173.15865,-42.43479],[173.15886,-42.43236],[173.16065,-42.43045],[173.15994,-42.42553],[173.1643,-42.41851],[173.16969,-42.41547],[173.1826,-42.41278],[173.19022,-42.41033],[173.19561,-42.40582],[173.1986,-42.40134],[173.2033,-42.39763],[173.20582,-42.3914],[173.20486,-42.38866],[173.20754,-42.38598],[173.20907,-42.38305],[173.21715,-42.38206],[173.22067,-42.3801],[173.22147,-42.37484],[173.21868,-42.36695],[173.21882,-42.36432],[173.21928,-42.36261],[173.22377,-42.35668],[173.2274,-42.35512],[173.23546,-42.35458],[173.24332,-42.35608],[173.2259,-42.34633],[173.18065,-42.3464],[173.18346,-42.3459],[173.18421,-42.34491],[173.1825,-42.3396],[173.18317,-42.3369],[173.1864,-42.33475],[173.18827,-42.33478],[173.18921,-42.33619],[173.19091,-42.33581],[173.19173,-42.33456],[173.19116,-42.33236],[173.19211,-42.33162],[173.20219,-42.33434],[173.20488,-42.33403],[173.20718,-42.33089],[173.20573,-42.32256],[173.20722,-42.31702],[173.21649,-42.31512],[173.23586,-42.30469],[173.24452,-42.3031],[173.25505,-42.29572],[173.26066,-42.28894],[173.26983,-42.28432],[173.28367,-42.27366],[173.28883,-42.27096],[173.29188,-42.26765],[173.29587,-42.26575],[173.30201,-42.2563],[173.30132,-42.25456],[173.29576,-42.2498],[173.29645,-42.24803],[173.30378,-42.24607],[173.30461,-42.2463],[173.30534,-42.24862],[173.3122,-42.25038],[173.32477,-42.24713],[173.32668,-42.24761],[173.33332,-42.24665],[173.33778,-42.24105],[173.33752,-42.23639],[173.33992,-42.23333],[173.33922,-42.23017],[173.33994,-42.22875],[173.34155,-42.2279],[173.34579,-42.22889],[173.34813,-42.23413],[173.34758,-42.23597],[173.34423,-42.23814],[173.34434,-42.23965],[173.34817,-42.24051],[173.35114,-42.24271],[173.35596,-42.24171],[173.35694,-42.239],[173.35633,-42.23749],[173.35707,-42.23666],[173.36136,-42.23768],[173.3681,-42.23561],[173.37319,-42.23681],[173.37568,-42.233],[173.37171,-42.23403],[173.3691,-42.23332],[173.3673,-42.23054],[173.36818,-42.22464],[173.36874,-42.22399],[173.37557,-42.22379],[173.38031,-42.22111],[173.38386,-42.21715],[173.38759,-42.21783],[173.38905,-42.22026],[173.39127,-42.22189],[173.39754,-42.22115],[173.40403,-42.21944],[173.41256,-42.21431],[173.41702,-42.21046],[173.42218,-42.20905],[173.43235,-42.21381],[173.43696,-42.21418],[173.43958,-42.21216],[173.44048,-42.20933],[173.44061,-42.20476],[173.44338,-42.20211],[173.44957,-42.19895],[173.45686,-42.1987],[173.46446,-42.19567],[173.46591,-42.1914],[173.46481,-42.18799],[173.46489,-42.18505],[173.46349,-42.1814],[173.46403,-42.17975],[173.47389,-42.18005],[173.47994,-42.17905],[173.48201,-42.17953],[173.48425,-42.18134],[173.48481,-42.17856],[173.48141,-42.17596],[173.48053,-42.17228],[173.4828,-42.16609],[173.47803,-42.16302],[173.47717,-42.15767],[173.47607,-42.1557],[173.47787,-42.15298],[173.47572,-42.15099],[173.4746,-42.15131],[173.4738,-42.1506],[173.47416,-42.1472],[173.47338,-42.14252],[173.47129,-42.1383],[173.47208,-42.13374],[173.47021,-42.13103],[173.46992,-42.12879],[173.46697,-42.1251],[173.4668,-42.12082],[173.46307,-42.11781],[173.46969,-42.11565],[173.47657,-42.11655],[173.48651,-42.11045],[173.48823,-42.10681],[173.48533,-42.10404],[173.48402,-42.09941],[173.48653,-42.09764],[173.49092,-42.08809],[173.49449,-42.08563],[173.49913,-42.07874],[173.50178,-42.07677],[173.50814,-42.0748],[173.51767,-42.06939],[173.53355,-42.06998],[173.54042,-42.06825],[173.54684,-42.06979],[173.5464,-42.0653],[173.54466,-42.06125],[173.54743,-42.05692],[173.55305,-42.05353],[173.55514,-42.04592],[173.5581,-42.04539],[173.55835,-42.04384],[173.56138,-42.04206],[173.56391,-42.04169],[173.56622,-42.03752],[173.56845,-42.03665],[173.57132,-42.033],[173.57508,-42.03259],[173.57787,-42.03047],[173.58217,-42.02911],[173.59129,-42.02978],[173.5945,-42.02929],[173.59659,-42.02494],[173.60078,-42.02296],[173.60056,-42.02018],[173.60376,-42.0176],[173.60338,-42.0161],[173.60575,-42.01327],[173.60528,-42.0116],[173.60697,-42.00772],[173.60971,-42.00453],[173.61861,-42.00616],[173.62188,-42.00838],[173.62258,-42.01015],[173.62424,-42.01071],[173.62827,-42.01042],[173.63186,-42.00848],[173.63815,-42.00937],[173.63981,-42.00784],[173.64371,-42.00664],[173.64534,-42.00435],[173.64827,-42.00375],[173.65089,-42.00174],[173.65713,-41.99927],[173.65815,-41.99706],[173.66283,-41.99595],[173.66338,-41.99312],[173.66082,-41.9908],[173.6601,-41.98659],[173.66187,-41.98507],[173.66203,-41.98327],[173.66322,-41.9821],[173.66902,-41.98],[173.67613,-41.97964],[173.68203,-41.97428],[173.70026,-41.97197],[173.71148,-41.9642],[173.72025,-41.96076],[173.72046,-41.95929],[173.71801,-41.95854],[173.71885,-41.95657],[173.71346,-41.95041],[173.71558,-41.94749],[173.71423,-41.94075],[173.71554,-41.9382],[173.71725,-41.93538],[173.72371,-41.93161],[173.72303,-41.93006],[173.72337,-41.92693],[173.7284,-41.9213],[173.7285,-41.91876],[173.7322,-41.91564],[173.73434,-41.9149],[173.73673,-41.91132],[173.74137,-41.90999],[173.74441,-41.90737],[173.75031,-41.90885]]]}},{"type":"Feature","id":"14","properties":{"regionId":"14","name":"Otago Region","labelPoint":{"longitude":169.6967,"latitude":-45.3857},"sourceField":"REGC_code","sourceNameField":"REGC_name"},"geometry":{"type":"Polygon","coordinates":[[[169.67515,-43.95638],[169.68279,-43.95615],[169.68622,-43.95762],[169.69194,-43.9579],[169.69446,-43.95912],[169.69934,-43.96355],[169.70199,-43.96917],[169.70217,-43.97392],[169.6994,-43.97697],[169.69911,-43.97973],[169.7037,-43.98351],[169.7059,-43.99011],[169.7103,-43.99351],[169.71145,-43.99725],[169.71111,-43.99905],[169.70716,-44.00125],[169.70608,-44.00335],[169.70647,-44.0106],[169.70942,-44.01445],[169.70759,-44.01714],[169.71178,-44.02189],[169.71225,-44.02556],[169.71928,-44.03402],[169.71963,-44.03619],[169.71704,-44.03828],[169.70227,-44.04105],[169.69898,-44.04278],[169.69425,-44.04115],[169.68589,-44.04199],[169.68463,-44.04534],[169.68094,-44.04827],[169.68289,-44.05464],[169.6797,-44.06165],[169.68158,-44.06423],[169.68202,-44.06842],[169.67858,-44.07052],[169.67605,-44.06901],[169.66502,-44.06774],[169.66438,-44.0699],[169.66053,-44.0731],[169.65955,-44.07622],[169.65757,-44.07765],[169.65806,-44.07925],[169.66241,-44.08469],[169.6622,-44.08783],[169.66084,-44.09024],[169.66124,-44.0915],[169.65874,-44.09267],[169.65442,-44.09269],[169.64962,-44.0958],[169.64843,-44.098],[169.63916,-44.1018],[169.64046,-44.10571],[169.63937,-44.10868],[169.63722,-44.11049],[169.63631,-44.11409],[169.63913,-44.11861],[169.63868,-44.11992],[169.63513,-44.1218],[169.62497,-44.12248],[169.62086,-44.12787],[169.62089,-44.13014],[169.61832,-44.13575],[169.61965,-44.13657],[169.62045,-44.13996],[169.61772,-44.14105],[169.61494,-44.14366],[169.60353,-44.14716],[169.59889,-44.1503],[169.60392,-44.15513],[169.60582,-44.15852],[169.60389,-44.16029],[169.59845,-44.16012],[169.59633,-44.16239],[169.59382,-44.16264],[169.58603,-44.16657],[169.58129,-44.17263],[169.57532,-44.17456],[169.57107,-44.17723],[169.57015,-44.18026],[169.57109,-44.18204],[169.56639,-44.18514],[169.56587,-44.18832],[169.56189,-44.19376],[169.5621,-44.19806],[169.56048,-44.20336],[169.56077,-44.20544],[169.54887,-44.20474],[169.54332,-44.20747],[169.54452,-44.21165],[169.54346,-44.21636],[169.54711,-44.22074],[169.5485,-44.22758],[169.55511,-44.23111],[169.56096,-44.23255],[169.56365,-44.23483],[169.57046,-44.23673],[169.5735,-44.23979],[169.57332,-44.24329],[169.57555,-44.24598],[169.57678,-44.24951],[169.57929,-44.2507],[169.58061,-44.25235],[169.57933,-44.25581],[169.57942,-44.26433],[169.57827,-44.26812],[169.5754,-44.27186],[169.57497,-44.27559],[169.57305,-44.27924],[169.57478,-44.28417],[169.57339,-44.29158],[169.57111,-44.29624],[169.5748,-44.3001],[169.57448,-44.30294],[169.57233,-44.30561],[169.573,-44.31206],[169.56906,-44.3172],[169.5684,-44.31932],[169.57123,-44.33323],[169.57409,-44.33602],[169.57873,-44.33764],[169.57878,-44.34013],[169.57742,-44.34284],[169.57742,-44.3453],[169.57203,-44.34936],[169.56791,-44.35413],[169.56799,-44.35569],[169.57085,-44.35825],[169.56895,-44.36612],[169.56579,-44.37238],[169.55671,-44.38095],[169.55883,-44.38619],[169.55935,-44.38999],[169.56645,-44.3968],[169.56561,-44.40231],[169.56307,-44.40562],[169.55525,-44.41023],[169.55214,-44.4129],[169.54588,-44.42266],[169.5458,-44.42361],[169.5477,-44.42511],[169.54755,-44.42655],[169.54884,-44.42885],[169.5516,-44.42973],[169.55445,-44.43246],[169.5562,-44.43759],[169.54784,-44.44275],[169.5425,-44.4486],[169.546,-44.4514],[169.55348,-44.4552],[169.55443,-44.45723],[169.55855,-44.45777],[169.56231,-44.46015],[169.56977,-44.45972],[169.57387,-44.46235],[169.57885,-44.46209],[169.59206,-44.45905],[169.59448,-44.45934],[169.60044,-44.4629],[169.60237,-44.46181],[169.60329,-44.46356],[169.60494,-44.46374],[169.60902,-44.46183],[169.61495,-44.46059],[169.62816,-44.46264],[169.63369,-44.46241],[169.64189,-44.46642],[169.64104,-44.47189],[169.64342,-44.47511],[169.64411,-44.47901],[169.64748,-44.48115],[169.64362,-44.4867],[169.64365,-44.48945],[169.64121,-44.49509],[169.63982,-44.49675],[169.63485,-44.49887],[169.63432,-44.50175],[169.63558,-44.50213],[169.63729,-44.50626],[169.63767,-44.51165],[169.64323,-44.51542],[169.64559,-44.51924],[169.65015,-44.52095],[169.64699,-44.52615],[169.64769,-44.5311],[169.65231,-44.53522],[169.6634,-44.53723],[169.65624,-44.54243],[169.653,-44.54585],[169.65208,-44.54858],[169.64872,-44.55118],[169.6481,-44.55294],[169.64552,-44.55507],[169.64455,-44.55808],[169.64525,-44.56105],[169.64069,-44.56478],[169.64069,-44.56591],[169.64336,-44.56926],[169.64278,-44.57174],[169.64079,-44.57472],[169.64275,-44.57613],[169.64357,-44.57934],[169.64327,-44.58175],[169.6445,-44.58479],[169.64265,-44.58745],[169.6423,-44.59367],[169.641,-44.59601],[169.6425,-44.59525],[169.65005,-44.59565],[169.65778,-44.59357],[169.66253,-44.59408],[169.67185,-44.59684],[169.68177,-44.59789],[169.68665,-44.5995],[169.68852,-44.60108],[169.68857,-44.6029],[169.68529,-44.60609],[169.68862,-44.60382],[169.69689,-44.60137],[169.7085,-44.60098],[169.71334,-44.59797],[169.7147,-44.59094],[169.71858,-44.5799],[169.7186,-44.57352],[169.73059,-44.56507],[169.73663,-44.57045],[169.73777,-44.5741],[169.7462,-44.58607],[169.74861,-44.59431],[169.74773,-44.60027],[169.75531,-44.60749],[169.75715,-44.61213],[169.75368,-44.61832],[169.75335,-44.63096],[169.75488,-44.63892],[169.76335,-44.64165],[169.80564,-44.66134],[169.82199,-44.66363],[169.81708,-44.66548],[169.83619,-44.6689],[169.84155,-44.6654],[169.89127,-44.64428],[169.89772,-44.64644],[169.94422,-44.65398],[169.96342,-44.70883],[169.97018,-44.74407],[169.98111,-44.75452],[169.98219,-44.76709],[169.98415,-44.77247],[169.98622,-44.77647],[169.99369,-44.78648],[169.99503,-44.79876],[169.99896,-44.80877],[169.9966,-44.82044],[169.99796,-44.82506],[170.00551,-44.83682],[170.00875,-44.83902],[170.01264,-44.84355],[170.01587,-44.85147],[170.0185,-44.85561],[170.02332,-44.8567],[170.02669,-44.85903],[170.02788,-44.86478],[170.03094,-44.87006],[170.03824,-44.87252],[170.04313,-44.87678],[170.05027,-44.87743],[170.06119,-44.88152],[170.06381,-44.88362],[170.06642,-44.89046],[170.06633,-44.89361],[170.06951,-44.89977],[170.0775,-44.90637],[170.08187,-44.91212],[170.07442,-44.91602],[170.06866,-44.92318],[170.08477,-44.92743],[170.08634,-44.93043],[170.08971,-44.93211],[170.09144,-44.93421],[170.09132,-44.93754],[170.0941,-44.94002],[170.10368,-44.94257],[170.11129,-44.94686],[170.11412,-44.94646],[170.12048,-44.94743],[170.12264,-44.9443],[170.1271,-44.94108],[170.13094,-44.94072],[170.14046,-44.9428],[170.1475,-44.94093],[170.15035,-44.94334],[170.15838,-44.94356],[170.16449,-44.946],[170.17567,-44.94184],[170.1793,-44.94297],[170.18954,-44.94002],[170.20016,-44.93903],[170.21047,-44.93456],[170.22037,-44.93345],[170.22521,-44.93474],[170.24207,-44.93072],[170.24507,-44.92656],[170.24687,-44.92228],[170.25199,-44.91883],[170.25958,-44.92157],[170.26365,-44.92129],[170.26518,-44.91995],[170.27235,-44.92165],[170.27461,-44.92112],[170.28178,-44.91661],[170.29072,-44.91414],[170.30168,-44.91951],[170.30468,-44.91053],[170.31935,-44.90305],[170.34013,-44.90391],[170.34998,-44.90767],[170.35164,-44.90975],[170.35282,-44.91506],[170.35248,-44.92318],[170.35405,-44.92812],[170.35061,-44.93172],[170.35062,-44.93847],[170.34906,-44.9431],[170.35698,-44.93903],[170.36564,-44.9401],[170.36542,-44.94229],[170.36659,-44.94439],[170.37214,-44.94803],[170.37338,-44.95239],[170.37194,-44.95341],[170.37131,-44.95765],[170.36888,-44.96021],[170.36871,-44.9673],[170.36983,-44.97232],[170.36487,-44.97474],[170.35409,-44.98272],[170.34734,-44.98963],[170.35185,-45.00781],[170.34944,-45.0217],[170.35329,-45.02401],[170.35398,-45.02664],[170.35577,-45.02917],[170.36292,-45.03677],[170.36331,-45.0435],[170.3663,-45.04851],[170.36693,-45.0522],[170.3683,-45.05481],[170.37099,-45.05664],[170.37609,-45.05798],[170.38048,-45.06085],[170.37921,-45.06698],[170.3799,-45.0684],[170.38621,-45.07333],[170.38554,-45.07787],[170.38837,-45.07922],[170.39721,-45.0809],[170.40056,-45.08053],[170.40745,-45.07768],[170.41422,-45.07762],[170.41818,-45.07503],[170.42289,-45.07426],[170.42522,-45.07274],[170.42793,-45.07226],[170.43073,-45.07288],[170.43581,-45.07194],[170.44719,-45.06596],[170.45009,-45.0622],[170.45116,-45.0577],[170.45371,-45.05333],[170.45825,-45.05091],[170.45889,-45.049],[170.46475,-45.04525],[170.47113,-45.04744],[170.47604,-45.04811],[170.48101,-45.04732],[170.48116,-45.04607],[170.48916,-45.03463],[170.50645,-45.02598],[170.51169,-45.02068],[170.5095,-45.01539],[170.51393,-45.01389],[170.51434,-45.01237],[170.51321,-45.01112],[170.51287,-45.00893],[170.51442,-45.0077],[170.51769,-45.00777],[170.52146,-45.00573],[170.52389,-45.00548],[170.52694,-45.0004],[170.52854,-44.99945],[170.52833,-44.99717],[170.52926,-44.99534],[170.5318,-44.99286],[170.5381,-44.98935],[170.53824,-44.98788],[170.5416,-44.98675],[170.54244,-44.98505],[170.54781,-44.98496],[170.54849,-44.98366],[170.55056,-44.98252],[170.55696,-44.98127],[170.56223,-44.97818],[170.56369,-44.97825],[170.56643,-44.97566],[170.57323,-44.97856],[170.57515,-44.97786],[170.57622,-44.97628],[170.57503,-44.9747],[170.57698,-44.97332],[170.57861,-44.96892],[170.57996,-44.96821],[170.57892,-44.96789],[170.5794,-44.96549],[170.59642,-44.96549],[170.59778,-44.96189],[170.60088,-44.96163],[170.60191,-44.96248],[170.60411,-44.9621],[170.60516,-44.96502],[170.60684,-44.96475],[170.61252,-44.96768],[170.61461,-44.96667],[170.61654,-44.96416],[170.61686,-44.96161],[170.61888,-44.95988],[170.62169,-44.96001],[170.6247,-44.9587],[170.63257,-44.95303],[170.63687,-44.9513],[170.63376,-44.94632],[170.63128,-44.94023],[170.6275,-44.9346],[170.6276,-44.93364],[170.63295,-44.93257],[170.63752,-44.91779],[170.6444,-44.91543],[170.64822,-44.91236],[170.65894,-44.90918],[170.66743,-44.91391],[170.67247,-44.91805],[170.67989,-44.9124],[170.6833,-44.91115],[170.68065,-44.9049],[170.70044,-44.90493],[170.70412,-44.90185],[170.70938,-44.90082],[170.81082,-44.90042],[170.81966,-44.90241],[170.82309,-44.90204],[170.82522,-44.90262],[170.82777,-44.90138],[170.84113,-44.90348],[170.84114,-44.89143],[170.8512,-44.89273],[170.85563,-44.89471],[170.85733,-44.89421],[170.85975,-44.8919],[170.86378,-44.89078],[170.86559,-44.89204],[170.87218,-44.89326],[170.87879,-44.89264],[170.88222,-44.89102],[170.88615,-44.89161],[170.88815,-44.89293],[170.89076,-44.89274],[170.89125,-44.89362],[170.89947,-44.89484],[170.89818,-44.89561],[170.90193,-44.89739],[170.90729,-44.89673],[170.90959,-44.89847],[170.90976,-44.90017],[170.91118,-44.90205],[170.91314,-44.90293],[170.91699,-44.90241],[170.92037,-44.90378],[170.92498,-44.90279],[170.93177,-44.90667],[170.93583,-44.90726],[170.94087,-44.90686],[170.96454,-44.91197],[170.96916,-44.91172],[170.97188,-44.90952],[170.97571,-44.91068],[170.97887,-44.91356],[170.98113,-44.9138],[170.98259,-44.91488],[170.98759,-44.91425],[170.98994,-44.9166],[170.99355,-44.91735],[170.99717,-44.92001],[171.00136,-44.92143],[171.01173,-44.91964],[171.01479,-44.92022],[171.02006,-44.91927],[171.01772,-44.92037],[171.01883,-44.92078],[171.02064,-44.91959],[171.0236,-44.91972],[171.03094,-44.92309],[171.0406,-44.9231],[171.04357,-44.92411],[171.04766,-44.92395],[171.0505,-44.92514],[171.05446,-44.92433],[171.06317,-44.92575],[171.06482,-44.92695],[171.07259,-44.92799],[171.07557,-44.93024],[171.0774,-44.92981],[171.0828,-44.9319],[171.08739,-44.93045],[171.09355,-44.93142],[171.09851,-44.93098],[171.10212,-44.92923],[171.11068,-44.9306],[171.11575,-44.92946],[171.11775,-44.93044],[171.11787,-44.93121],[171.11477,-44.93117],[171.11927,-44.93186],[171.12603,-44.93737],[171.13059,-44.93849],[171.13278,-44.93782],[171.13439,-44.93891],[171.14401,-44.94029],[171.4068,-45.01537],[171.39671,-45.03271],[171.38233,-45.05169],[171.37658,-45.06213],[171.36799,-45.07501],[171.35755,-45.08825],[171.34498,-45.1013],[171.33538,-45.11402],[171.32727,-45.12318],[171.30917,-45.14031],[171.29187,-45.15379],[171.27568,-45.16436],[171.26515,-45.17422],[171.25155,-45.18533],[171.24567,-45.19649],[171.23767,-45.20925],[171.22462,-45.22598],[171.21447,-45.23683],[171.19951,-45.2505],[171.17385,-45.26926],[171.15952,-45.28898],[171.13977,-45.30994],[171.14573,-45.32616],[171.14999,-45.34348],[171.15184,-45.35863],[171.15227,-45.37095],[171.15076,-45.38931],[171.15106,-45.40573],[171.14891,-45.42385],[171.14375,-45.44389],[171.13933,-45.45541],[171.12844,-45.47716],[171.11246,-45.49931],[171.10814,-45.51999],[171.10287,-45.53502],[171.09203,-45.557],[171.08472,-45.56818],[171.06847,-45.5885],[171.04849,-45.60768],[171.02557,-45.6249],[171.00757,-45.63597],[170.99859,-45.65767],[170.98785,-45.67604],[170.99584,-45.68566],[171.00588,-45.69983],[171.01859,-45.72319],[171.02726,-45.74507],[171.03427,-45.77142],[171.03753,-45.78973],[171.03841,-45.8048],[171.03766,-45.82046],[171.03404,-45.84051],[171.03594,-45.86852],[171.03566,-45.88211],[171.03409,-45.89607],[171.03134,-45.90861],[171.02483,-45.92816],[171.01877,-45.9411],[171.01033,-45.95562],[171.00146,-45.96806],[170.98664,-45.98501],[170.97366,-45.99726],[170.95247,-46.01388],[170.93606,-46.02473],[170.91835,-46.03544],[170.89751,-46.04598],[170.86569,-46.05864],[170.84326,-46.0655],[170.8295,-46.06885],[170.80263,-46.08231],[170.78207,-46.09054],[170.76197,-46.09714],[170.73202,-46.10478],[170.69161,-46.11119],[170.65633,-46.11322],[170.626,-46.11262],[170.60022,-46.12079],[170.57646,-46.12644],[170.55741,-46.1299],[170.53745,-46.13248],[170.50598,-46.13451],[170.48212,-46.1411],[170.47752,-46.15634],[170.4716,-46.17222],[170.45482,-46.20973],[170.44632,-46.22528],[170.4394,-46.23569],[170.42811,-46.25],[170.4087,-46.27021],[170.3952,-46.28284],[170.37509,-46.29825],[170.34724,-46.31521],[170.31085,-46.34018],[170.28896,-46.35226],[170.27053,-46.36054],[170.25268,-46.36746],[170.22863,-46.38074],[170.20695,-46.39746],[170.17014,-46.42181],[170.15244,-46.43196],[170.13724,-46.43942],[170.11585,-46.45364],[170.11446,-46.47219],[170.11246,-46.48354],[170.10796,-46.49926],[170.09906,-46.52022],[170.08932,-46.5366],[170.0776,-46.55247],[170.05929,-46.57159],[170.04522,-46.58376],[170.02496,-46.59827],[170.00189,-46.61187],[169.97329,-46.62499],[169.94438,-46.63526],[169.92325,-46.64687],[169.90213,-46.66279],[169.88326,-46.6745],[169.85527,-46.68896],[169.83199,-46.69881],[169.81213,-46.70869],[169.79886,-46.7143],[169.7766,-46.72917],[169.75868,-46.73914],[169.72739,-46.75304],[169.71372,-46.75801],[169.68741,-46.76585],[169.64784,-46.77395],[169.62424,-46.77675],[169.60292,-46.77814],[169.58522,-46.78624],[169.56201,-46.79498],[169.5359,-46.8028],[169.5147,-46.80755],[169.48486,-46.81889],[169.46065,-46.82591],[169.43035,-46.83229],[169.39564,-46.83708],[169.36435,-46.83922],[169.34206,-46.83922],[169.27917,-46.62241],[169.27504,-46.62148],[169.26531,-46.61549],[169.27411,-46.61134],[169.26158,-46.59855],[169.26724,-46.59588],[169.2665,-46.59359],[169.26424,-46.59385],[169.26489,-46.58585],[169.25417,-46.5806],[169.25111,-46.58097],[169.24821,-46.57725],[169.24508,-46.57524],[169.23791,-46.5752],[169.23446,-46.57305],[169.23034,-46.57296],[169.20094,-46.56071],[169.19607,-46.56061],[169.19554,-46.55972],[169.19214,-46.55865],[169.19052,-46.55692],[169.19108,-46.5558],[169.19369,-46.55509],[169.21599,-46.55421],[169.22556,-46.54984],[169.23118,-46.54383],[169.23622,-46.53613],[169.24479,-46.52956],[169.24557,-46.52197],[169.24666,-46.51941],[169.2501,-46.51654],[169.2503,-46.51331],[169.24745,-46.51033],[169.24561,-46.50983],[169.23671,-46.51243],[169.23309,-46.51176],[169.21477,-46.50226],[169.20543,-46.49929],[169.20248,-46.4949],[169.18149,-46.49127],[169.17769,-46.48985],[169.17343,-46.48705],[169.17299,-46.48537],[169.17368,-46.48415],[169.17855,-46.48082],[169.17847,-46.47831],[169.17483,-46.47551],[169.16587,-46.47244],[169.16226,-46.46849],[169.16131,-46.4659],[169.16414,-46.4618],[169.16312,-46.45923],[169.16333,-46.45772],[169.16513,-46.45565],[169.16797,-46.45435],[169.17995,-46.45148],[169.18319,-46.44882],[169.18436,-46.44514],[169.18585,-46.44315],[169.19681,-46.4388],[169.19085,-46.43413],[169.18815,-46.42745],[169.19467,-46.42425],[169.19931,-46.41994],[169.19946,-46.41637],[169.19402,-46.40841],[169.196,-46.40441],[169.1913,-46.39935],[169.1889,-46.39905],[169.18675,-46.39564],[169.17778,-46.39182],[169.17875,-46.38844],[169.17502,-46.38637],[169.17025,-46.3854],[169.16109,-46.3818],[169.14424,-46.38242],[169.13414,-46.37544],[169.13618,-46.37412],[169.13739,-46.36624],[169.14013,-46.36528],[169.14634,-46.35912],[169.14661,-46.35603],[169.14537,-46.35455],[169.14238,-46.35348],[169.14509,-46.35332],[169.14838,-46.35053],[169.1532,-46.34991],[169.15556,-46.3482],[169.16031,-46.34794],[169.16134,-46.34652],[169.16126,-46.34492],[169.16613,-46.34216],[169.17363,-46.33587],[169.17958,-46.33314],[169.19071,-46.32636],[169.17742,-46.32187],[169.18843,-46.31351],[169.19692,-46.30431],[169.18859,-46.30238],[169.18938,-46.30134],[169.18501,-46.29906],[169.18549,-46.29545],[169.18391,-46.29142],[169.17685,-46.28568],[169.18901,-46.27992],[169.18919,-46.26597],[169.18588,-46.26657],[169.18862,-46.26182],[169.1883,-46.25882],[169.18586,-46.25604],[169.1857,-46.2548],[169.19178,-46.24719],[169.1962,-46.23761],[169.18947,-46.2336],[169.18632,-46.23052],[169.18631,-46.22326],[169.19806,-46.21269],[169.19829,-46.20044],[169.196,-46.20025],[169.19441,-46.19844],[169.18958,-46.19564],[169.18697,-46.19505],[169.18186,-46.19571],[169.18378,-46.19235],[169.18733,-46.1903],[169.18585,-46.18929],[169.18233,-46.18883],[169.17955,-46.18981],[169.17508,-46.18855],[169.17513,-46.18926],[169.17371,-46.18925],[169.17399,-46.19063],[169.17148,-46.1905],[169.16977,-46.19246],[169.16696,-46.19187],[169.16666,-46.19021],[169.16837,-46.19013],[169.16883,-46.18943],[169.16921,-46.18807],[169.16781,-46.18784],[169.1705,-46.18478],[169.17036,-46.18275],[169.1687,-46.18153],[169.16461,-46.18071],[169.16345,-46.18166],[169.16209,-46.1812],[169.15962,-46.17564],[169.16328,-46.16858],[169.16633,-46.1666],[169.16825,-46.16401],[169.16923,-46.16091],[169.1672,-46.15935],[169.16217,-46.15751],[169.16206,-46.15363],[169.16097,-46.15216],[169.15873,-46.15174],[169.15417,-46.15328],[169.15315,-46.15458],[169.15104,-46.15462],[169.14352,-46.14987],[169.13813,-46.14965],[169.13519,-46.15117],[169.13352,-46.15112],[169.13262,-46.15075],[169.13157,-46.14757],[169.12978,-46.14777],[169.13012,-46.14012],[169.12886,-46.13864],[169.13483,-46.13683],[169.13516,-46.13635],[169.13268,-46.13366],[169.13344,-46.13149],[169.13757,-46.13042],[169.13836,-46.12869],[169.13762,-46.12733],[169.13888,-46.12628],[169.14309,-46.12609],[169.15032,-46.12387],[169.15379,-46.12483],[169.15527,-46.12424],[169.15591,-46.12219],[169.15985,-46.12028],[169.16317,-46.11711],[169.16011,-46.11612],[169.16222,-46.11195],[169.15788,-46.10666],[169.15878,-46.10391],[169.16146,-46.10136],[169.16175,-46.09818],[169.16329,-46.09579],[169.16008,-46.09446],[169.15813,-46.09239],[169.14826,-46.09231],[169.14844,-46.08552],[169.13557,-46.08539],[169.13801,-46.07815],[169.14328,-46.07603],[169.14724,-46.07594],[169.15308,-46.07346],[169.15787,-46.06844],[169.158,-46.06222],[169.15333,-46.04874],[169.13618,-46.04806],[169.13342,-46.04673],[169.12847,-46.0417],[169.11934,-46.03722],[169.11543,-46.03661],[169.10976,-46.03757],[169.10582,-46.03656],[169.1036,-46.03681],[169.10259,-46.03363],[169.10005,-46.0334],[169.09977,-46.03092],[169.09831,-46.02915],[169.09468,-46.02678],[169.09186,-46.02621],[169.0896,-46.02421],[169.08947,-46.02289],[169.08816,-46.02159],[169.08881,-46.02085],[169.08884,-46.01779],[169.08483,-46.01502],[169.08176,-46.01439],[169.08153,-46.01356],[169.08302,-46.01142],[169.07985,-46.00911],[169.08058,-46.00605],[169.07981,-46.00524],[169.08129,-46.00434],[169.07997,-46.00371],[169.07969,-46.00266],[169.12782,-46.00313],[169.12595,-46.00167],[169.11717,-46.00032],[169.10817,-45.99514],[169.0992,-45.99739],[169.08865,-46.00121],[169.08009,-46.00201],[169.07696,-46.00095],[169.07272,-46.00162],[169.07254,-45.99774],[169.07084,-45.99701],[169.07139,-45.9885],[169.06894,-45.98588],[169.06658,-45.9853],[169.06807,-45.98356],[169.06643,-45.98301],[169.06725,-45.98043],[169.07133,-45.97651],[169.07061,-45.97535],[169.07514,-45.97287],[169.07478,-45.97033],[169.08111,-45.96528],[169.08813,-45.96388],[169.09027,-45.96168],[169.0944,-45.9595],[169.09972,-45.94804],[169.09908,-45.94121],[169.09724,-45.93856],[169.09039,-45.9376],[169.08461,-45.93379],[169.08215,-45.92955],[169.07391,-45.92569],[169.07341,-45.92475],[169.07691,-45.92258],[169.07675,-45.92184],[169.07516,-45.92158],[169.0765,-45.91956],[169.08037,-45.91731],[169.08475,-45.91671],[169.08506,-45.90596],[169.08891,-45.90003],[169.09015,-45.89393],[169.09141,-45.89134],[169.09354,-45.89204],[169.09907,-45.88436],[169.09647,-45.88261],[169.09152,-45.88256],[169.08708,-45.87901],[169.08215,-45.87301],[169.07884,-45.87125],[169.07447,-45.87107],[169.07322,-45.86497],[169.07531,-45.86373],[169.07698,-45.86063],[169.08046,-45.85816],[169.05662,-45.85011],[169.0548,-45.85112],[169.05204,-45.85713],[169.04968,-45.85852],[169.05039,-45.86396],[169.0052,-45.86349],[169.00435,-45.85974],[169.00588,-45.85635],[169.00512,-45.85088],[169.00551,-45.84793],[169.00883,-45.84428],[169.01203,-45.83409],[169.01784,-45.8299],[169.01982,-45.82482],[169.0254,-45.82192],[169.02895,-45.80893],[169.02404,-45.80515],[169.01354,-45.80357],[169.00873,-45.79987],[169.00679,-45.79954],[169.00347,-45.79577],[169.00455,-45.74958],[169.00291,-45.74582],[169.00344,-45.74293],[169.00197,-45.73885],[168.99814,-45.73697],[168.99452,-45.73721],[168.99337,-45.72854],[168.99629,-45.72833],[169.00014,-45.72604],[169.00307,-45.7271],[169.00408,-45.72328],[169.00372,-45.71817],[169.00512,-45.71365],[169.00758,-45.71105],[169.00523,-45.70083],[169.00539,-45.69845],[169.01883,-45.68979],[169.01799,-45.68832],[169.02006,-45.68097],[169.0187,-45.67759],[169.02195,-45.66736],[169.02495,-45.66369],[169.02469,-45.65964],[169.03091,-45.6558],[169.03185,-45.65417],[169.03528,-45.65259],[169.04397,-45.65253],[169.05314,-45.64473],[169.05866,-45.64115],[169.06351,-45.62955],[169.06576,-45.62754],[169.06635,-45.62589],[169.06551,-45.62212],[169.07162,-45.61045],[169.07225,-45.60641],[169.07356,-45.60443],[169.07765,-45.60144],[169.08076,-45.59562],[169.09352,-45.58686],[169.09722,-45.58351],[169.09902,-45.58069],[169.1005,-45.57487],[169.1018,-45.57316],[169.10314,-45.56762],[169.10523,-45.56337],[169.10799,-45.55015],[169.11167,-45.54182],[169.12205,-45.53188],[169.12277,-45.52961],[169.13024,-45.52455],[169.12893,-45.52103],[169.13588,-45.49014],[169.13651,-45.48326],[169.13857,-45.48032],[169.14188,-45.47102],[169.14021,-45.46419],[169.14224,-45.4622],[169.14604,-45.45564],[169.14725,-45.4505],[169.16002,-45.43969],[169.17216,-45.44007],[169.17469,-45.43925],[169.18354,-45.43896],[169.19102,-45.4375],[169.19962,-45.43432],[169.20574,-45.42623],[169.21093,-45.41716],[169.21126,-45.41176],[169.20926,-45.40238],[169.20707,-45.39937],[169.1991,-45.393],[169.19649,-45.38838],[169.18086,-45.39044],[169.17475,-45.3823],[169.17074,-45.38048],[169.1683,-45.37352],[169.16455,-45.37072],[169.1614,-45.3633],[169.15322,-45.35354],[169.15332,-45.35164],[169.15472,-45.34927],[169.14821,-45.33877],[169.12947,-45.33759],[169.12158,-45.33181],[169.11402,-45.32871],[169.1057,-45.32189],[169.09929,-45.31995],[169.09741,-45.31035],[169.09282,-45.29815],[169.0882,-45.2908],[169.08813,-45.28698],[169.0902,-45.28609],[169.08833,-45.2858],[169.08491,-45.28082],[169.07291,-45.27108],[169.06769,-45.26904],[169.06547,-45.26961],[169.01279,-45.30347],[168.95957,-45.35912],[168.9068,-45.44949],[168.90384,-45.45093],[168.89956,-45.45565],[168.89487,-45.45597],[168.89286,-45.45698],[168.88946,-45.46102],[168.8869,-45.46282],[168.85882,-45.45201],[168.85826,-45.44929],[168.86006,-45.43831],[168.85834,-45.43532],[168.85399,-45.43207],[168.84354,-45.43485],[168.83545,-45.43586],[168.83048,-45.43761],[168.82564,-45.44106],[168.82522,-45.44606],[168.7962,-45.43341],[168.78963,-45.43389],[168.78772,-45.43564],[168.78397,-45.43598],[168.78246,-45.43704],[168.77874,-45.43665],[168.77969,-45.43362],[168.77752,-45.42746],[168.77777,-45.42437],[168.77388,-45.42052],[168.77387,-45.41481],[168.76972,-45.40732],[168.76867,-45.40314],[168.76915,-45.40051],[168.7739,-45.39179],[168.77403,-45.38813],[168.77253,-45.38322],[168.77347,-45.37948],[168.77507,-45.37732],[168.77366,-45.37534],[168.77282,-45.37101],[168.77465,-45.36521],[168.77266,-45.36352],[168.76985,-45.36284],[168.75933,-45.3623],[168.75615,-45.36315],[168.75163,-45.36757],[168.71969,-45.34913],[168.69222,-45.33967],[168.69092,-45.3365],[168.69586,-45.32202],[168.69785,-45.31186],[168.69539,-45.30751],[168.69499,-45.30438],[168.69166,-45.29712],[168.69395,-45.29202],[168.69205,-45.28761],[168.69025,-45.28658],[168.6874,-45.28206],[168.68819,-45.2788],[168.68732,-45.27578],[168.6901,-45.27263],[168.68769,-45.26781],[168.68277,-45.26417],[168.68047,-45.25966],[168.68016,-45.25656],[168.68384,-45.25154],[168.68341,-45.24773],[168.67411,-45.24307],[168.66831,-45.24294],[168.66438,-45.24503],[168.65874,-45.24653],[168.64931,-45.2457],[168.64789,-45.24788],[168.64189,-45.25205],[168.63853,-45.25634],[168.63433,-45.25914],[168.63305,-45.26176],[168.62865,-45.26427],[168.62012,-45.26629],[168.61861,-45.26767],[168.61834,-45.27073],[168.61741,-45.27184],[168.60764,-45.27782],[168.60067,-45.28003],[168.59368,-45.28075],[168.58619,-45.27967],[168.58401,-45.27852],[168.58007,-45.28252],[168.57594,-45.2847],[168.56684,-45.28606],[168.565,-45.28799],[168.56406,-45.29147],[168.55403,-45.29764],[168.55278,-45.29946],[168.54945,-45.30022],[168.54489,-45.30459],[168.54119,-45.30626],[168.5394,-45.30933],[168.46079,-45.32514],[168.32329,-45.32754],[168.30274,-45.2956],[168.30032,-45.29393],[168.30379,-45.28864],[168.3027,-45.28498],[168.30272,-45.28002],[168.30449,-45.27527],[168.30458,-45.27231],[168.30777,-45.2667],[168.30704,-45.26041],[168.2983,-45.25093],[168.29062,-45.24731],[168.28824,-45.24488],[168.28867,-45.24264],[168.29204,-45.23745],[168.29486,-45.23559],[168.29716,-45.23044],[168.29973,-45.22784],[168.30077,-45.22478],[168.29963,-45.22116],[168.29705,-45.22149],[168.29069,-45.2183],[168.28597,-45.21331],[168.26938,-45.21],[168.26334,-45.20565],[168.25665,-45.20392],[168.25691,-45.20307],[168.25608,-45.20224],[168.25153,-45.19951],[168.25073,-45.19407],[168.25446,-45.18823],[168.25488,-45.18518],[168.25334,-45.18384],[168.25191,-45.18087],[168.2486,-45.17827],[168.24545,-45.17076],[168.24325,-45.17041],[168.23599,-45.16685],[168.23608,-45.16257],[168.2383,-45.16081],[168.23938,-45.15443],[168.23422,-45.15325],[168.22809,-45.14932],[168.22482,-45.14943],[168.22356,-45.14862],[168.22289,-45.14687],[168.21697,-45.14436],[168.21774,-45.14304],[168.22561,-45.13969],[168.22696,-45.1375],[168.22859,-45.13754],[168.23312,-45.13431],[168.23621,-45.13382],[168.2455,-45.12617],[168.26611,-45.11903],[168.27033,-45.11221],[168.28421,-45.10617],[168.28494,-45.1021],[168.28382,-45.10022],[168.28476,-45.0993],[168.28638,-45.09322],[168.28412,-45.08816],[168.28544,-45.0866],[168.28461,-45.08461],[168.28535,-45.08321],[168.28745,-45.08265],[168.28762,-45.08038],[168.2935,-45.07484],[168.29424,-45.07011],[168.29267,-45.06642],[168.29356,-45.06366],[168.2933,-45.06149],[168.2946,-45.0585],[168.29404,-45.0554],[168.29512,-45.05371],[168.2986,-45.05219],[168.29818,-45.04837],[168.29449,-45.04642],[168.29227,-45.04382],[168.29135,-45.04047],[168.29623,-45.03804],[168.29943,-45.03299],[168.30212,-45.03197],[168.30257,-45.03002],[168.30558,-45.02797],[168.30895,-45.02785],[168.3097,-45.02602],[168.30771,-45.02272],[168.30421,-45.02108],[168.30297,-45.018],[168.30029,-45.01517],[168.29592,-45.01384],[168.28914,-45.01517],[168.28568,-45.01728],[168.286,-45.0203],[168.28306,-45.02146],[168.28141,-45.02393],[168.27527,-45.0258],[168.26189,-45.02579],[168.24844,-45.0273],[168.23568,-45.02426],[168.22553,-45.01959],[168.22122,-45.01639],[168.2218,-45.00965],[168.22041,-45.00593],[168.21438,-45.00211],[168.20886,-45.00168],[168.20531,-44.99844],[168.20004,-44.99698],[168.19652,-44.99376],[168.19015,-44.99015],[168.18549,-44.98469],[168.18287,-44.98306],[168.17462,-44.98103],[168.17351,-44.97888],[168.17349,-44.97679],[168.17639,-44.97125],[168.17607,-44.96628],[168.16112,-44.95265],[168.15241,-44.94826],[168.1493,-44.94829],[168.14905,-44.94498],[168.14798,-44.94365],[168.14472,-44.94214],[168.13667,-44.9422],[168.13397,-44.94148],[168.13098,-44.93798],[168.13165,-44.93399],[168.12834,-44.93091],[168.13609,-44.92685],[168.13525,-44.9251],[168.13066,-44.9223],[168.13638,-44.91914],[168.13716,-44.91354],[168.13554,-44.91063],[168.13443,-44.90489],[168.12976,-44.90128],[168.12741,-44.88525],[168.12543,-44.88358],[168.11711,-44.88311],[168.11639,-44.88075],[168.11654,-44.8764],[168.11748,-44.87461],[168.11749,-44.87048],[168.12286,-44.86457],[168.12231,-44.85421],[168.124,-44.8507],[168.125,-44.84484],[168.12745,-44.84358],[168.1287,-44.84053],[168.12896,-44.83783],[168.12743,-44.82858],[168.16758,-44.82831],[168.16963,-44.82297],[168.16912,-44.82008],[168.17127,-44.81661],[168.17112,-44.81221],[168.17199,-44.81005],[168.17508,-44.80661],[168.17975,-44.80441],[168.18137,-44.80177],[168.18129,-44.79957],[168.18332,-44.79778],[168.18225,-44.79605],[168.1831,-44.79422],[168.18208,-44.79182],[168.18467,-44.78887],[168.18477,-44.78414],[168.18798,-44.7824],[168.19014,-44.78214],[168.19119,-44.78066],[168.19134,-44.77864],[168.19257,-44.778],[168.1929,-44.77666],[168.1914,-44.77441],[168.19279,-44.77159],[168.191,-44.76679],[168.19427,-44.7642],[168.19494,-44.76152],[168.19673,-44.75973],[168.19788,-44.7569],[168.20211,-44.75418],[168.20528,-44.74635],[168.20341,-44.74191],[168.19939,-44.74019],[168.19453,-44.74051],[168.19163,-44.74304],[168.18448,-44.74519],[168.18192,-44.74518],[168.18121,-44.74387],[168.18181,-44.74154],[168.18124,-44.73793],[168.17534,-44.73352],[168.17472,-44.72882],[168.16929,-44.72195],[168.17197,-44.71858],[168.17082,-44.71251],[168.1731,-44.70753],[168.17233,-44.70456],[168.17497,-44.69771],[168.17714,-44.69525],[168.1849,-44.69046],[168.18564,-44.68703],[168.18833,-44.68577],[168.19248,-44.68066],[168.19195,-44.6775],[168.18743,-44.67358],[168.18469,-44.66949],[168.1853,-44.66653],[168.18782,-44.66346],[168.1887,-44.65977],[168.19112,-44.65586],[168.18875,-44.64905],[168.18501,-44.64613],[168.19304,-44.64503],[168.19731,-44.64334],[168.19594,-44.63917],[168.19692,-44.63619],[168.20202,-44.63034],[168.20378,-44.62288],[168.20754,-44.61812],[168.20885,-44.61338],[168.21162,-44.61018],[168.21444,-44.60347],[168.21649,-44.60189],[168.22427,-44.59947],[168.22568,-44.59807],[168.225,-44.59281],[168.22316,-44.58932],[168.22516,-44.58657],[168.22481,-44.58299],[168.235,-44.57869],[168.23651,-44.57672],[168.2374,-44.57387],[168.23798,-44.56109],[168.23713,-44.54956],[168.2345,-44.54356],[168.23487,-44.54262],[168.24963,-44.53036],[168.25433,-44.52859],[168.25777,-44.52599],[168.27478,-44.52036],[168.27715,-44.51393],[168.28975,-44.49637],[168.29079,-44.49763],[168.297,-44.49741],[168.30679,-44.49978],[168.31896,-44.49491],[168.32157,-44.4955],[168.32604,-44.49451],[168.32884,-44.49476],[168.3326,-44.49665],[168.33927,-44.49561],[168.34492,-44.49706],[168.35199,-44.49344],[168.35853,-44.49189],[168.36585,-44.49482],[168.37796,-44.49587],[168.38379,-44.49769],[168.38653,-44.49754],[168.3902,-44.49907],[168.39406,-44.4984],[168.39908,-44.49611],[168.41016,-44.49645],[168.41552,-44.4974],[168.42141,-44.49563],[168.42857,-44.49543],[168.44156,-44.49219],[168.45252,-44.49256],[168.46092,-44.49539],[168.46994,-44.49089],[168.48781,-44.47887],[168.49402,-44.47662],[168.50092,-44.47543],[168.50349,-44.46982],[168.50681,-44.46682],[168.52355,-44.46037],[168.53869,-44.457],[168.54777,-44.45645],[168.55493,-44.45234],[168.55737,-44.45172],[168.56213,-44.45227],[168.57356,-44.45135],[168.58308,-44.45398],[168.58606,-44.45379],[168.59015,-44.45019],[168.59347,-44.44177],[168.60693,-44.43618],[168.61314,-44.43633],[168.6255,-44.43394],[168.63046,-44.4263],[168.64159,-44.41656],[168.65477,-44.41138],[168.66242,-44.40313],[168.66528,-44.40117],[168.67066,-44.39876],[168.68021,-44.39603],[168.68667,-44.39191],[168.68861,-44.39188],[168.69367,-44.39557],[168.69764,-44.40296],[168.69978,-44.40497],[168.7154,-44.41142],[168.72354,-44.41731],[168.72839,-44.41948],[168.73801,-44.42127],[168.74255,-44.421],[168.74443,-44.41948],[168.74461,-44.41814],[168.74117,-44.40934],[168.74132,-44.40542],[168.74321,-44.40256],[168.74786,-44.399],[168.75341,-44.39225],[168.75702,-44.39001],[168.76544,-44.39131],[168.77031,-44.39101],[168.77809,-44.38785],[168.78379,-44.38322],[168.78749,-44.37706],[168.80012,-44.36907],[168.8062,-44.36387],[168.81061,-44.36213],[168.8178,-44.35613],[168.82996,-44.35259],[168.83233,-44.35085],[168.83205,-44.34809],[168.83608,-44.33992],[168.83508,-44.33405],[168.83191,-44.32644],[168.83189,-44.32276],[168.83316,-44.31925],[168.83764,-44.31676],[168.8414,-44.31188],[168.84005,-44.30245],[168.84134,-44.2954],[168.84425,-44.28966],[168.84274,-44.28334],[168.84625,-44.2785],[168.85468,-44.27415],[168.85727,-44.26971],[168.85158,-44.25863],[168.85108,-44.25662],[168.85177,-44.25369],[168.84935,-44.24614],[168.8561,-44.24245],[168.86794,-44.24025],[168.87095,-44.23886],[168.87333,-44.23386],[168.87219,-44.23034],[168.87376,-44.22756],[168.87375,-44.22587],[168.87723,-44.22284],[168.89335,-44.21747],[168.90483,-44.21823],[168.90675,-44.21645],[168.91094,-44.20979],[168.91901,-44.20946],[168.93205,-44.20568],[168.94456,-44.20347],[168.95921,-44.20581],[168.96333,-44.20038],[168.96212,-44.19327],[168.9624,-44.18628],[168.96135,-44.18236],[168.96518,-44.17375],[168.97434,-44.17301],[168.98739,-44.16893],[168.98738,-44.16742],[168.98577,-44.16564],[168.98579,-44.16335],[168.97667,-44.1508],[168.97508,-44.14403],[168.98114,-44.14149],[168.99371,-44.14112],[169.00078,-44.13959],[169.00882,-44.1361],[169.01243,-44.13263],[169.01592,-44.13082],[169.01129,-44.12642],[169.00983,-44.12392],[169.01239,-44.11592],[169.01343,-44.11477],[169.02031,-44.11458],[169.03805,-44.1182],[169.04596,-44.11613],[169.04942,-44.11309],[169.05808,-44.10934],[169.07359,-44.10961],[169.07482,-44.10869],[169.07522,-44.10283],[169.07897,-44.09836],[169.08145,-44.09698],[169.08869,-44.09532],[169.09578,-44.09728],[169.10078,-44.09557],[169.10453,-44.09542],[169.11078,-44.09322],[169.11923,-44.08745],[169.13012,-44.08695],[169.13466,-44.08285],[169.13895,-44.08073],[169.14592,-44.0799],[169.14699,-44.08007],[169.14803,-44.08267],[169.14773,-44.08608],[169.15079,-44.09122],[169.1514,-44.09459],[169.15454,-44.09963],[169.15975,-44.10486],[169.16901,-44.10462],[169.17374,-44.10602],[169.17766,-44.10821],[169.18216,-44.10844],[169.18807,-44.11054],[169.19881,-44.10952],[169.20624,-44.10693],[169.21024,-44.10788],[169.21477,-44.10777],[169.21936,-44.10943],[169.23279,-44.10856],[169.2421,-44.10611],[169.24505,-44.10702],[169.25744,-44.10811],[169.263,-44.10586],[169.26586,-44.10322],[169.27028,-44.10166],[169.27518,-44.09858],[169.2795,-44.09378],[169.2797,-44.09089],[169.2846,-44.0801],[169.29022,-44.07389],[169.28981,-44.06712],[169.29081,-44.06273],[169.29721,-44.06101],[169.30898,-44.06065],[169.3161,-44.0618],[169.321,-44.06409],[169.32135,-44.06695],[169.32307,-44.0688],[169.32289,-44.07143],[169.3286,-44.07528],[169.32868,-44.0778],[169.33055,-44.07924],[169.32967,-44.08882],[169.33454,-44.09443],[169.33627,-44.09963],[169.33845,-44.10229],[169.34518,-44.10523],[169.35444,-44.10692],[169.35674,-44.10893],[169.3658,-44.1125],[169.37269,-44.1169],[169.37833,-44.11821],[169.38712,-44.11873],[169.38854,-44.11801],[169.38923,-44.11393],[169.39059,-44.11269],[169.3949,-44.11079],[169.4084,-44.10704],[169.40862,-44.10612],[169.40738,-44.10455],[169.40958,-44.10203],[169.41641,-44.09889],[169.4202,-44.09862],[169.42357,-44.09646],[169.4285,-44.09652],[169.42905,-44.0941],[169.43329,-44.08975],[169.44379,-44.08407],[169.44553,-44.07651],[169.45014,-44.07278],[169.44977,-44.06901],[169.45051,-44.06611],[169.45728,-44.06358],[169.46265,-44.05926],[169.47104,-44.05694],[169.48632,-44.05534],[169.4981,-44.05709],[169.50359,-44.05956],[169.5067,-44.05925],[169.5117,-44.05802],[169.51397,-44.05495],[169.51681,-44.05357],[169.52157,-44.04835],[169.52406,-44.04281],[169.52851,-44.0387],[169.53527,-44.03684],[169.54108,-44.03332],[169.54374,-44.03354],[169.55065,-44.03187],[169.55705,-44.03318],[169.56226,-44.03228],[169.57162,-44.03548],[169.57901,-44.03411],[169.58049,-44.0327],[169.58131,-44.03002],[169.58195,-44.0226],[169.58423,-44.01916],[169.59138,-44.01254],[169.59199,-44.01017],[169.59124,-44.00658],[169.59288,-44.00298],[169.59224,-44.00078],[169.5928,-43.99499],[169.59191,-43.99101],[169.58924,-43.9884],[169.58289,-43.98509],[169.58416,-43.98325],[169.58258,-43.98046],[169.58679,-43.97321],[169.5868,-43.96514],[169.59278,-43.95808],[169.60663,-43.95744],[169.61081,-43.95655],[169.62325,-43.95699],[169.62482,-43.95764],[169.62688,-43.96033],[169.63291,-43.96384],[169.64096,-43.96207],[169.64683,-43.96008],[169.64904,-43.95855],[169.65567,-43.95676],[169.6694,-43.95543],[169.67515,-43.95638]]]}},{"type":"Feature","id":"15","properties":{"regionId":"15","name":"Southland Region","labelPoint":{"longitude":167.74696,"latitude":-45.99085},"sourceField":"REGC_code","sourceNameField":"REGC_name"},"geometry":{"type":"Polygon","coordinates":[[[168.05707,-44.25985],[168.06179,-44.26025],[168.06879,-44.25928],[168.07828,-44.26099],[168.08678,-44.26486],[168.09162,-44.26588],[168.10826,-44.27266],[168.11507,-44.2739],[168.11875,-44.27686],[168.13144,-44.28114],[168.13584,-44.28019],[168.14259,-44.28154],[168.15052,-44.28069],[168.15771,-44.28221],[168.16569,-44.27954],[168.16933,-44.27544],[168.17984,-44.27738],[168.19555,-44.2741],[168.19763,-44.27086],[168.20091,-44.26878],[168.20225,-44.26666],[168.20601,-44.26643],[168.21165,-44.26477],[168.21732,-44.26141],[168.22192,-44.26015],[168.22584,-44.25645],[168.24361,-44.25813],[168.25029,-44.25512],[168.25507,-44.25671],[168.26117,-44.2627],[168.27089,-44.26026],[168.2804,-44.26005],[168.28536,-44.2629],[168.29413,-44.27118],[168.29929,-44.27411],[168.3055,-44.27917],[168.30993,-44.27981],[168.31601,-44.27807],[168.32214,-44.27764],[168.32399,-44.27835],[168.32775,-44.28194],[168.33278,-44.28235],[168.33617,-44.2813],[168.33898,-44.2818],[168.34358,-44.28124],[168.34537,-44.2821],[168.34735,-44.28424],[168.34773,-44.29037],[168.35051,-44.2957],[168.35062,-44.29857],[168.34879,-44.30229],[168.35364,-44.30534],[168.34987,-44.31348],[168.35056,-44.31722],[168.34505,-44.32109],[168.34535,-44.32318],[168.34718,-44.32451],[168.34816,-44.32914],[168.35154,-44.33293],[168.35645,-44.33622],[168.35922,-44.33767],[168.36279,-44.33821],[168.36696,-44.34048],[168.37101,-44.34056],[168.38138,-44.33811],[168.37063,-44.3465],[168.36837,-44.3545],[168.38138,-44.35651],[168.38494,-44.35772],[168.4094,-44.36032],[168.41136,-44.36162],[168.41164,-44.36394],[168.40788,-44.36895],[168.40736,-44.37511],[168.4049,-44.37705],[168.39775,-44.37953],[168.3855,-44.37884],[168.3862,-44.38044],[168.38558,-44.38547],[168.38384,-44.38843],[168.37936,-44.39049],[168.37232,-44.39173],[168.36616,-44.3944],[168.35741,-44.39918],[168.35176,-44.40418],[168.35157,-44.40722],[168.3551,-44.41312],[168.35766,-44.41499],[168.36325,-44.4162],[168.36594,-44.41786],[168.36605,-44.4244],[168.36549,-44.42671],[168.35975,-44.43301],[168.3612,-44.43885],[168.35823,-44.44097],[168.35765,-44.44242],[168.35562,-44.44227],[168.35387,-44.44373],[168.35257,-44.44637],[168.3515,-44.44659],[168.35155,-44.44859],[168.34873,-44.45186],[168.34909,-44.45341],[168.35268,-44.45761],[168.35293,-44.46046],[168.34446,-44.47],[168.34364,-44.47277],[168.33893,-44.47407],[168.33688,-44.47586],[168.33748,-44.47808],[168.33373,-44.4892],[168.33673,-44.49405],[168.33683,-44.4954],[168.33453,-44.49678],[168.33233,-44.49657],[168.32884,-44.49476],[168.32444,-44.49456],[168.32157,-44.4955],[168.3185,-44.49497],[168.30679,-44.49978],[168.297,-44.49741],[168.29079,-44.49763],[168.28975,-44.49637],[168.27715,-44.51393],[168.27478,-44.52036],[168.25777,-44.52599],[168.25433,-44.52859],[168.24963,-44.53036],[168.24678,-44.5321],[168.23461,-44.543],[168.23713,-44.54956],[168.23796,-44.56083],[168.23689,-44.57581],[168.235,-44.57869],[168.22481,-44.58299],[168.22516,-44.58657],[168.22316,-44.58932],[168.225,-44.59281],[168.22568,-44.59807],[168.22427,-44.59947],[168.21649,-44.60189],[168.21444,-44.60347],[168.21162,-44.61018],[168.20885,-44.61338],[168.20754,-44.61812],[168.20378,-44.62288],[168.20202,-44.63034],[168.19692,-44.63619],[168.19594,-44.63917],[168.19731,-44.64334],[168.19304,-44.64503],[168.18501,-44.64613],[168.18875,-44.64905],[168.19112,-44.65586],[168.1887,-44.65977],[168.18782,-44.66346],[168.1853,-44.66653],[168.18469,-44.66949],[168.18743,-44.67358],[168.19195,-44.6775],[168.19248,-44.68066],[168.18833,-44.68577],[168.18564,-44.68703],[168.1849,-44.69046],[168.17714,-44.69525],[168.17497,-44.69771],[168.17233,-44.70456],[168.1731,-44.70753],[168.17082,-44.71251],[168.17197,-44.71858],[168.16919,-44.72129],[168.17472,-44.72882],[168.17534,-44.73352],[168.18124,-44.73793],[168.18181,-44.74154],[168.18121,-44.74387],[168.18192,-44.74518],[168.18448,-44.74519],[168.19163,-44.74304],[168.19453,-44.74051],[168.19939,-44.74019],[168.20341,-44.74191],[168.20528,-44.74635],[168.20211,-44.75418],[168.19788,-44.7569],[168.19673,-44.75973],[168.19494,-44.76152],[168.19427,-44.7642],[168.191,-44.76679],[168.19279,-44.77159],[168.1914,-44.77441],[168.1929,-44.77666],[168.19257,-44.778],[168.19134,-44.77864],[168.19119,-44.78066],[168.19014,-44.78214],[168.18798,-44.7824],[168.18477,-44.78414],[168.18467,-44.78887],[168.18208,-44.79182],[168.1831,-44.79422],[168.18225,-44.79605],[168.18332,-44.79778],[168.18129,-44.79957],[168.18137,-44.80177],[168.17975,-44.80441],[168.17508,-44.80661],[168.17199,-44.81005],[168.17112,-44.81221],[168.17127,-44.81661],[168.16912,-44.82008],[168.16963,-44.82297],[168.16758,-44.82831],[168.12743,-44.82858],[168.12896,-44.83783],[168.1287,-44.84053],[168.12745,-44.84358],[168.125,-44.84484],[168.124,-44.8507],[168.12231,-44.85421],[168.12286,-44.86457],[168.11749,-44.87048],[168.11748,-44.87461],[168.11654,-44.8764],[168.11639,-44.88075],[168.11711,-44.88311],[168.12543,-44.88358],[168.12741,-44.88525],[168.12976,-44.90128],[168.13443,-44.90489],[168.13554,-44.91063],[168.13716,-44.91354],[168.13638,-44.91914],[168.13066,-44.9223],[168.13525,-44.9251],[168.13609,-44.92685],[168.12834,-44.93091],[168.13165,-44.93399],[168.13098,-44.93798],[168.13397,-44.94148],[168.13667,-44.9422],[168.14472,-44.94214],[168.14798,-44.94365],[168.14905,-44.94498],[168.1493,-44.94829],[168.15241,-44.94826],[168.16112,-44.95265],[168.17607,-44.96628],[168.17639,-44.97125],[168.17349,-44.97679],[168.17351,-44.97888],[168.17462,-44.98103],[168.18287,-44.98306],[168.18549,-44.98469],[168.19015,-44.99015],[168.19652,-44.99376],[168.20004,-44.99698],[168.20531,-44.99844],[168.20886,-45.00168],[168.21438,-45.00211],[168.22041,-45.00593],[168.2218,-45.00965],[168.22122,-45.01639],[168.22553,-45.01959],[168.23568,-45.02426],[168.24844,-45.0273],[168.26189,-45.02579],[168.27527,-45.0258],[168.28141,-45.02393],[168.28306,-45.02146],[168.286,-45.0203],[168.28568,-45.01728],[168.28914,-45.01517],[168.29592,-45.01384],[168.30029,-45.01517],[168.30297,-45.018],[168.30421,-45.02108],[168.30771,-45.02272],[168.3097,-45.02602],[168.30895,-45.02785],[168.30558,-45.02797],[168.30257,-45.03002],[168.30212,-45.03197],[168.29943,-45.03299],[168.29623,-45.03804],[168.29135,-45.04047],[168.29227,-45.04382],[168.29449,-45.04642],[168.29818,-45.04837],[168.2986,-45.05219],[168.29512,-45.05371],[168.29404,-45.0554],[168.2946,-45.0585],[168.2933,-45.06149],[168.29356,-45.06366],[168.29267,-45.06642],[168.29424,-45.07011],[168.2935,-45.07484],[168.28762,-45.08038],[168.28745,-45.08265],[168.28535,-45.08321],[168.28461,-45.08461],[168.28544,-45.0866],[168.28412,-45.08816],[168.28638,-45.09322],[168.28476,-45.0993],[168.28382,-45.10022],[168.28494,-45.1021],[168.28421,-45.10617],[168.27033,-45.11221],[168.26611,-45.11903],[168.2455,-45.12617],[168.23621,-45.13382],[168.23312,-45.13431],[168.22859,-45.13754],[168.22696,-45.1375],[168.22561,-45.13969],[168.21774,-45.14304],[168.21697,-45.14436],[168.22289,-45.14687],[168.22356,-45.14862],[168.22482,-45.14943],[168.22809,-45.14932],[168.23422,-45.15325],[168.23938,-45.15443],[168.2383,-45.16081],[168.23608,-45.16257],[168.23599,-45.16685],[168.24325,-45.17041],[168.24545,-45.17076],[168.2486,-45.17827],[168.25191,-45.18087],[168.25334,-45.18384],[168.25488,-45.18518],[168.25446,-45.18823],[168.25073,-45.19407],[168.25153,-45.19951],[168.25608,-45.20224],[168.25691,-45.20307],[168.25665,-45.20392],[168.26334,-45.20565],[168.26938,-45.21],[168.28597,-45.21331],[168.29069,-45.2183],[168.29705,-45.22149],[168.29963,-45.22116],[168.30077,-45.22478],[168.29973,-45.22784],[168.29716,-45.23044],[168.29486,-45.23559],[168.29204,-45.23745],[168.28867,-45.24264],[168.28824,-45.24488],[168.29062,-45.24731],[168.2983,-45.25093],[168.30704,-45.26041],[168.30777,-45.2667],[168.30458,-45.27231],[168.30449,-45.27527],[168.30272,-45.28002],[168.3027,-45.28498],[168.30379,-45.28864],[168.30032,-45.29393],[168.30274,-45.2956],[168.32329,-45.32754],[168.46079,-45.32514],[168.5394,-45.30933],[168.54119,-45.30626],[168.54489,-45.30459],[168.54945,-45.30022],[168.55278,-45.29946],[168.55403,-45.29764],[168.56406,-45.29147],[168.565,-45.28799],[168.56684,-45.28606],[168.57594,-45.2847],[168.58007,-45.28252],[168.58401,-45.27852],[168.58619,-45.27967],[168.59368,-45.28075],[168.60067,-45.28003],[168.60764,-45.27782],[168.61741,-45.27184],[168.61834,-45.27073],[168.61861,-45.26767],[168.62012,-45.26629],[168.62865,-45.26427],[168.63305,-45.26176],[168.63433,-45.25914],[168.63853,-45.25634],[168.64189,-45.25205],[168.64789,-45.24788],[168.64931,-45.2457],[168.65874,-45.24653],[168.66438,-45.24503],[168.66831,-45.24294],[168.67411,-45.24307],[168.68341,-45.24773],[168.68384,-45.25154],[168.68016,-45.25656],[168.68047,-45.25966],[168.68277,-45.26417],[168.68769,-45.26781],[168.6901,-45.27263],[168.68732,-45.27578],[168.68819,-45.2788],[168.6874,-45.28206],[168.69025,-45.28658],[168.69205,-45.28761],[168.69395,-45.29202],[168.69166,-45.29712],[168.69499,-45.30438],[168.69539,-45.30751],[168.69785,-45.31186],[168.69586,-45.32202],[168.69092,-45.3365],[168.69222,-45.33967],[168.71969,-45.34913],[168.75163,-45.36757],[168.75615,-45.36315],[168.75933,-45.3623],[168.76985,-45.36284],[168.77266,-45.36352],[168.77465,-45.36521],[168.77282,-45.37101],[168.77366,-45.37534],[168.77507,-45.37732],[168.77347,-45.37948],[168.77253,-45.38322],[168.77403,-45.38813],[168.7739,-45.39179],[168.76915,-45.40051],[168.76867,-45.40314],[168.76972,-45.40732],[168.77387,-45.41481],[168.77388,-45.42052],[168.77777,-45.42437],[168.77752,-45.42746],[168.77969,-45.43362],[168.77874,-45.43665],[168.78246,-45.43704],[168.78397,-45.43598],[168.78772,-45.43564],[168.78963,-45.43389],[168.7962,-45.43341],[168.82522,-45.44606],[168.82564,-45.44106],[168.83048,-45.43761],[168.83545,-45.43586],[168.84354,-45.43485],[168.85399,-45.43207],[168.85834,-45.43532],[168.86006,-45.43831],[168.85826,-45.44929],[168.85882,-45.45201],[168.8869,-45.46282],[168.88946,-45.46102],[168.89286,-45.45698],[168.89487,-45.45597],[168.89956,-45.45565],[168.90384,-45.45093],[168.9068,-45.44949],[168.95957,-45.35912],[169.01279,-45.30347],[169.06547,-45.26961],[169.06769,-45.26904],[169.07291,-45.27108],[169.08491,-45.28082],[169.08833,-45.2858],[169.0902,-45.28609],[169.08813,-45.28698],[169.0882,-45.2908],[169.09282,-45.29815],[169.09741,-45.31035],[169.09929,-45.31995],[169.1057,-45.32189],[169.11402,-45.32871],[169.12158,-45.33181],[169.12947,-45.33759],[169.14821,-45.33877],[169.15472,-45.34927],[169.15332,-45.35164],[169.15322,-45.35354],[169.1614,-45.3633],[169.16455,-45.37072],[169.1683,-45.37352],[169.17074,-45.38048],[169.17475,-45.3823],[169.18086,-45.39044],[169.19649,-45.38838],[169.1991,-45.393],[169.20707,-45.39937],[169.20926,-45.40238],[169.21126,-45.41176],[169.21093,-45.41716],[169.20574,-45.42623],[169.19962,-45.43432],[169.19102,-45.4375],[169.18354,-45.43896],[169.17469,-45.43925],[169.17216,-45.44007],[169.16002,-45.43969],[169.14725,-45.4505],[169.14604,-45.45564],[169.14224,-45.4622],[169.14021,-45.46419],[169.14188,-45.47102],[169.13857,-45.48032],[169.13651,-45.48326],[169.13588,-45.49014],[169.12893,-45.52103],[169.13024,-45.52455],[169.12277,-45.52961],[169.12205,-45.53188],[169.11167,-45.54182],[169.10799,-45.55015],[169.10523,-45.56337],[169.10314,-45.56762],[169.1018,-45.57316],[169.1005,-45.57487],[169.09902,-45.58069],[169.09722,-45.58351],[169.09352,-45.58686],[169.08076,-45.59562],[169.07765,-45.60144],[169.07356,-45.60443],[169.07225,-45.60641],[169.07162,-45.61045],[169.06551,-45.62212],[169.06635,-45.62589],[169.06576,-45.62754],[169.06351,-45.62955],[169.05866,-45.64115],[169.05314,-45.64473],[169.04397,-45.65253],[169.03528,-45.65259],[169.03185,-45.65417],[169.03091,-45.6558],[169.02469,-45.65964],[169.02495,-45.66369],[169.02195,-45.66736],[169.0187,-45.67759],[169.02006,-45.68097],[169.01799,-45.68832],[169.01883,-45.68979],[169.00539,-45.69845],[169.00523,-45.70083],[169.00758,-45.71105],[169.00512,-45.71365],[169.00372,-45.71817],[169.00408,-45.72328],[169.00307,-45.7271],[169.00014,-45.72604],[168.99629,-45.72833],[168.99337,-45.72854],[168.99452,-45.73721],[168.99814,-45.73697],[169.00197,-45.73885],[169.00344,-45.74293],[169.00291,-45.74582],[169.00455,-45.74958],[169.00347,-45.79577],[169.00679,-45.79954],[169.00873,-45.79987],[169.01354,-45.80357],[169.02404,-45.80515],[169.02895,-45.80893],[169.0254,-45.82192],[169.01982,-45.82482],[169.01784,-45.8299],[169.01203,-45.83409],[169.00883,-45.84428],[169.00551,-45.84793],[169.00512,-45.85088],[169.00588,-45.85635],[169.00435,-45.85974],[169.0052,-45.86349],[169.05039,-45.86396],[169.04968,-45.85852],[169.05204,-45.85713],[169.0548,-45.85112],[169.05662,-45.85011],[169.08046,-45.85816],[169.07698,-45.86063],[169.07531,-45.86373],[169.07322,-45.86497],[169.07447,-45.87107],[169.07884,-45.87125],[169.08215,-45.87301],[169.08708,-45.87901],[169.09152,-45.88256],[169.09647,-45.88261],[169.09907,-45.88436],[169.09354,-45.89204],[169.09141,-45.89134],[169.09015,-45.89393],[169.08891,-45.90003],[169.08506,-45.90596],[169.08475,-45.91671],[169.08037,-45.91731],[169.0765,-45.91956],[169.07516,-45.92158],[169.07675,-45.92184],[169.07691,-45.92258],[169.07341,-45.92475],[169.07391,-45.92569],[169.08215,-45.92955],[169.08461,-45.93379],[169.09039,-45.9376],[169.09724,-45.93856],[169.09908,-45.94121],[169.09972,-45.94804],[169.0944,-45.9595],[169.09027,-45.96168],[169.08813,-45.96388],[169.08111,-45.96528],[169.07478,-45.97033],[169.07514,-45.97287],[169.07061,-45.97535],[169.07133,-45.97651],[169.06725,-45.98043],[169.06643,-45.98301],[169.06807,-45.98356],[169.06658,-45.9853],[169.06894,-45.98588],[169.07139,-45.9885],[169.07084,-45.99701],[169.07254,-45.99774],[169.07272,-46.00162],[169.07696,-46.00095],[169.08009,-46.00201],[169.08865,-46.00121],[169.0992,-45.99739],[169.10817,-45.99514],[169.11717,-46.00032],[169.12595,-46.00167],[169.12782,-46.00313],[169.07969,-46.00266],[169.07997,-46.00371],[169.08129,-46.00434],[169.07981,-46.00524],[169.08058,-46.00605],[169.07985,-46.00911],[169.08302,-46.01142],[169.08153,-46.01356],[169.08176,-46.01439],[169.08483,-46.01502],[169.08884,-46.01779],[169.08881,-46.02085],[169.08816,-46.02159],[169.08947,-46.02289],[169.0896,-46.02421],[169.09186,-46.02621],[169.09468,-46.02678],[169.09831,-46.02915],[169.09977,-46.03092],[169.10005,-46.0334],[169.10259,-46.03363],[169.1036,-46.03681],[169.10582,-46.03656],[169.10976,-46.03757],[169.11543,-46.03661],[169.11934,-46.03722],[169.12847,-46.0417],[169.13342,-46.04673],[169.13618,-46.04806],[169.15333,-46.04874],[169.158,-46.06222],[169.15787,-46.06844],[169.15308,-46.07346],[169.14724,-46.07594],[169.14328,-46.07603],[169.13801,-46.07815],[169.13557,-46.08539],[169.14844,-46.08552],[169.14826,-46.09231],[169.15813,-46.09239],[169.16008,-46.09446],[169.16329,-46.09579],[169.16175,-46.09818],[169.16146,-46.10136],[169.15878,-46.10391],[169.15788,-46.10666],[169.16222,-46.11195],[169.16011,-46.11612],[169.16317,-46.11711],[169.15985,-46.12028],[169.15591,-46.12219],[169.15527,-46.12424],[169.15379,-46.12483],[169.15032,-46.12387],[169.14309,-46.12609],[169.13888,-46.12628],[169.13762,-46.12733],[169.13836,-46.12869],[169.13757,-46.13042],[169.13344,-46.13149],[169.13268,-46.13366],[169.13516,-46.13635],[169.13483,-46.13683],[169.12886,-46.13864],[169.13012,-46.14012],[169.12978,-46.14777],[169.13157,-46.14757],[169.13262,-46.15075],[169.13352,-46.15112],[169.13519,-46.15117],[169.13813,-46.14965],[169.14352,-46.14987],[169.15104,-46.15462],[169.15315,-46.15458],[169.15417,-46.15328],[169.15873,-46.15174],[169.16097,-46.15216],[169.16206,-46.15363],[169.16217,-46.15751],[169.1672,-46.15935],[169.16923,-46.16091],[169.16825,-46.16401],[169.16633,-46.1666],[169.16328,-46.16858],[169.15962,-46.17564],[169.16209,-46.1812],[169.16345,-46.18166],[169.16461,-46.18071],[169.1687,-46.18153],[169.17036,-46.18275],[169.1705,-46.18478],[169.16781,-46.18784],[169.16921,-46.18807],[169.16883,-46.18943],[169.16837,-46.19013],[169.16666,-46.19021],[169.16696,-46.19187],[169.16977,-46.19246],[169.17148,-46.1905],[169.17399,-46.19063],[169.17371,-46.18925],[169.17513,-46.18926],[169.17508,-46.18855],[169.17955,-46.18981],[169.18233,-46.18883],[169.18585,-46.18929],[169.18733,-46.1903],[169.18378,-46.19235],[169.18186,-46.19571],[169.18697,-46.19505],[169.18958,-46.19564],[169.19441,-46.19844],[169.196,-46.20025],[169.19829,-46.20044],[169.19806,-46.21269],[169.18631,-46.22326],[169.18632,-46.23052],[169.18947,-46.2336],[169.1962,-46.23761],[169.19178,-46.24719],[169.1857,-46.2548],[169.18586,-46.25604],[169.1883,-46.25882],[169.18862,-46.26182],[169.18588,-46.26657],[169.18919,-46.26597],[169.18901,-46.27992],[169.17685,-46.28568],[169.18391,-46.29142],[169.18549,-46.29545],[169.18501,-46.29906],[169.18938,-46.30134],[169.18859,-46.30238],[169.19692,-46.30431],[169.18843,-46.31351],[169.17742,-46.32187],[169.19071,-46.32636],[169.17958,-46.33314],[169.17363,-46.33587],[169.16613,-46.34216],[169.16126,-46.34492],[169.16134,-46.34652],[169.16031,-46.34794],[169.15556,-46.3482],[169.1532,-46.34991],[169.14838,-46.35053],[169.14509,-46.35332],[169.14238,-46.35348],[169.14537,-46.35455],[169.14661,-46.35603],[169.14634,-46.35912],[169.14013,-46.36528],[169.13739,-46.36624],[169.13618,-46.37412],[169.13414,-46.37544],[169.14424,-46.38242],[169.16109,-46.3818],[169.17025,-46.3854],[169.17502,-46.38637],[169.17875,-46.38844],[169.17778,-46.39182],[169.18675,-46.39564],[169.1889,-46.39905],[169.1913,-46.39935],[169.196,-46.40441],[169.19402,-46.40841],[169.19946,-46.41637],[169.19931,-46.41994],[169.19467,-46.42425],[169.18815,-46.42745],[169.19085,-46.43413],[169.19681,-46.4388],[169.18585,-46.44315],[169.18436,-46.44514],[169.18319,-46.44882],[169.17995,-46.45148],[169.16797,-46.45435],[169.16513,-46.45565],[169.16333,-46.45772],[169.16312,-46.45923],[169.16414,-46.4618],[169.16131,-46.4659],[169.16226,-46.46849],[169.16587,-46.47244],[169.17483,-46.47551],[169.17847,-46.47831],[169.17855,-46.48082],[169.17368,-46.48415],[169.17299,-46.48537],[169.17343,-46.48705],[169.17769,-46.48985],[169.18149,-46.49127],[169.20248,-46.4949],[169.20543,-46.49929],[169.21477,-46.50226],[169.23309,-46.51176],[169.23671,-46.51243],[169.24561,-46.50983],[169.24745,-46.51033],[169.2503,-46.51331],[169.2501,-46.51654],[169.24666,-46.51941],[169.24557,-46.52197],[169.24479,-46.52956],[169.23622,-46.53613],[169.23118,-46.54383],[169.22556,-46.54984],[169.21599,-46.55421],[169.19369,-46.55509],[169.19108,-46.5558],[169.19052,-46.55692],[169.19214,-46.55865],[169.19554,-46.55972],[169.19607,-46.56061],[169.20094,-46.56071],[169.23034,-46.57296],[169.23446,-46.57305],[169.23791,-46.5752],[169.24508,-46.57524],[169.24821,-46.57725],[169.25111,-46.58097],[169.25417,-46.5806],[169.26489,-46.58585],[169.26424,-46.59385],[169.2665,-46.59359],[169.26724,-46.59588],[169.26158,-46.59855],[169.27411,-46.61134],[169.26531,-46.61549],[169.27504,-46.62148],[169.27917,-46.62241],[169.34206,-46.83922],[169.32534,-46.84518],[169.30169,-46.85201],[169.27333,-46.85819],[169.2531,-46.86124],[169.2165,-46.8643],[169.19175,-46.86443],[169.16095,-46.86268],[169.1419,-46.86625],[169.12151,-46.86899],[169.10003,-46.87086],[169.07854,-46.8716],[169.05921,-46.87442],[169.03426,-46.87667],[169.00377,-46.87739],[168.9845,-46.87672],[168.95863,-46.87444],[168.90671,-46.86788],[168.87482,-46.86982],[168.83814,-46.86901],[168.82006,-46.88862],[168.79967,-46.90613],[168.77335,-46.92382],[168.75167,-46.93954],[168.72372,-46.95555],[168.70853,-46.96266],[168.68801,-46.97095],[168.66517,-46.97836],[168.6443,-46.98372],[168.61964,-46.99436],[168.60145,-47.0008],[168.57873,-47.00736],[168.54407,-47.015],[168.55611,-47.03848],[168.56338,-47.06096],[168.56678,-47.0824],[168.56681,-47.10282],[168.56323,-47.12637],[168.5555,-47.14885],[168.54652,-47.16655],[168.53336,-47.18617],[168.51956,-47.20206],[168.50863,-47.21273],[168.49219,-47.22634],[168.47684,-47.23704],[168.44719,-47.25404],[168.42594,-47.2636],[168.40887,-47.27011],[168.38893,-47.28162],[168.36086,-47.29468],[168.32981,-47.30571],[168.29362,-47.31487],[168.26303,-47.31991],[168.23743,-47.32232],[168.19548,-47.32787],[168.20052,-47.34505],[168.20287,-47.3567],[168.20427,-47.37896],[168.20325,-47.39356],[168.20119,-47.4056],[168.19907,-47.41438],[168.19326,-47.43082],[168.18307,-47.45129],[168.16744,-47.47347],[168.15126,-47.49114],[168.13032,-47.50918],[168.13045,-47.52758],[168.12817,-47.5451],[168.12455,-47.55965],[168.11886,-47.57536],[168.10926,-47.594],[168.0996,-47.60849],[168.08887,-47.6217],[168.07382,-47.63699],[168.05024,-47.65623],[168.0345,-47.66672],[168.01922,-47.67555],[168.00128,-47.68443],[167.98191,-47.69253],[167.96028,-47.70071],[167.93858,-47.7077],[167.90387,-47.7162],[167.86399,-47.72201],[167.82542,-47.72405],[167.78823,-47.72282],[167.75305,-47.71864],[167.73058,-47.71436],[167.69425,-47.70462],[167.6707,-47.69601],[167.64764,-47.68569],[167.62747,-47.67481],[167.60624,-47.66097],[167.58493,-47.64369],[167.56989,-47.62875],[167.55327,-47.60769],[167.54663,-47.59703],[167.54031,-47.58482],[167.53438,-47.57015],[167.52884,-47.54961],[167.52671,-47.53067],[167.52713,-47.51201],[167.5312,-47.4893],[167.47668,-47.48888],[167.44271,-47.48578],[167.381,-47.47506],[167.35325,-47.46845],[167.32903,-47.46558],[167.31088,-47.46253],[167.28426,-47.45634],[167.26014,-47.44909],[167.23352,-47.4388],[167.21746,-47.43139],[167.20129,-47.42263],[167.18687,-47.41373],[167.17571,-47.40626],[167.16082,-47.39469],[167.13717,-47.38316],[167.12177,-47.37431],[167.10529,-47.36317],[167.09036,-47.35142],[167.08174,-47.3435],[167.06362,-47.32418],[167.05344,-47.31051],[167.04494,-47.29664],[167.03484,-47.2741],[167.02849,-47.25129],[167.02655,-47.23789],[167.026,-47.22709],[167.02622,-47.21755],[167.02809,-47.20158],[167.03119,-47.18802],[167.03579,-47.17425],[167.04227,-47.15984],[167.04832,-47.14884],[167.06215,-47.12916],[167.08318,-47.10571],[167.09218,-47.09714],[167.10768,-47.08444],[167.12277,-47.07402],[167.1301,-47.0615],[167.14152,-47.0458],[167.14887,-47.03709],[167.16629,-47.01959],[167.18231,-47.00611],[167.20315,-46.99123],[167.22397,-46.97887],[167.24742,-46.96735],[167.27352,-46.95708],[167.29729,-46.94962],[167.33057,-46.94213],[167.36167,-46.93767],[167.3654,-46.93458],[167.36689,-46.92151],[167.36941,-46.90971],[167.35497,-46.89513],[167.34703,-46.88562],[167.33963,-46.87557],[167.3316,-46.86274],[167.32224,-46.84322],[167.3171,-46.82759],[167.30928,-46.80757],[167.30644,-46.79705],[167.30124,-46.77024],[167.3001,-46.74799],[167.30108,-46.73438],[167.30276,-46.72445],[167.30692,-46.70834],[167.3107,-46.69778],[167.32022,-46.67849],[167.33506,-46.65639],[167.34914,-46.64045],[167.36764,-46.62341],[167.38721,-46.60877],[167.41527,-46.59215],[167.4417,-46.57977],[167.46076,-46.57262],[167.48354,-46.56558],[167.50559,-46.54986],[167.52381,-46.53915],[167.54085,-46.53064],[167.53335,-46.51277],[167.29237,-46.45909],[167.26651,-46.46256],[167.24586,-46.46414],[167.21262,-46.46452],[167.19135,-46.46567],[167.15463,-46.46503],[167.16561,-46.47926],[167.17776,-46.49912],[167.18558,-46.51668],[167.19068,-46.53297],[167.19359,-46.54823],[167.19653,-46.57498],[167.19622,-46.59039],[167.19286,-46.61153],[167.18701,-46.63055],[167.17851,-46.64904],[167.16692,-46.66817],[167.15683,-46.68114],[167.14068,-46.69837],[167.12435,-46.71245],[167.10631,-46.72543],[167.08787,-46.73663],[167.06961,-46.746],[167.04511,-46.7563],[167.0166,-46.76569],[166.99327,-46.77155],[166.96344,-46.77698],[166.93487,-46.78033],[166.91709,-46.78138],[166.88677,-46.78183],[166.86011,-46.78087],[166.84035,-46.77895],[166.81714,-46.77551],[166.78962,-46.76954],[166.76548,-46.76256],[166.75026,-46.75724],[166.71669,-46.74406],[166.69023,-46.73227],[166.66713,-46.71958],[166.65635,-46.71263],[166.63921,-46.69986],[166.62086,-46.68347],[166.60477,-46.66517],[166.59148,-46.64593],[166.58488,-46.63362],[166.57984,-46.62211],[166.57366,-46.60253],[166.57027,-46.58099],[166.57022,-46.56029],[166.57142,-46.5491],[166.57429,-46.53535],[166.58133,-46.51462],[166.59181,-46.49361],[166.60426,-46.47546],[166.61561,-46.46214],[166.62409,-46.45363],[166.64204,-46.43789],[166.65168,-46.43062],[166.6703,-46.41845],[166.65916,-46.4153],[166.61626,-46.40958],[166.58982,-46.4035],[166.57216,-46.39832],[166.5503,-46.39061],[166.49979,-46.37055],[166.4578,-46.35013],[166.43442,-46.33579],[166.41076,-46.31749],[166.39469,-46.3019],[166.3831,-46.28845],[166.37636,-46.27886],[166.363,-46.26538],[166.33368,-46.25098],[166.31023,-46.23644],[166.29354,-46.22383],[166.27387,-46.20543],[166.25615,-46.1841],[166.24765,-46.17103],[166.24183,-46.16013],[166.22816,-46.1484],[166.21762,-46.13769],[166.20099,-46.1175],[166.19199,-46.10333],[166.18366,-46.08682],[166.17625,-46.06507],[166.16931,-46.04847],[166.16465,-46.0325],[166.16031,-46.01165],[166.15851,-45.99336],[166.15888,-45.97941],[166.15123,-45.96423],[166.14518,-45.94847],[166.14212,-45.93703],[166.13947,-45.92134],[166.13872,-45.89877],[166.14042,-45.88351],[166.14399,-45.86692],[166.14125,-45.84277],[166.14185,-45.82398],[166.14676,-45.79913],[166.15269,-45.78233],[166.1574,-45.77196],[166.15411,-45.75945],[166.15134,-45.73625],[166.15166,-45.71846],[166.15515,-45.69679],[166.16159,-45.67675],[166.16961,-45.65911],[166.17741,-45.64618],[166.18974,-45.6294],[166.22154,-45.59397],[166.23803,-45.57905],[166.25308,-45.56793],[166.25746,-45.56378],[166.2706,-45.5449],[166.28471,-45.52893],[166.31981,-45.49635],[166.33138,-45.48723],[166.34853,-45.47548],[166.36894,-45.46384],[166.4,-45.44996],[166.41369,-45.43891],[166.41941,-45.43043],[166.44137,-45.4019],[166.44717,-45.3844],[166.45629,-45.36499],[166.47684,-45.33281],[166.49065,-45.315],[166.49992,-45.29317],[166.50702,-45.28047],[166.51356,-45.27078],[166.52491,-45.25627],[166.54562,-45.22721],[166.57078,-45.19953],[166.58652,-45.1848],[166.60028,-45.16683],[166.61208,-45.14462],[166.62538,-45.12621],[166.63621,-45.11397],[166.65141,-45.09943],[166.66844,-45.0794],[166.68746,-45.06167],[166.707,-45.04715],[166.7188,-45.03445],[166.7362,-45.01899],[166.76198,-45.00075],[166.78254,-44.98917],[166.7914,-44.98089],[166.81066,-44.95915],[166.82558,-44.94587],[166.84044,-44.93456],[166.85598,-44.91566],[166.88014,-44.89219],[166.89118,-44.88248],[166.9071,-44.87059],[166.91925,-44.85756],[166.93773,-44.84137],[166.94945,-44.83259],[166.96685,-44.82156],[166.98064,-44.81155],[166.99729,-44.79349],[167.01792,-44.7759],[167.03026,-44.76286],[167.05858,-44.73753],[167.07713,-44.72389],[167.09904,-44.71063],[167.12144,-44.6996],[167.14697,-44.68961],[167.16685,-44.67495],[167.20368,-44.65126],[167.22362,-44.64071],[167.24879,-44.62996],[167.2663,-44.61903],[167.2824,-44.61055],[167.31191,-44.59783],[167.32483,-44.58085],[167.34218,-44.56277],[167.35884,-44.54872],[167.39335,-44.52377],[167.41454,-44.51071],[167.43222,-44.50166],[167.44733,-44.49131],[167.46113,-44.48314],[167.48035,-44.47339],[167.50202,-44.46435],[167.52805,-44.45036],[167.54044,-44.43125],[167.54971,-44.41977],[167.56184,-44.40695],[167.57076,-44.39489],[167.58133,-44.38285],[167.60287,-44.36296],[167.61305,-44.34802],[167.63136,-44.32701],[167.65051,-44.30988],[167.66327,-44.30029],[167.68137,-44.28869],[167.69284,-44.27795],[167.7199,-44.255],[167.73845,-44.24155],[167.7489,-44.22735],[167.76111,-44.21367],[167.77372,-44.2017],[167.78398,-44.19329],[167.79617,-44.17223],[167.81282,-44.15095],[167.82427,-44.13921],[167.83812,-44.12706],[168.05208,-44.25865],[168.05707,-44.25985]]]}},{"type":"Feature","id":"16","properties":{"regionId":"16","name":"Tasman Region","labelPoint":{"longitude":172.72543,"latitude":-41.17579},"sourceField":"REGC_code","sourceNameField":"REGC_name"},"geometry":{"type":"Polygon","coordinates":[[[172.73937,-40.30129],[172.74776,-40.30249],[172.78481,-40.29992],[172.83348,-40.30141],[172.85682,-40.30336],[172.88914,-40.3088],[172.90998,-40.30967],[172.92574,-40.3112],[172.96669,-40.31692],[172.98827,-40.31912],[173.01,-40.3229],[173.02783,-40.32724],[173.0464,-40.33287],[173.07315,-40.339],[173.09681,-40.34648],[173.13516,-40.36195],[173.16224,-40.37476],[173.20559,-40.40035],[173.24804,-40.4302],[173.27321,-40.45061],[173.28625,-40.46349],[173.2936,-40.47187],[173.30377,-40.48515],[173.31619,-40.50384],[173.32797,-40.52517],[173.33704,-40.54984],[173.34167,-40.57323],[173.34282,-40.59595],[173.34023,-40.62047],[173.33748,-40.63204],[173.33186,-40.64912],[173.289,-40.74924],[173.36103,-40.80538],[173.32884,-40.90984],[173.22382,-41.24283],[173.21813,-41.24346],[173.21591,-41.24499],[173.21471,-41.24698],[173.21459,-41.24918],[173.21556,-41.25119],[173.22032,-41.25379],[173.20575,-41.29934],[173.17642,-41.30431],[173.19889,-41.33062],[173.21599,-41.34557],[173.21544,-41.34582],[173.21625,-41.34718],[173.2191,-41.34891],[173.21878,-41.35416],[173.21783,-41.35476],[173.22425,-41.36044],[173.23202,-41.36267],[173.23231,-41.36443],[173.23029,-41.3665],[173.23004,-41.36882],[173.23564,-41.37202],[173.23788,-41.37186],[173.23772,-41.37031],[173.2396,-41.36826],[173.24305,-41.36738],[173.24527,-41.36767],[173.24705,-41.36632],[173.2476,-41.3646],[173.24958,-41.36456],[173.24802,-41.37052],[173.25314,-41.37655],[173.25391,-41.37969],[173.25637,-41.3822],[173.26388,-41.38193],[173.27221,-41.37873],[173.29744,-41.39314],[173.28846,-41.4005],[173.28619,-41.40109],[173.28501,-41.4027],[173.28611,-41.40459],[173.2854,-41.40544],[173.28958,-41.41423],[173.28993,-41.41587],[173.2889,-41.4172],[173.29485,-41.42564],[173.28834,-41.43132],[173.28349,-41.43354],[173.28192,-41.4371],[173.27637,-41.43951],[173.27354,-41.44895],[173.2711,-41.45014],[173.26472,-41.45077],[173.26271,-41.45213],[173.26024,-41.45455],[173.26063,-41.45789],[173.25371,-41.46267],[173.25083,-41.46658],[173.2563,-41.46902],[173.26264,-41.47637],[173.26845,-41.4798],[173.27337,-41.48483],[173.27366,-41.48763],[173.27467,-41.4888],[173.28204,-41.49199],[173.28885,-41.49327],[173.29677,-41.50108],[173.30203,-41.5042],[173.3044,-41.507],[173.30382,-41.50888],[173.29761,-41.51625],[173.29212,-41.51678],[173.28712,-41.51826],[173.28378,-41.51692],[173.27946,-41.5165],[173.27004,-41.51915],[173.26418,-41.52191],[173.2553,-41.52115],[173.2523,-41.52382],[173.24927,-41.52449],[173.24581,-41.52317],[173.23769,-41.52274],[173.23386,-41.51958],[173.2301,-41.52059],[173.22548,-41.51883],[173.21608,-41.5182],[173.20367,-41.52026],[173.1987,-41.52304],[173.19641,-41.52608],[173.19358,-41.52737],[173.18924,-41.52736],[173.18721,-41.5287],[173.18098,-41.52715],[173.17839,-41.52727],[173.1746,-41.52589],[173.17244,-41.52409],[173.16955,-41.52817],[173.1687,-41.53115],[173.17386,-41.53917],[173.1746,-41.54237],[173.16971,-41.54803],[173.16551,-41.54982],[173.16344,-41.5557],[173.16029,-41.5611],[173.15939,-41.56503],[173.15517,-41.56827],[173.15544,-41.56991],[173.15354,-41.57321],[173.15471,-41.57503],[173.1539,-41.58193],[173.15143,-41.58567],[173.14662,-41.58659],[173.13956,-41.59012],[173.134,-41.58889],[173.13206,-41.58971],[173.12913,-41.59194],[173.12574,-41.60332],[173.12148,-41.60802],[173.10343,-41.61029],[173.10182,-41.61186],[173.09882,-41.61774],[173.08926,-41.62415],[173.08423,-41.62513],[173.08039,-41.62417],[173.0756,-41.62533],[173.06702,-41.62356],[173.0587,-41.62574],[173.05756,-41.62792],[173.05843,-41.62988],[173.05816,-41.63175],[173.05396,-41.63629],[173.05358,-41.63774],[173.05368,-41.6431],[173.05534,-41.64602],[173.05397,-41.65194],[173.05822,-41.66061],[173.05722,-41.6637],[173.05811,-41.66565],[173.05738,-41.66846],[173.00379,-41.7248],[172.96398,-41.74432],[172.95789,-41.74952],[172.94981,-41.75018],[172.94576,-41.74881],[172.94244,-41.74883],[172.93062,-41.74381],[172.92604,-41.74841],[172.92668,-41.75045],[172.92624,-41.75773],[172.93298,-41.76186],[172.93306,-41.76918],[172.93574,-41.76971],[172.93575,-41.77129],[172.93632,-41.77121],[172.9358,-41.77009],[172.94439,-41.76609],[172.94449,-41.76941],[172.93906,-41.77258],[172.94151,-41.77227],[172.94568,-41.78093],[172.93875,-41.78475],[172.92996,-41.78739],[172.92631,-41.79386],[172.91725,-41.79834],[172.90781,-41.80871],[172.90085,-41.81253],[172.89691,-41.8162],[172.891,-41.81821],[172.88949,-41.82109],[172.88048,-41.8322],[172.87597,-41.84018],[172.87254,-41.84396],[172.87261,-41.85028],[172.86806,-41.85519],[172.869,-41.85923],[172.86782,-41.86638],[172.86441,-41.86878],[172.86144,-41.86674],[172.85924,-41.8668],[172.85557,-41.86964],[172.85086,-41.87142],[172.84757,-41.87429],[172.84648,-41.87657],[172.84691,-41.87946],[172.84479,-41.8844],[172.84472,-41.89089],[172.85189,-41.89192],[172.85317,-41.89473],[172.86003,-41.89755],[172.86473,-41.90882],[172.86177,-41.91611],[172.86232,-41.91972],[172.86111,-41.92247],[172.85502,-41.92538],[172.85293,-41.92736],[172.85013,-41.93204],[172.84878,-41.93653],[172.84907,-41.93925],[172.84725,-41.94246],[172.83723,-41.94714],[172.82222,-41.95081],[172.81907,-41.95313],[172.8146,-41.95451],[172.80806,-41.95813],[172.80802,-41.95912],[172.81064,-41.96182],[172.81162,-41.96501],[172.80874,-41.97118],[172.80937,-41.97498],[172.80696,-41.97704],[172.80383,-41.98156],[172.80299,-41.98518],[172.79912,-41.98686],[172.79655,-41.98962],[172.79194,-41.99251],[172.78719,-41.99167],[172.77904,-41.99806],[172.77816,-42.00221],[172.78142,-42.00444],[172.78199,-42.00758],[172.78332,-42.00892],[172.77981,-42.01481],[172.77387,-42.0205],[172.77331,-42.02224],[172.76398,-42.02634],[172.75714,-42.036],[172.75563,-42.03601],[172.75374,-42.0341],[172.75025,-42.03265],[172.7462,-42.03371],[172.73909,-42.03199],[172.7361,-42.03412],[172.733,-42.03451],[172.73401,-42.0406],[172.73237,-42.04408],[172.7327,-42.04988],[172.73148,-42.05354],[172.73314,-42.05662],[172.7353,-42.0579],[172.7319,-42.06434],[172.73155,-42.06961],[172.72842,-42.07258],[172.72551,-42.07408],[172.72605,-42.0782],[172.72346,-42.08223],[172.72721,-42.09155],[172.72742,-42.09447],[172.72573,-42.09768],[172.72357,-42.09913],[172.72147,-42.10349],[172.71769,-42.10164],[172.70168,-42.1013],[172.69775,-42.10233],[172.69572,-42.10429],[172.69096,-42.10655],[172.68675,-42.10421],[172.68615,-42.10002],[172.68434,-42.09542],[172.68459,-42.0924],[172.68138,-42.0885],[172.6784,-42.08785],[172.67134,-42.09129],[172.66903,-42.09428],[172.66523,-42.09467],[172.65976,-42.09771],[172.6475,-42.10069],[172.63918,-42.10079],[172.63617,-42.10199],[172.63506,-42.10324],[172.63496,-42.10514],[172.63283,-42.10782],[172.63338,-42.11098],[172.63211,-42.11346],[172.63279,-42.11917],[172.63166,-42.1219],[172.63347,-42.12289],[172.63481,-42.1263],[172.64039,-42.13107],[172.64086,-42.1329],[172.63695,-42.13459],[172.63444,-42.13762],[172.62947,-42.13913],[172.62687,-42.14291],[172.61968,-42.14798],[172.61899,-42.14974],[172.6158,-42.15271],[172.61455,-42.15565],[172.61177,-42.15808],[172.61208,-42.16112],[172.60969,-42.16584],[172.60975,-42.16925],[172.61207,-42.17404],[172.61127,-42.17534],[172.61214,-42.17845],[172.6114,-42.18023],[172.61366,-42.1824],[172.61442,-42.18521],[172.61718,-42.18935],[172.61662,-42.19046],[172.61712,-42.19256],[172.61611,-42.19429],[172.61455,-42.19553],[172.60953,-42.19687],[172.60732,-42.1991],[172.60587,-42.20379],[172.60156,-42.20515],[172.59912,-42.20728],[172.59679,-42.20797],[172.59275,-42.21308],[172.58884,-42.2154],[172.58346,-42.21679],[172.57799,-42.21441],[172.57503,-42.2157],[172.56925,-42.21504],[172.55937,-42.21996],[172.55719,-42.22432],[172.55442,-42.22688],[172.55118,-42.23232],[172.5485,-42.23325],[172.54527,-42.23849],[172.54114,-42.24016],[172.53397,-42.24136],[172.53325,-42.24425],[172.53042,-42.24807],[172.52494,-42.2503],[172.52079,-42.25471],[172.51714,-42.25707],[172.51665,-42.26107],[172.51519,-42.26403],[172.5023,-42.26838],[172.49727,-42.26827],[172.48975,-42.26605],[172.48638,-42.26594],[172.48371,-42.26798],[172.48134,-42.27157],[172.47843,-42.273],[172.47808,-42.27457],[172.47903,-42.27703],[172.47458,-42.27432],[172.47206,-42.27493],[172.46999,-42.27726],[172.46749,-42.27829],[172.46202,-42.27759],[172.4593,-42.27536],[172.45363,-42.27479],[172.45178,-42.27877],[172.44609,-42.28336],[172.44465,-42.29078],[172.44055,-42.29521],[172.44111,-42.29788],[172.43868,-42.30176],[172.43093,-42.30557],[172.41777,-42.30059],[172.40212,-42.29826],[172.38501,-42.28933],[172.37531,-42.2825],[172.37223,-42.28118],[172.35873,-42.28035],[172.35573,-42.28103],[172.35271,-42.27859],[172.3479,-42.2767],[172.35425,-42.27067],[172.35648,-42.26739],[172.35647,-42.26477],[172.35451,-42.25983],[172.35444,-42.25614],[172.35313,-42.25506],[172.3463,-42.25403],[172.34536,-42.24924],[172.34065,-42.24388],[172.33804,-42.24347],[172.33442,-42.24504],[172.33476,-42.24201],[172.33338,-42.23867],[172.33517,-42.23651],[172.33571,-42.23435],[172.34053,-42.23135],[172.34257,-42.22898],[172.34684,-42.22699],[172.3494,-42.22228],[172.3479,-42.21904],[172.34413,-42.21429],[172.34284,-42.20839],[172.34384,-42.20095],[172.34027,-42.19906],[172.33967,-42.1977],[172.33975,-42.19602],[172.34156,-42.19323],[172.3395,-42.19028],[172.33984,-42.18651],[172.34151,-42.18202],[172.34123,-42.18062],[172.34301,-42.17879],[172.34287,-42.17737],[172.34511,-42.17582],[172.34288,-42.17136],[172.34091,-42.16947],[172.33964,-42.16495],[172.34045,-42.16261],[172.3373,-42.1611],[172.33679,-42.15852],[172.33504,-42.15694],[172.33443,-42.15412],[172.33297,-42.15232],[172.33347,-42.14911],[172.33195,-42.15064],[172.32544,-42.15061],[172.3207,-42.14978],[172.31622,-42.14788],[172.26099,-42.14831],[172.25907,-42.14925],[172.2515,-42.15028],[172.25092,-42.14766],[172.25204,-42.14441],[172.24996,-42.14319],[172.2506,-42.13789],[172.24767,-42.13237],[172.24188,-42.13355],[172.235,-42.13361],[172.2333,-42.13308],[172.23273,-42.13158],[172.22096,-42.13163],[172.2166,-42.12376],[172.2164,-42.11996],[172.21829,-42.11612],[172.218,-42.11491],[172.21662,-42.11417],[172.21212,-42.11519],[172.20561,-42.11452],[172.20518,-42.11172],[172.20593,-42.11061],[172.21304,-42.11086],[172.21496,-42.10923],[172.21383,-42.10741],[172.20815,-42.1063],[172.20597,-42.10503],[172.20569,-42.10284],[172.20752,-42.09975],[172.20673,-42.09831],[172.19421,-42.10172],[172.1905,-42.10356],[172.18897,-42.10539],[172.18733,-42.10557],[172.18444,-42.10516],[172.17687,-42.10069],[172.17432,-42.10024],[172.17035,-42.10135],[172.16816,-42.1039],[172.1352,-42.10404],[172.13555,-42.1023],[172.13176,-42.09751],[172.12985,-42.09244],[172.13119,-42.08639],[172.13298,-42.08441],[172.13253,-42.08063],[172.12275,-42.07648],[172.12137,-42.07506],[172.11651,-42.07563],[172.11714,-42.07426],[172.11965,-42.07266],[172.11507,-42.06662],[172.11296,-42.06148],[172.10897,-42.0589],[172.10909,-42.05536],[172.10494,-42.04893],[172.10569,-42.04458],[172.10745,-42.04404],[172.11193,-42.0383],[172.11244,-42.03355],[172.11814,-42.02887],[172.11684,-42.02682],[172.11806,-42.02368],[172.11744,-42.02095],[172.12043,-42.0167],[172.12004,-42.01457],[172.11875,-42.01306],[172.11595,-42.0121],[172.11077,-42.01306],[172.10437,-42.0129],[172.09835,-42.01126],[172.0933,-42.01135],[172.09073,-42.0093],[172.08174,-42.00803],[172.07823,-42.00492],[172.07648,-42.00197],[172.07116,-41.99872],[172.07181,-41.99521],[172.07508,-41.99144],[172.07661,-41.9875],[172.07231,-41.98162],[172.06971,-41.98006],[172.06982,-41.97842],[172.07116,-41.977],[172.06917,-41.97313],[172.06986,-41.97146],[172.06902,-41.96881],[172.07022,-41.96498],[172.06078,-41.96021],[172.05492,-41.95979],[172.05317,-41.95887],[172.05323,-41.95585],[172.05059,-41.95226],[172.05222,-41.94852],[172.05204,-41.94549],[172.05384,-41.94201],[172.0579,-41.93758],[172.06099,-41.93661],[172.06558,-41.93647],[172.06774,-41.93362],[172.06719,-41.93136],[172.06827,-41.92946],[172.0726,-41.92691],[172.07274,-41.9255],[172.07737,-41.92049],[172.07582,-41.91711],[172.07247,-41.91297],[172.0687,-41.91035],[172.06875,-41.9042],[172.06346,-41.89891],[172.06539,-41.89438],[172.06714,-41.89325],[172.07071,-41.89293],[172.07837,-41.89654],[172.08222,-41.89543],[172.08544,-41.89313],[172.09289,-41.89195],[172.09492,-41.88703],[172.09305,-41.88384],[172.0936,-41.88182],[172.09313,-41.87598],[172.09383,-41.87438],[172.099,-41.87213],[172.10098,-41.86984],[172.10322,-41.86886],[172.10983,-41.86801],[172.11573,-41.8684],[172.11628,-41.78915],[172.11439,-41.78833],[172.10769,-41.78978],[172.10512,-41.78932],[172.10408,-41.78642],[172.10003,-41.78373],[172.09965,-41.78053],[172.10059,-41.77822],[172.09769,-41.77662],[172.09728,-41.77431],[172.10014,-41.7676],[172.1038,-41.76523],[172.10744,-41.76441],[172.10859,-41.76236],[172.11348,-41.75989],[172.11518,-41.75746],[172.11789,-41.75617],[172.11768,-41.75287],[172.11883,-41.7477],[172.12397,-41.74229],[172.1246,-41.73798],[172.12415,-41.73534],[172.12004,-41.73515],[172.11577,-41.73202],[172.11906,-41.72543],[172.12489,-41.72247],[172.12686,-41.71637],[172.12909,-41.71407],[172.13443,-41.7142],[172.13921,-41.71585],[172.14229,-41.71417],[172.14411,-41.71166],[172.15038,-41.71081],[172.15153,-41.70422],[172.15532,-41.69969],[172.16113,-41.70273],[172.16748,-41.70224],[172.17448,-41.70304],[172.18803,-41.69251],[172.19169,-41.6925],[172.19656,-41.69527],[172.20342,-41.69568],[172.20912,-41.69993],[172.21067,-41.699],[172.21246,-41.69605],[172.21292,-41.69334],[172.21216,-41.69074],[172.21304,-41.6891],[172.22568,-41.69362],[172.2329,-41.69155],[172.23578,-41.69277],[172.24128,-41.69995],[172.24877,-41.7031],[172.25147,-41.70266],[172.25973,-41.6944],[172.25124,-41.68869],[172.24708,-41.68422],[172.25036,-41.67567],[172.25064,-41.67257],[172.25366,-41.66931],[172.25381,-41.66796],[172.25176,-41.66324],[172.24957,-41.66162],[172.24317,-41.66026],[172.24267,-41.65814],[172.24017,-41.65544],[172.2392,-41.65261],[172.24118,-41.64996],[172.24068,-41.64638],[172.24128,-41.64387],[172.23765,-41.64246],[172.23736,-41.6402],[172.24385,-41.63746],[172.24689,-41.6349],[172.25768,-41.63191],[172.26443,-41.62728],[172.27637,-41.6315],[172.2804,-41.63647],[172.29102,-41.63483],[172.2925,-41.63376],[172.29437,-41.63041],[172.29248,-41.62585],[172.29314,-41.62392],[172.30376,-41.6161],[172.32047,-41.61042],[172.32758,-41.60349],[172.33036,-41.59959],[172.33005,-41.59599],[172.33188,-41.5935],[172.33297,-41.58638],[172.33449,-41.5836],[172.33175,-41.57208],[172.32745,-41.56587],[172.3277,-41.56339],[172.32684,-41.56031],[172.33196,-41.55789],[172.33916,-41.5571],[172.34473,-41.5552],[172.34567,-41.54493],[172.34381,-41.53897],[172.34667,-41.53124],[172.34269,-41.51692],[172.34304,-41.51154],[172.35255,-41.50798],[172.3537,-41.50631],[172.37308,-41.49339],[172.3771,-41.49163],[172.3819,-41.49178],[172.38888,-41.49061],[172.39074,-41.4887],[172.39607,-41.47859],[172.39851,-41.47803],[172.40328,-41.47872],[172.40692,-41.47546],[172.40967,-41.47457],[172.41409,-41.4745],[172.41886,-41.47069],[172.41875,-41.46655],[172.41986,-41.46348],[172.41967,-41.4586],[172.4242,-41.45443],[172.4254,-41.45176],[172.42526,-41.44848],[172.42209,-41.44132],[172.42219,-41.43909],[172.43022,-41.43455],[172.43111,-41.42913],[172.42905,-41.42517],[172.42177,-41.42483],[172.41844,-41.42217],[172.41528,-41.41599],[172.41519,-41.41401],[172.4162,-41.41228],[172.41931,-41.41052],[172.43871,-41.40801],[172.44425,-41.4051],[172.45591,-41.39657],[172.46118,-41.39436],[172.46268,-41.39631],[172.46302,-41.40419],[172.4654,-41.40562],[172.46979,-41.40636],[172.47437,-41.4058],[172.48466,-41.40805],[172.49293,-41.40703],[172.49787,-41.40724],[172.50433,-41.40859],[172.50841,-41.41225],[172.51227,-41.41282],[172.52288,-41.40654],[172.53211,-41.40551],[172.53394,-41.4018],[172.53652,-41.40046],[172.54359,-41.40056],[172.5476,-41.39884],[172.5523,-41.39836],[172.55399,-41.39326],[172.55596,-41.39096],[172.55734,-41.38768],[172.55807,-41.38439],[172.55985,-41.38276],[172.56574,-41.38138],[172.5733,-41.37711],[172.57536,-41.37696],[172.57827,-41.37858],[172.58436,-41.37619],[172.58646,-41.36425],[172.58567,-41.3621],[172.58243,-41.35999],[172.58183,-41.35857],[172.58557,-41.35334],[172.58601,-41.35154],[172.5852,-41.34951],[172.58208,-41.34618],[172.58155,-41.34369],[172.58297,-41.34076],[172.5876,-41.33768],[172.58927,-41.33551],[172.58928,-41.33303],[172.58726,-41.32795],[172.58792,-41.32255],[172.59087,-41.31656],[172.59819,-41.31021],[172.59809,-41.30773],[172.60032,-41.30118],[172.59842,-41.29546],[172.5966,-41.29263],[172.58863,-41.29082],[172.58608,-41.2886],[172.58534,-41.28091],[172.58189,-41.27234],[172.57266,-41.26378],[172.57456,-41.25805],[172.57705,-41.25526],[172.58034,-41.254],[172.5917,-41.2529],[172.60534,-41.2534],[172.61034,-41.24926],[172.61544,-41.24778],[172.62528,-41.24307],[172.62861,-41.24281],[172.63682,-41.24519],[172.65794,-41.23917],[172.66207,-41.23211],[172.67812,-41.22235],[172.68216,-41.21713],[172.69083,-41.21128],[172.69182,-41.20912],[172.69203,-41.19993],[172.69063,-41.19789],[172.6825,-41.19249],[172.67309,-41.18822],[172.66822,-41.1896],[172.66684,-41.19101],[172.66629,-41.19351],[172.6644,-41.19461],[172.6565,-41.19246],[172.64985,-41.19415],[172.63713,-41.19571],[172.629,-41.19488],[172.62827,-41.19326],[172.6295,-41.18747],[172.62519,-41.18469],[172.62223,-41.17969],[172.62045,-41.17185],[172.62098,-41.16462],[172.61835,-41.16018],[172.59675,-41.14811],[172.59382,-41.14421],[172.59172,-41.13775],[172.58889,-41.13763],[172.58518,-41.13899],[172.58137,-41.13697],[172.57355,-41.12515],[172.5672,-41.12282],[172.56066,-41.11675],[172.55811,-41.11014],[172.55304,-41.10252],[172.55064,-41.10166],[172.54332,-41.10137],[172.53354,-41.09637],[172.52274,-41.09677],[172.51984,-41.09565],[172.5186,-41.09378],[172.51818,-41.0907],[172.52266,-41.08178],[172.51333,-41.06686],[172.5081,-41.06553],[172.49617,-41.06567],[172.49202,-41.06467],[172.48994,-41.06152],[172.489,-41.05759],[172.48595,-41.05456],[172.48668,-41.05304],[172.49195,-41.04861],[172.49481,-41.04442],[172.49611,-41.04071],[172.49575,-41.03296],[172.49394,-41.02452],[172.49161,-41.02266],[172.48611,-41.02282],[172.47755,-41.02524],[172.46835,-41.02271],[172.45168,-41.02228],[172.43966,-41.02044],[172.43787,-41.02157],[172.43706,-41.02586],[172.43529,-41.02763],[172.42623,-41.03197],[172.41937,-41.03355],[172.41459,-41.0323],[172.40716,-41.02749],[172.40169,-41.02633],[172.39771,-41.02657],[172.38957,-41.02319],[172.38271,-41.02256],[172.38038,-41.02365],[172.37755,-41.02762],[172.36681,-41.03646],[172.36362,-41.04181],[172.36106,-41.0441],[172.36226,-41.05147],[172.35522,-41.05131],[172.35081,-41.05387],[172.35016,-41.05563],[172.35094,-41.06127],[172.3503,-41.06339],[172.34886,-41.06366],[172.34294,-41.06034],[172.33238,-41.06175],[172.32771,-41.061],[172.32488,-41.05962],[172.32333,-41.05717],[172.32345,-41.05429],[172.331,-41.04566],[172.33372,-41.03503],[172.33239,-41.03339],[172.32316,-41.02765],[172.31925,-41.02251],[172.31116,-41.01514],[172.31034,-41.01356],[172.31062,-41.01176],[172.31605,-41.0061],[172.32505,-40.99174],[172.33096,-40.98609],[172.33511,-40.98436],[172.34609,-40.98436],[172.35016,-40.98333],[172.3577,-40.97928],[172.36374,-40.974],[172.37026,-40.97057],[172.37549,-40.96107],[172.38307,-40.95523],[172.38633,-40.95013],[172.38635,-40.94934],[172.38114,-40.94546],[172.3766,-40.93505],[172.37497,-40.9344],[172.37122,-40.93635],[172.36852,-40.93658],[172.35763,-40.93469],[172.35051,-40.93193],[172.34498,-40.93379],[172.32809,-40.9363],[172.32615,-40.9351],[172.32222,-40.92948],[172.31662,-40.92448],[172.30819,-40.92554],[172.30209,-40.92461],[172.29765,-40.92248],[172.29403,-40.91948],[172.29821,-40.91735],[172.3007,-40.9146],[172.30123,-40.91066],[172.29738,-40.90539],[172.29561,-40.90342],[172.29382,-40.90275],[172.28836,-40.9038],[172.28351,-40.90128],[172.28154,-40.89893],[172.28199,-40.89662],[172.2882,-40.88931],[172.28994,-40.88593],[172.29051,-40.87917],[172.28823,-40.8755],[172.28102,-40.87306],[172.26783,-40.8712],[172.26369,-40.86643],[172.26294,-40.86351],[172.26314,-40.85971],[172.26142,-40.85866],[172.25845,-40.85888],[172.25287,-40.86118],[172.25105,-40.86899],[172.24711,-40.86602],[172.24407,-40.86685],[172.2388,-40.87128],[172.23675,-40.87123],[172.23383,-40.86924],[172.23032,-40.86382],[172.23119,-40.85922],[172.22898,-40.85609],[172.23202,-40.85361],[172.23196,-40.85144],[172.23045,-40.85008],[172.23806,-40.84525],[172.24021,-40.84174],[172.2404,-40.83955],[172.23857,-40.8355],[172.23897,-40.8321],[172.23818,-40.82967],[172.24277,-40.82631],[172.24091,-40.82607],[172.24017,-40.82484],[172.24634,-40.81846],[172.24557,-40.81473],[172.24871,-40.80781],[172.24807,-40.80489],[172.23763,-40.79615],[172.23484,-40.79219],[172.22392,-40.78481],[172.22153,-40.78088],[172.21817,-40.77766],[172.21744,-40.77585],[172.2178,-40.77454],[172.0307,-40.62835],[172.05091,-40.61505],[172.07543,-40.60217],[172.10352,-40.59095],[172.13418,-40.58205],[172.15553,-40.56643],[172.17669,-40.55406],[172.18972,-40.54001],[172.20369,-40.52747],[172.22494,-40.51183],[172.23821,-40.50098],[172.27435,-40.47552],[172.29486,-40.46324],[172.31578,-40.45316],[172.33449,-40.44205],[172.35162,-40.43364],[172.36791,-40.42014],[172.38706,-40.40705],[172.40426,-40.39739],[172.41863,-40.39036],[172.44823,-40.36937],[172.46749,-40.35677],[172.48504,-40.34665],[172.49798,-40.34039],[172.52607,-40.32816],[172.54844,-40.32048],[172.59006,-40.30941],[172.61645,-40.30409],[172.65492,-40.29976],[172.68416,-40.29821],[172.7061,-40.29867],[172.73937,-40.30129]]]}},{"type":"Feature","id":"17","properties":{"regionId":"17","name":"Nelson Region","labelPoint":{"longitude":173.39627,"latitude":-41.11361},"sourceField":"REGC_code","sourceNameField":"REGC_name"},"geometry":{"type":"Polygon","coordinates":[[[173.36103,-40.80538],[173.45623,-40.87932],[173.47777,-40.87038],[173.50067,-40.86287],[173.59389,-41.05112],[173.59703,-41.05808],[173.59612,-41.06329],[173.59662,-41.06575],[173.59872,-41.06796],[173.59867,-41.07081],[173.59561,-41.07516],[173.59194,-41.07818],[173.5939,-41.08035],[173.59663,-41.08881],[173.59586,-41.09071],[173.59123,-41.09546],[173.58821,-41.10011],[173.5873,-41.10386],[173.59017,-41.10731],[173.59001,-41.10845],[173.58547,-41.11451],[173.58344,-41.11885],[173.57986,-41.1208],[173.5791,-41.12406],[173.58072,-41.12781],[173.5808,-41.13132],[173.57857,-41.13594],[173.57991,-41.13782],[173.57998,-41.14313],[173.58161,-41.14507],[173.58185,-41.14659],[173.58146,-41.14839],[173.5784,-41.15053],[173.57823,-41.15169],[173.58131,-41.15532],[173.57928,-41.15929],[173.58054,-41.16071],[173.58091,-41.16398],[173.57998,-41.16414],[173.57872,-41.16619],[173.57634,-41.17142],[173.57428,-41.18044],[173.57442,-41.18372],[173.57283,-41.18406],[173.57113,-41.18646],[173.56906,-41.18695],[173.56913,-41.18888],[173.56738,-41.19004],[173.5625,-41.191],[173.55819,-41.18978],[173.55699,-41.19173],[173.55359,-41.19051],[173.54919,-41.19136],[173.54391,-41.18979],[173.54032,-41.19269],[173.5376,-41.19279],[173.53429,-41.19588],[173.52233,-41.19829],[173.5201,-41.19998],[173.52201,-41.20663],[173.52037,-41.20664],[173.51924,-41.21046],[173.5158,-41.2139],[173.5128,-41.2152],[173.50714,-41.21551],[173.50401,-41.21766],[173.49485,-41.21896],[173.48774,-41.22161],[173.48338,-41.22587],[173.47617,-41.22894],[173.47272,-41.23405],[173.47232,-41.23951],[173.47115,-41.2428],[173.46368,-41.24876],[173.46048,-41.25018],[173.45956,-41.25273],[173.45574,-41.25605],[173.44636,-41.26077],[173.44166,-41.26428],[173.44015,-41.26943],[173.43691,-41.27294],[173.43133,-41.27609],[173.42671,-41.28098],[173.41551,-41.28878],[173.42099,-41.29977],[173.41927,-41.30194],[173.4191,-41.30518],[173.42077,-41.30843],[173.41994,-41.31062],[173.41664,-41.31345],[173.41647,-41.31567],[173.41747,-41.31749],[173.41476,-41.32306],[173.40679,-41.33096],[173.39397,-41.33673],[173.376,-41.34234],[173.36075,-41.3532],[173.35721,-41.36095],[173.34585,-41.37222],[173.3442,-41.37586],[173.34055,-41.37838],[173.3394,-41.38361],[173.33752,-41.38554],[173.32167,-41.38695],[173.3175,-41.38937],[173.30834,-41.39094],[173.30461,-41.39334],[173.2993,-41.39342],[173.29744,-41.39314],[173.27221,-41.37873],[173.26388,-41.38193],[173.25637,-41.3822],[173.25391,-41.37969],[173.25314,-41.37655],[173.24802,-41.37052],[173.24958,-41.36456],[173.2476,-41.3646],[173.24705,-41.36632],[173.24527,-41.36767],[173.24305,-41.36738],[173.2396,-41.36826],[173.23772,-41.37031],[173.23788,-41.37186],[173.23564,-41.37202],[173.23004,-41.36882],[173.23029,-41.3665],[173.23231,-41.36443],[173.23202,-41.36267],[173.22425,-41.36044],[173.21783,-41.35476],[173.21878,-41.35416],[173.2191,-41.34891],[173.21625,-41.34718],[173.21544,-41.34582],[173.21599,-41.34557],[173.19889,-41.33062],[173.17642,-41.30431],[173.20575,-41.29934],[173.22032,-41.25379],[173.21556,-41.25119],[173.21459,-41.24918],[173.21471,-41.24698],[173.21591,-41.24499],[173.21813,-41.24346],[173.22382,-41.24283],[173.32884,-40.90984],[173.36103,-40.80538]]]}},{"type":"Feature","id":"18","properties":{"regionId":"18","name":"Marlborough Region","labelPoint":{"longitude":173.77569,"latitude":-41.46798},"sourceField":"REGC_code","sourceNameField":"REGC_name"},"geometry":{"type":"Polygon","coordinates":[[[174.53968,-41.10539],[174.51479,-41.21572],[174.38804,-41.42715],[174.41297,-41.46938],[174.395,-41.48039],[174.40067,-41.49163],[174.40628,-41.50521],[174.41263,-41.52825],[174.42017,-41.54343],[174.44004,-41.55283],[174.46446,-41.56741],[174.47797,-41.57716],[174.49544,-41.59216],[174.50755,-41.60438],[174.53076,-41.63283],[174.54322,-41.65105],[174.55168,-41.66698],[174.55734,-41.68032],[174.56199,-41.69548],[174.56504,-41.71042],[174.56743,-41.73153],[174.56772,-41.74658],[174.56689,-41.75916],[174.56192,-41.7841],[174.55429,-41.80534],[174.54362,-41.8255],[174.52889,-41.84667],[174.51474,-41.86377],[174.50147,-41.87697],[174.48555,-41.89025],[174.464,-41.9049],[174.44768,-41.91419],[174.43762,-41.93049],[174.42716,-41.94426],[174.4134,-41.95933],[174.40273,-41.96904],[174.38502,-41.98865],[174.36752,-42.00453],[174.34025,-42.02367],[174.32876,-42.03846],[174.30955,-42.06067],[174.29739,-42.07321],[174.27841,-42.08918],[174.2641,-42.09922],[174.04877,-41.96812],[174.04767,-41.96823],[174.04992,-41.96379],[174.05363,-41.95973],[174.06027,-41.95439],[174.06002,-41.95189],[174.06084,-41.94967],[174.06036,-41.94738],[174.0612,-41.94481],[174.06019,-41.94232],[174.05751,-41.93924],[174.06344,-41.93471],[174.06011,-41.93372],[174.05457,-41.93373],[174.05412,-41.933],[174.05486,-41.9323],[174.05359,-41.93233],[174.04941,-41.92909],[174.04606,-41.9295],[174.04264,-41.93355],[174.03895,-41.93491],[174.03546,-41.93477],[174.03357,-41.93293],[174.02922,-41.93122],[174.02875,-41.9327],[174.02234,-41.93861],[174.01957,-41.93953],[174.00355,-41.93206],[173.97717,-41.93335],[173.97939,-41.92561],[173.96993,-41.92616],[173.969,-41.92474],[173.96527,-41.92287],[173.96356,-41.92009],[173.96344,-41.91835],[173.9603,-41.91407],[173.95999,-41.91066],[173.95877,-41.9085],[173.95711,-41.90955],[173.95659,-41.91167],[173.95571,-41.9115],[173.95574,-41.91252],[173.9544,-41.91324],[173.944,-41.91219],[173.93947,-41.91525],[173.93539,-41.91685],[173.93338,-41.91933],[173.93053,-41.92079],[173.9239,-41.92113],[173.92458,-41.92042],[173.92402,-41.91974],[173.91927,-41.91804],[173.91804,-41.91703],[173.91765,-41.91546],[173.91456,-41.91521],[173.90064,-41.91925],[173.89642,-41.91967],[173.89512,-41.9209],[173.88425,-41.92356],[173.87654,-41.92667],[173.87213,-41.92642],[173.85875,-41.92963],[173.85529,-41.93063],[173.85505,-41.93136],[173.85123,-41.93306],[173.84956,-41.93175],[173.83391,-41.93036],[173.83248,-41.93132],[173.81729,-41.93298],[173.81491,-41.93527],[173.81285,-41.93605],[173.80752,-41.94463],[173.7996,-41.94994],[173.79794,-41.94987],[173.79313,-41.9531],[173.79048,-41.95771],[173.78945,-41.95818],[173.76686,-41.9218],[173.75397,-41.91446],[173.76211,-41.91189],[173.75235,-41.90876],[173.74441,-41.90737],[173.74137,-41.90999],[173.73673,-41.91132],[173.73434,-41.9149],[173.7322,-41.91564],[173.72861,-41.91862],[173.7284,-41.9213],[173.72337,-41.92693],[173.72303,-41.93006],[173.72371,-41.93161],[173.71725,-41.93538],[173.71428,-41.94046],[173.71558,-41.94749],[173.71346,-41.95041],[173.71885,-41.95657],[173.71801,-41.95854],[173.72046,-41.95929],[173.72025,-41.96076],[173.71148,-41.9642],[173.70026,-41.97197],[173.68203,-41.97428],[173.67613,-41.97964],[173.66902,-41.98],[173.66322,-41.9821],[173.66203,-41.98327],[173.66187,-41.98507],[173.6601,-41.98659],[173.66082,-41.9908],[173.66338,-41.99312],[173.66283,-41.99595],[173.65815,-41.99706],[173.65713,-41.99927],[173.65089,-42.00174],[173.64827,-42.00375],[173.64534,-42.00435],[173.64371,-42.00664],[173.63981,-42.00784],[173.63815,-42.00937],[173.63186,-42.00848],[173.62827,-42.01042],[173.62424,-42.01071],[173.62258,-42.01015],[173.62188,-42.00838],[173.61861,-42.00616],[173.60971,-42.00453],[173.60697,-42.00772],[173.60528,-42.0116],[173.60575,-42.01327],[173.60338,-42.0161],[173.60376,-42.0176],[173.60056,-42.02018],[173.60078,-42.02296],[173.59659,-42.02494],[173.5945,-42.02929],[173.59129,-42.02978],[173.58217,-42.02911],[173.57787,-42.03047],[173.57508,-42.03259],[173.57132,-42.033],[173.56845,-42.03665],[173.56622,-42.03752],[173.56391,-42.04169],[173.56138,-42.04206],[173.55835,-42.04384],[173.5581,-42.04539],[173.55514,-42.04592],[173.55305,-42.05353],[173.54743,-42.05692],[173.54466,-42.06125],[173.5464,-42.0653],[173.54684,-42.06979],[173.54042,-42.06825],[173.53355,-42.06998],[173.51767,-42.06939],[173.50814,-42.0748],[173.50178,-42.07677],[173.49913,-42.07874],[173.49449,-42.08563],[173.49092,-42.08809],[173.48653,-42.09764],[173.48402,-42.09941],[173.48533,-42.10404],[173.48823,-42.10681],[173.48651,-42.11045],[173.47657,-42.11655],[173.46969,-42.11565],[173.46307,-42.11781],[173.4668,-42.12082],[173.46697,-42.1251],[173.46992,-42.12879],[173.47021,-42.13103],[173.47208,-42.13374],[173.47129,-42.1383],[173.47338,-42.14252],[173.47416,-42.1472],[173.4738,-42.1506],[173.4746,-42.15131],[173.47572,-42.15099],[173.47787,-42.15298],[173.47607,-42.1557],[173.47717,-42.15767],[173.47803,-42.16302],[173.4828,-42.16609],[173.48053,-42.17228],[173.48141,-42.17596],[173.48481,-42.17856],[173.48425,-42.18134],[173.48201,-42.17953],[173.47994,-42.17905],[173.47389,-42.18005],[173.46403,-42.17975],[173.46349,-42.1814],[173.46489,-42.18505],[173.46481,-42.18799],[173.46591,-42.1914],[173.46446,-42.19567],[173.45686,-42.1987],[173.44957,-42.19895],[173.44338,-42.20211],[173.44061,-42.20476],[173.44048,-42.20933],[173.43958,-42.21216],[173.43696,-42.21418],[173.43235,-42.21381],[173.42218,-42.20905],[173.41702,-42.21046],[173.41256,-42.21431],[173.40403,-42.21944],[173.39754,-42.22115],[173.39127,-42.22189],[173.38905,-42.22026],[173.38759,-42.21783],[173.38386,-42.21715],[173.38031,-42.22111],[173.37557,-42.22379],[173.36874,-42.22399],[173.36818,-42.22464],[173.3673,-42.23054],[173.3691,-42.23332],[173.37171,-42.23403],[173.37568,-42.233],[173.37319,-42.23681],[173.3681,-42.23561],[173.36136,-42.23768],[173.35707,-42.23666],[173.35633,-42.23749],[173.35694,-42.239],[173.35596,-42.24171],[173.35114,-42.24271],[173.34817,-42.24051],[173.34434,-42.23965],[173.34423,-42.23814],[173.34758,-42.23597],[173.34813,-42.23413],[173.34579,-42.22889],[173.34155,-42.2279],[173.33994,-42.22875],[173.33922,-42.23017],[173.33992,-42.23333],[173.33752,-42.23639],[173.33778,-42.24105],[173.33332,-42.24665],[173.32668,-42.24761],[173.32477,-42.24713],[173.3122,-42.25038],[173.30534,-42.24862],[173.30461,-42.2463],[173.30378,-42.24607],[173.29645,-42.24803],[173.29576,-42.2498],[173.30132,-42.25456],[173.30201,-42.2563],[173.29587,-42.26575],[173.29188,-42.26765],[173.28883,-42.27096],[173.28367,-42.27366],[173.26983,-42.28432],[173.26066,-42.28894],[173.25505,-42.29572],[173.24452,-42.3031],[173.23586,-42.30469],[173.21649,-42.31512],[173.20722,-42.31702],[173.20573,-42.32256],[173.20718,-42.33089],[173.20488,-42.33403],[173.20219,-42.33434],[173.19211,-42.33162],[173.19116,-42.33236],[173.19173,-42.33456],[173.19091,-42.33581],[173.18921,-42.33619],[173.18827,-42.33478],[173.1864,-42.33475],[173.18317,-42.3369],[173.1825,-42.3396],[173.18421,-42.34491],[173.18346,-42.3459],[173.18065,-42.3464],[173.2259,-42.34633],[173.24332,-42.35608],[173.23546,-42.35458],[173.2274,-42.35512],[173.22377,-42.35668],[173.21928,-42.36261],[173.21882,-42.36432],[173.21868,-42.36695],[173.22147,-42.37484],[173.22067,-42.3801],[173.21715,-42.38206],[173.20907,-42.38305],[173.20754,-42.38598],[173.20486,-42.38866],[173.20582,-42.3914],[173.2033,-42.39763],[173.1986,-42.40134],[173.19561,-42.40582],[173.19022,-42.41033],[173.1826,-42.41278],[173.16969,-42.41547],[173.1643,-42.41851],[173.15994,-42.42553],[173.16065,-42.43045],[173.15886,-42.43236],[173.15865,-42.43479],[173.1565,-42.43926],[173.15596,-42.44327],[173.15232,-42.4496],[173.14967,-42.45077],[173.14311,-42.45133],[173.13585,-42.45019],[173.12576,-42.45121],[173.11947,-42.45038],[173.11171,-42.44594],[173.10998,-42.44728],[173.10625,-42.44768],[173.10525,-42.45105],[173.10026,-42.45839],[173.09581,-42.46075],[173.08754,-42.46165],[173.08313,-42.46019],[173.0761,-42.46092],[173.0756,-42.46281],[173.07713,-42.46542],[173.07664,-42.46822],[173.07439,-42.47104],[173.07363,-42.47393],[173.07047,-42.47725],[173.06922,-42.48069],[173.05952,-42.48496],[173.05693,-42.48719],[173.0538,-42.48812],[173.04901,-42.48752],[173.03579,-42.48347],[173.03502,-42.47831],[173.03931,-42.47084],[173.03308,-42.46517],[173.03395,-42.46062],[173.03334,-42.45829],[173.02482,-42.45322],[173.02109,-42.44988],[173.01449,-42.44629],[173.00768,-42.44587],[173.00542,-42.44721],[173.0014,-42.45156],[172.99922,-42.45238],[172.98648,-42.45073],[172.98228,-42.45198],[172.97147,-42.44852],[172.96953,-42.44868],[172.97221,-42.44704],[172.9749,-42.44368],[172.97583,-42.43971],[172.97474,-42.43711],[172.97643,-42.4335],[172.98243,-42.43402],[172.98332,-42.43335],[172.98651,-42.42496],[172.98467,-42.41939],[172.98972,-42.41381],[172.99313,-42.40348],[173.00104,-42.39954],[173.0023,-42.39718],[173.00289,-42.39328],[172.99824,-42.39358],[172.98806,-42.39163],[172.97833,-42.39572],[172.97446,-42.39535],[172.96855,-42.39317],[172.94139,-42.37783],[172.94132,-42.37694],[172.9386,-42.37458],[172.93823,-42.373],[172.94108,-42.36776],[172.94085,-42.35955],[172.94335,-42.35416],[172.94375,-42.35119],[172.92487,-42.35048],[172.91956,-42.34581],[172.91873,-42.34006],[172.91957,-42.33611],[172.91816,-42.32964],[172.92203,-42.32578],[172.91727,-42.31798],[172.91752,-42.31526],[172.91497,-42.30928],[172.91283,-42.3082],[172.90733,-42.30827],[172.89929,-42.31097],[172.89588,-42.31461],[172.8935,-42.31349],[172.89121,-42.31035],[172.88943,-42.30991],[172.88233,-42.31179],[172.87964,-42.31329],[172.87359,-42.31391],[172.86952,-42.31767],[172.85534,-42.31026],[172.85184,-42.30989],[172.84688,-42.30794],[172.84328,-42.29836],[172.84288,-42.29528],[172.84354,-42.29334],[172.84225,-42.28959],[172.8443,-42.28702],[172.84474,-42.28437],[172.85094,-42.28219],[172.85276,-42.27557],[172.85447,-42.27408],[172.857,-42.27333],[172.85924,-42.26995],[172.86148,-42.26589],[172.86022,-42.26187],[172.86137,-42.25921],[172.8609,-42.25724],[172.86346,-42.25624],[172.8589,-42.25528],[172.85346,-42.25283],[172.82656,-42.24823],[172.82517,-42.24147],[172.82614,-42.23814],[172.82421,-42.23473],[172.82559,-42.23303],[172.82542,-42.22952],[172.82229,-42.22358],[172.82268,-42.20866],[172.82315,-42.205],[172.82512,-42.20252],[172.82976,-42.2013],[172.83144,-42.19901],[172.83235,-42.19275],[172.8344,-42.19011],[172.83263,-42.18779],[172.83205,-42.18446],[172.82839,-42.18296],[172.821,-42.18266],[172.81834,-42.18433],[172.81487,-42.18518],[172.8104,-42.18928],[172.80886,-42.18987],[172.80695,-42.18947],[172.80034,-42.18495],[172.79577,-42.1796],[172.7962,-42.17699],[172.79492,-42.17427],[172.79485,-42.17141],[172.79912,-42.16474],[172.79588,-42.16359],[172.79379,-42.16171],[172.78568,-42.16252],[172.78145,-42.16748],[172.777,-42.16691],[172.77301,-42.16837],[172.75919,-42.17038],[172.75778,-42.17134],[172.75405,-42.17065],[172.74955,-42.17237],[172.74346,-42.16785],[172.73546,-42.16752],[172.73006,-42.16581],[172.72164,-42.1587],[172.72001,-42.15473],[172.72047,-42.15201],[172.71885,-42.14908],[172.71876,-42.13961],[172.71971,-42.13804],[172.72601,-42.13471],[172.72262,-42.12761],[172.72485,-42.12226],[172.7187,-42.1151],[172.71859,-42.11278],[172.72155,-42.10276],[172.72742,-42.09447],[172.72721,-42.09155],[172.72346,-42.08223],[172.72605,-42.0782],[172.72551,-42.07408],[172.72842,-42.07258],[172.73155,-42.06961],[172.7319,-42.06434],[172.7353,-42.0579],[172.73314,-42.05662],[172.73148,-42.05354],[172.7327,-42.04988],[172.73237,-42.04408],[172.73401,-42.0406],[172.733,-42.03451],[172.7361,-42.03412],[172.73909,-42.03199],[172.7462,-42.03371],[172.75025,-42.03265],[172.75679,-42.03617],[172.76398,-42.02634],[172.77296,-42.02255],[172.77387,-42.0205],[172.77981,-42.01481],[172.78332,-42.00892],[172.78199,-42.00758],[172.78142,-42.00444],[172.77816,-42.00221],[172.77884,-41.99829],[172.78719,-41.99167],[172.78826,-41.99136],[172.79165,-41.99263],[172.79655,-41.98962],[172.79912,-41.98686],[172.80207,-41.9861],[172.80311,-41.98492],[172.80383,-41.98156],[172.80696,-41.97704],[172.8093,-41.97511],[172.80874,-41.97118],[172.81166,-41.96446],[172.81035,-41.96133],[172.80802,-41.95912],[172.80806,-41.95813],[172.8146,-41.95451],[172.81907,-41.95313],[172.82222,-41.95081],[172.83723,-41.94714],[172.84646,-41.9432],[172.84888,-41.93982],[172.84878,-41.93653],[172.85013,-41.93204],[172.85293,-41.92736],[172.85502,-41.92538],[172.86111,-41.92247],[172.86232,-41.91972],[172.86177,-41.91611],[172.863,-41.91246],[172.8643,-41.91102],[172.86463,-41.90786],[172.86003,-41.89755],[172.85317,-41.89473],[172.85189,-41.89192],[172.84472,-41.89089],[172.84479,-41.8844],[172.84691,-41.87946],[172.84648,-41.87657],[172.84757,-41.87429],[172.85086,-41.87142],[172.85557,-41.86964],[172.85924,-41.8668],[172.86144,-41.86674],[172.86441,-41.86878],[172.86782,-41.86638],[172.869,-41.85923],[172.86806,-41.85519],[172.87261,-41.85028],[172.87254,-41.84396],[172.87597,-41.84018],[172.88048,-41.8322],[172.88949,-41.82109],[172.891,-41.81821],[172.89691,-41.8162],[172.90085,-41.81253],[172.90781,-41.80871],[172.91725,-41.79834],[172.92631,-41.79386],[172.92996,-41.78739],[172.93875,-41.78475],[172.94568,-41.78093],[172.94151,-41.77227],[172.93906,-41.77258],[172.94449,-41.76941],[172.94439,-41.76609],[172.9358,-41.77009],[172.93632,-41.77121],[172.93575,-41.77129],[172.93574,-41.76971],[172.93306,-41.76918],[172.93298,-41.76186],[172.92624,-41.75773],[172.92668,-41.75045],[172.92604,-41.74841],[172.93062,-41.74381],[172.94244,-41.74883],[172.94576,-41.74881],[172.94981,-41.75018],[172.95789,-41.74952],[172.96398,-41.74432],[173.00379,-41.7248],[173.05738,-41.66846],[173.05811,-41.66565],[173.05722,-41.6637],[173.05822,-41.66061],[173.05397,-41.65194],[173.05534,-41.64602],[173.05368,-41.6431],[173.05358,-41.63774],[173.05396,-41.63629],[173.05816,-41.63175],[173.05843,-41.62988],[173.05756,-41.62792],[173.0587,-41.62574],[173.06702,-41.62356],[173.0756,-41.62533],[173.08039,-41.62417],[173.08423,-41.62513],[173.08926,-41.62415],[173.09882,-41.61774],[173.10182,-41.61186],[173.10343,-41.61029],[173.12148,-41.60802],[173.12574,-41.60332],[173.12913,-41.59194],[173.13206,-41.58971],[173.134,-41.58889],[173.13956,-41.59012],[173.14662,-41.58659],[173.15161,-41.58547],[173.15381,-41.58229],[173.15452,-41.57905],[173.15471,-41.57503],[173.15354,-41.57321],[173.15544,-41.56991],[173.15517,-41.56827],[173.15939,-41.56503],[173.16029,-41.5611],[173.16344,-41.5557],[173.16551,-41.54982],[173.16971,-41.54803],[173.1746,-41.54237],[173.17386,-41.53917],[173.1687,-41.53115],[173.16955,-41.52817],[173.17244,-41.52409],[173.1746,-41.52589],[173.17839,-41.52727],[173.1831,-41.52751],[173.18627,-41.52881],[173.18924,-41.52736],[173.19358,-41.52737],[173.19641,-41.52608],[173.1987,-41.52304],[173.20367,-41.52026],[173.2156,-41.51823],[173.22075,-41.519],[173.22463,-41.51869],[173.2301,-41.52059],[173.23386,-41.51958],[173.23769,-41.52274],[173.24581,-41.52317],[173.24927,-41.52449],[173.2523,-41.52382],[173.2553,-41.52115],[173.26418,-41.52191],[173.27004,-41.51915],[173.27946,-41.5165],[173.28378,-41.51692],[173.28712,-41.51826],[173.29852,-41.51573],[173.30014,-41.51265],[173.30395,-41.50868],[173.30415,-41.50603],[173.29677,-41.50108],[173.28885,-41.49327],[173.28204,-41.49199],[173.27467,-41.4888],[173.27366,-41.48763],[173.27337,-41.48483],[173.26845,-41.4798],[173.26264,-41.47637],[173.2563,-41.46902],[173.25083,-41.46658],[173.25371,-41.46267],[173.26063,-41.45789],[173.26024,-41.45455],[173.26271,-41.45213],[173.26472,-41.45077],[173.2711,-41.45014],[173.27354,-41.44895],[173.27637,-41.43951],[173.28192,-41.4371],[173.28349,-41.43354],[173.28834,-41.43132],[173.29485,-41.42564],[173.2889,-41.4172],[173.28993,-41.41587],[173.28958,-41.41423],[173.2854,-41.40544],[173.28611,-41.40459],[173.28501,-41.4027],[173.28613,-41.40114],[173.28846,-41.4005],[173.29756,-41.39307],[173.30461,-41.39334],[173.30834,-41.39094],[173.3175,-41.38937],[173.32167,-41.38695],[173.33752,-41.38554],[173.3394,-41.38361],[173.34055,-41.37838],[173.3442,-41.37586],[173.34585,-41.37222],[173.35721,-41.36095],[173.36075,-41.3532],[173.376,-41.34234],[173.39397,-41.33673],[173.40679,-41.33096],[173.41476,-41.32306],[173.41747,-41.31749],[173.41647,-41.31567],[173.41664,-41.31345],[173.41994,-41.31062],[173.42077,-41.30843],[173.4191,-41.30518],[173.41927,-41.30194],[173.42099,-41.29977],[173.41551,-41.28878],[173.42671,-41.28098],[173.43133,-41.27609],[173.43691,-41.27294],[173.44015,-41.26943],[173.44166,-41.26428],[173.44636,-41.26077],[173.45574,-41.25605],[173.45956,-41.25273],[173.46048,-41.25018],[173.46368,-41.24876],[173.47115,-41.2428],[173.47232,-41.23951],[173.47272,-41.23405],[173.47617,-41.22894],[173.48338,-41.22587],[173.48774,-41.22161],[173.49485,-41.21896],[173.50401,-41.21766],[173.50714,-41.21551],[173.5128,-41.2152],[173.5158,-41.2139],[173.51924,-41.21046],[173.52037,-41.20664],[173.52201,-41.20663],[173.5201,-41.19998],[173.52233,-41.19829],[173.53429,-41.19588],[173.5376,-41.19279],[173.54032,-41.19269],[173.54391,-41.18979],[173.54919,-41.19136],[173.55359,-41.19051],[173.55699,-41.19173],[173.55819,-41.18978],[173.5625,-41.191],[173.56738,-41.19004],[173.56913,-41.18888],[173.56906,-41.18695],[173.57113,-41.18646],[173.57283,-41.18406],[173.57442,-41.18372],[173.57428,-41.18044],[173.57634,-41.17142],[173.57872,-41.16619],[173.57998,-41.16414],[173.58091,-41.16398],[173.58054,-41.16071],[173.57928,-41.15929],[173.58131,-41.15532],[173.57823,-41.15169],[173.5784,-41.15053],[173.58146,-41.14839],[173.58185,-41.14659],[173.58161,-41.14507],[173.57998,-41.14313],[173.57991,-41.13782],[173.57857,-41.13594],[173.5808,-41.13132],[173.58072,-41.12781],[173.5791,-41.12406],[173.57986,-41.1208],[173.58344,-41.11885],[173.58547,-41.11451],[173.59001,-41.10845],[173.59017,-41.10731],[173.5873,-41.10386],[173.58821,-41.10011],[173.59656,-41.08931],[173.5939,-41.08035],[173.59191,-41.07837],[173.59561,-41.07516],[173.59862,-41.07111],[173.59872,-41.06796],[173.59662,-41.06575],[173.59612,-41.06329],[173.59703,-41.05808],[173.50067,-40.86287],[173.50305,-40.85845],[173.50507,-40.84751],[173.50919,-40.83278],[173.51864,-40.80652],[173.52048,-40.7958],[173.52408,-40.78197],[173.53098,-40.76353],[173.53579,-40.7533],[173.54442,-40.73854],[173.56515,-40.70963],[173.57277,-40.70045],[173.58258,-40.67875],[173.595,-40.65901],[173.6144,-40.6359],[173.63598,-40.6165],[173.65633,-40.60201],[173.6803,-40.58833],[173.69491,-40.57753],[173.71364,-40.56597],[173.73864,-40.55346],[173.77139,-40.54124],[173.79259,-40.5279],[173.82241,-40.51331],[173.8433,-40.50007],[173.87405,-40.48518],[173.89029,-40.47902],[173.91558,-40.47126],[173.94031,-40.46599],[173.95762,-40.4633],[173.98195,-40.46124],[174.0164,-40.46121],[174.04322,-40.46362],[174.07068,-40.46827],[174.09871,-40.47561],[174.12695,-40.48594],[174.1488,-40.49629],[174.17239,-40.5102],[174.18897,-40.52207],[174.2075,-40.53766],[174.22664,-40.55725],[174.23791,-40.57111],[174.25025,-40.58998],[174.26096,-40.61231],[174.26685,-40.63012],[174.26969,-40.64339],[174.27151,-40.65674],[174.28584,-40.67375],[174.2979,-40.692],[174.30746,-40.71078],[174.31459,-40.73049],[174.3328,-40.7437],[174.34684,-40.75594],[174.36139,-40.77093],[174.37297,-40.78551],[174.39232,-40.78844],[174.42028,-40.79486],[174.44486,-40.80284],[174.46951,-40.81301],[174.49069,-40.82418],[174.51203,-40.83807],[174.53099,-40.8532],[174.54255,-40.86426],[174.55769,-40.87031],[174.57334,-40.87782],[174.59112,-40.88778],[174.60348,-40.89586],[174.55916,-41.02419],[174.53968,-41.10539]]]}},{"type":"Feature","id":"99","properties":{"regionId":"99","name":"Area Outside Region","labelPoint":{"longitude":-176.41616,"latitude":-43.98446},"sourceField":"REGC_code","sourceNameField":"REGC_name"},"geometry":{"type":"MultiPolygon","coordinates":[[[[-176.37463,-43.55501],[-176.361,-43.55759],[-176.3424,-43.55297],[-176.3234,-43.54929],[-176.3041,-43.54658],[-176.28459,-43.54486],[-176.24531,-43.54439],[-176.20632,-43.54788],[-176.18717,-43.5511],[-176.16837,-43.55528],[-176.15001,-43.5604],[-176.13219,-43.56643],[-176.11499,-43.57335],[-176.09848,-43.58113],[-176.08276,-43.58972],[-176.0679,-43.59908],[-176.05397,-43.60918],[-176.04103,-43.61995],[-176.02916,-43.63135],[-176.0184,-43.64333],[-176.00882,-43.65582],[-176.00046,-43.66876],[-175.99336,-43.6821],[-175.98756,-43.69576],[-175.98308,-43.70968],[-175.97994,-43.72379],[-175.97818,-43.73803],[-175.97778,-43.75232],[-175.97959,-43.77263],[-175.96276,-43.76388],[-175.94513,-43.756],[-175.92679,-43.74902],[-175.90783,-43.74298],[-175.88833,-43.73792],[-175.8684,-43.73385],[-175.84813,-43.73079],[-175.82761,-43.72877],[-175.80695,-43.72778],[-175.78609,-43.72786],[-175.7656,-43.72893],[-175.74511,-43.73107],[-175.72487,-43.73424],[-175.70498,-43.73842],[-175.68554,-43.74359],[-175.66664,-43.74972],[-175.64837,-43.7568],[-175.63082,-43.76478],[-175.61408,-43.77362],[-175.59823,-43.78329],[-175.58334,-43.79373],[-175.56948,-43.8049],[-175.55673,-43.81674],[-175.54515,-43.82919],[-175.53479,-43.8422],[-175.52571,-43.8557],[-175.51794,-43.86962],[-175.51153,-43.8839],[-175.50652,-43.89847],[-175.50291,-43.91325],[-175.50075,-43.92818],[-175.50002,-43.94319],[-175.50075,-43.95819],[-175.50293,-43.97312],[-175.50654,-43.98791],[-175.51158,-44.00247],[-175.51801,-44.01675],[-175.52581,-44.03067],[-175.53494,-44.04416],[-175.54536,-44.05715],[-175.55702,-44.06959],[-175.56985,-44.08142],[-175.5838,-44.09256],[-175.59881,-44.10298],[-175.61479,-44.11261],[-175.63166,-44.12142],[-175.64936,-44.12935],[-175.66778,-44.13637],[-175.68685,-44.14245],[-175.71025,-44.14841],[-175.69345,-44.15635],[-175.67746,-44.16511],[-175.66235,-44.17465],[-175.64819,-44.18492],[-175.63506,-44.19588],[-175.62302,-44.20747],[-175.61213,-44.21964],[-175.60244,-44.23232],[-175.594,-44.24545],[-175.58686,-44.25898],[-175.58104,-44.27283],[-175.57657,-44.28693],[-175.57349,-44.30123],[-175.5718,-44.31565],[-175.57151,-44.33011],[-175.57263,-44.34456],[-175.57515,-44.35891],[-175.57907,-44.37311],[-175.58435,-44.38707],[-175.59099,-44.40073],[-175.59894,-44.41403],[-175.60817,-44.4269],[-175.61863,-44.43927],[-175.63028,-44.45109],[-175.64306,-44.46229],[-175.6569,-44.47283],[-175.67174,-44.48265],[-175.6875,-44.49171],[-175.70411,-44.49995],[-175.72149,-44.50734],[-175.73955,-44.51384],[-175.75821,-44.51942],[-175.77737,-44.52405],[-175.79693,-44.52772],[-175.81681,-44.53039],[-175.8369,-44.53206],[-175.8571,-44.53273],[-175.87732,-44.53237],[-175.89746,-44.53101],[-175.91741,-44.52864],[-175.93708,-44.52528],[-175.95638,-44.52094],[-175.9752,-44.51565],[-176.00258,-44.50588],[-176.0189,-44.52005],[-176.03657,-44.53337],[-176.0555,-44.54577],[-176.0756,-44.55719],[-176.09678,-44.56758],[-176.11893,-44.57688],[-176.14193,-44.58506],[-176.16569,-44.59206],[-176.19007,-44.59785],[-176.21496,-44.60241],[-176.24025,-44.60571],[-176.26579,-44.60774],[-176.29147,-44.60849],[-176.31717,-44.60795],[-176.34274,-44.60612],[-176.36807,-44.60302],[-176.39304,-44.59865],[-176.41751,-44.59305],[-176.44137,-44.58624],[-176.4645,-44.57825],[-176.48679,-44.56912],[-176.50813,-44.5589],[-176.5284,-44.54763],[-176.54753,-44.53538],[-176.5654,-44.5222],[-176.58194,-44.50816],[-176.59716,-44.49321],[-176.62036,-44.47412],[-176.64162,-44.45391],[-176.66085,-44.43268],[-176.67796,-44.41055],[-176.69285,-44.38761],[-176.70547,-44.36398],[-176.71735,-44.33534],[-176.75081,-44.32417],[-176.78309,-44.31135],[-176.81403,-44.29693],[-176.84348,-44.28099],[-176.87129,-44.2636],[-176.89733,-44.24486],[-176.92147,-44.22485],[-176.9436,-44.20367],[-176.9636,-44.18144],[-176.98138,-44.15825],[-176.99686,-44.13422],[-177.00996,-44.10947],[-177.01699,-44.09351],[-177.03771,-44.09518],[-177.05854,-44.0958],[-177.07938,-44.09537],[-177.10013,-44.09389],[-177.12068,-44.09137],[-177.14094,-44.08781],[-177.1608,-44.08324],[-177.18016,-44.07768],[-177.19894,-44.07116],[-177.21703,-44.0637],[-177.23436,-44.05535],[-177.25083,-44.04615],[-177.26636,-44.03614],[-177.28088,-44.02537],[-177.29432,-44.01389],[-177.30662,-44.00177],[-177.31771,-43.98905],[-177.32753,-43.97581],[-177.33605,-43.9621],[-177.34322,-43.94799],[-177.34901,-43.93356],[-177.35339,-43.91887],[-177.35634,-43.904],[-177.35785,-43.88901],[-177.3579,-43.87398],[-177.35651,-43.85899],[-177.35368,-43.84411],[-177.34942,-43.8294],[-177.34375,-43.81494],[-177.33671,-43.80081],[-177.32833,-43.78706],[-177.31866,-43.77377],[-177.30772,-43.761],[-177.2956,-43.74882],[-177.28233,-43.73727],[-177.26799,-43.72642],[-177.25265,-43.71632],[-177.23638,-43.70702],[-177.21925,-43.69857],[-177.20137,-43.69099],[-177.1828,-43.68434],[-177.15338,-43.67605],[-177.16559,-43.66552],[-177.17676,-43.6544],[-177.18682,-43.64274],[-177.19574,-43.6306],[-177.20346,-43.61804],[-177.20996,-43.60511],[-177.2152,-43.59189],[-177.21916,-43.57843],[-177.22181,-43.5648],[-177.22315,-43.55108],[-177.22317,-43.53732],[-177.22186,-43.52359],[-177.21925,-43.50996],[-177.21534,-43.4965],[-177.21015,-43.48327],[-177.20371,-43.47033],[-177.19605,-43.45775],[-177.1872,-43.44559],[-177.17722,-43.43391],[-177.16614,-43.42277],[-177.15403,-43.41221],[-177.14095,-43.40229],[-177.12695,-43.39306],[-177.11211,-43.38457],[-177.09649,-43.37684],[-177.08018,-43.36993],[-177.06325,-43.36386],[-177.02786,-43.35438],[-176.99102,-43.34856],[-176.95344,-43.34653],[-176.91583,-43.34833],[-176.89724,-43.35065],[-176.86095,-43.3581],[-176.84343,-43.36319],[-176.82417,-43.37002],[-176.7888,-43.37133],[-176.77129,-43.37333],[-176.73706,-43.37995],[-176.70441,-43.38998],[-176.67398,-43.40322],[-176.64636,-43.41941],[-176.61412,-43.44149],[-176.59431,-43.4567],[-176.576,-43.47287],[-176.55927,-43.48993],[-176.5442,-43.5078],[-176.5334,-43.52262],[-176.50695,-43.52665],[-176.48152,-43.53332],[-176.45761,-43.54249],[-176.44117,-43.55078],[-176.40769,-43.55121],[-176.37463,-43.55501]]],[[[172.06438,-34.39034],[172.02124,-34.38964],[171.98916,-34.38605],[171.95687,-34.37888],[171.92745,-34.36859],[171.91232,-34.36149],[171.89267,-34.35064],[171.88117,-34.34361],[171.86774,-34.334],[171.84642,-34.31501],[171.83566,-34.30309],[171.82663,-34.29133],[171.81586,-34.27411],[171.80664,-34.25405],[171.7895,-34.19276],[171.80164,-34.12379],[171.83025,-34.06268],[171.87693,-34.02324],[171.91961,-34.00369],[171.97621,-33.9845],[172.0373,-33.97059],[172.11425,-33.96161],[172.17661,-33.9585],[172.21717,-33.96123],[172.27361,-33.97009],[172.31842,-33.98489],[172.35461,-34.00548],[172.37654,-34.02863],[172.39286,-34.06403],[172.40189,-34.09018],[172.4081,-34.11467],[172.40715,-34.1632],[172.39799,-34.20175],[172.39133,-34.22259],[172.38499,-34.23684],[172.37679,-34.25171],[172.36587,-34.2676],[172.35655,-34.27898],[172.34488,-34.29121],[172.33293,-34.302],[172.32094,-34.31139],[172.28859,-34.33208],[172.25946,-34.34579],[172.23734,-34.35381],[172.2186,-34.35947],[172.17263,-34.37037],[172.13223,-34.38095],[172.09458,-34.38773],[172.06438,-34.39034]]]]}}]}
